make[1]: invalid --jobserver-auth string 'gmake_semaphore_19676'
make[1]: warning: jobserver unavailable: using -j1.  Add '+' to parent make rule.
D:/l4t/DKC3Recomp/generated/snesrecomp/bank00_v2.c: In function 'I_RESET_M1X1':
D:/l4t/DKC3Recomp/generated/snesrecomp/bank00_v2.c:70:3: warning: label 'L_80C4_M1X1' defined but not used [-Wunused-label]
   70 |   L_80C4_M1X1:
      |   ^~~~~~~~~~~
D:/l4t/DKC3Recomp/generated/snesrecomp/bank00_v2.c: In function 'I_NMI_M1X1':
D:/l4t/DKC3Recomp/generated/snesrecomp/bank00_v2.c:1421:3: warning: label 'L_CA45_M1X1' defined but not used [-Wunused-label]
 1421 |   L_CA45_M1X1:
      |   ^~~~~~~~~~~
D:/l4t/DKC3Recomp/generated/snesrecomp/bank00_v2.c: In function 'I_NMI_M0X0':
D:/l4t/DKC3Recomp/generated/snesrecomp/bank00_v2.c:1467:3: warning: label 'L_CA45_M0X0' defined but not used [-Wunused-label]
 1467 |   L_CA45_M0X0:
      |   ^~~~~~~~~~~
D:/l4t/DKC3Recomp/generated/snesrecomp/bank00_v2.c: In function 'I_NMI_M0X1':
D:/l4t/DKC3Recomp/generated/snesrecomp/bank00_v2.c:1513:3: warning: label 'L_CA45_M0X1' defined but not used [-Wunused-label]
 1513 |   L_CA45_M0X1:
      |   ^~~~~~~~~~~
D:/l4t/DKC3Recomp/generated/snesrecomp/bank00_v2.c: In function 'I_NMI_M1X0':
D:/l4t/DKC3Recomp/generated/snesrecomp/bank00_v2.c:1559:3: warning: label 'L_CA45_M1X0' defined but not used [-Wunused-label]
 1559 |   L_CA45_M1X0:
      |   ^~~~~~~~~~~
D:/l4t/DKC3Recomp/generated/snesrecomp/bank00_v2.c: In function 'I_IRQ_M1X1':
D:/l4t/DKC3Recomp/generated/snesrecomp/bank00_v2.c:1605:3: warning: label 'L_CA6E_M1X1' defined but not used [-Wunused-label]
 1605 |   L_CA6E_M1X1:
      |   ^~~~~~~~~~~
D:/l4t/DKC3Recomp/generated/snesrecomp/bank00_v2.c: In function 'I_IRQ_M0X0':
D:/l4t/DKC3Recomp/generated/snesrecomp/bank00_v2.c:1658:3: warning: label 'L_CA6E_M0X0' defined but not used [-Wunused-label]
 1658 |   L_CA6E_M0X0:
      |   ^~~~~~~~~~~
D:/l4t/DKC3Recomp/generated/snesrecomp/bank00_v2.c: In function 'I_IRQ_M0X1':
D:/l4t/DKC3Recomp/generated/snesrecomp/bank00_v2.c:1711:3: warning: label 'L_CA6E_M0X1' defined but not used [-Wunused-label]
 1711 |   L_CA6E_M0X1:
      |   ^~~~~~~~~~~
D:/l4t/DKC3Recomp/generated/snesrecomp/bank00_v2.c: In function 'I_IRQ_M1X0':
D:/l4t/DKC3Recomp/generated/snesrecomp/bank00_v2.c:1764:3: warning: label 'L_CA6E_M1X0' defined but not used [-Wunused-label]
 1764 |   L_CA6E_M1X0:
      |   ^~~~~~~~~~~
D:/l4t/DKC3Recomp/generated/snesrecomp/bank80_part00_v2.c: In function 'bank_80_8003_M0X0':
D:/l4t/DKC3Recomp/generated/snesrecomp/bank80_part00_v2.c:55:3: warning: label 'L_8003_M0X0' defined but not used [-Wunused-label]
   55 |   L_8003_M0X0:
      |   ^~~~~~~~~~~
D:/l4t/DKC3Recomp/generated/snesrecomp/bank80_part00_v2.c: In function 'bank_80_8006_M0X0':
D:/l4t/DKC3Recomp/generated/snesrecomp/bank80_part00_v2.c:224:3: warning: label 'L_8006_M0X0' defined but not used [-Wunused-label]
  224 |   L_8006_M0X0:
      |   ^~~~~~~~~~~
D:/l4t/DKC3Recomp/generated/snesrecomp/bank80_part00_v2.c: In function 'CODE_808009_M0X0':
D:/l4t/DKC3Recomp/generated/snesrecomp/bank80_part00_v2.c:361:3: warning: label 'L_8009_M0X0' defined but not used [-Wunused-label]
  361 |   L_8009_M0X0:
      |   ^~~~~~~~~~~
D:/l4t/DKC3Recomp/generated/snesrecomp/bank80_part00_v2.c: In function 'CODE_80800C_M0X0':
D:/l4t/DKC3Recomp/generated/snesrecomp/bank80_part00_v2.c:405:3: warning: label 'L_800C_M0X0' defined but not used [-Wunused-label]
  405 |   L_800C_M0X0:
      |   ^~~~~~~~~~~
D:/l4t/DKC3Recomp/generated/snesrecomp/bank80_part01_v2.c: In function 'CODE_808012_M0X0':
D:/l4t/DKC3Recomp/generated/snesrecomp/bank80_part01_v2.c:58:3: warning: label 'L_8012_M0X0' defined but not used [-Wunused-label]
   58 |   L_8012_M0X0:
      |   ^~~~~~~~~~~
D:/l4t/DKC3Recomp/generated/snesrecomp/bank80_part01_v2.c: In function 'CODE_808015_M0X0':
D:/l4t/DKC3Recomp/generated/snesrecomp/bank80_part01_v2.c:102:3: warning: label 'L_8015_M0X0' defined but not used [-Wunused-label]
  102 |   L_8015_M0X0:
      |   ^~~~~~~~~~~
D:/l4t/DKC3Recomp/generated/snesrecomp/bank80_part01_v2.c: In function 'CODE_808018_M0X0':
D:/l4t/DKC3Recomp/generated/snesrecomp/bank80_part01_v2.c:146:3: warning: label 'L_8018_M0X0' defined but not used [-Wunused-label]
  146 |   L_8018_M0X0:
      |   ^~~~~~~~~~~
D:/l4t/DKC3Recomp/generated/snesrecomp/bank80_part01_v2.c: In function 'CODE_80801B_M0X0':
D:/l4t/DKC3Recomp/generated/snesrecomp/bank80_part01_v2.c:190:3: warning: label 'L_801B_M0X0' defined but not used [-Wunused-label]
  190 |   L_801B_M0X0:
      |   ^~~~~~~~~~~
D:/l4t/DKC3Recomp/generated/snesrecomp/bank80_part01_v2.c: In function 'CODE_80801E_M0X0':
D:/l4t/DKC3Recomp/generated/snesrecomp/bank80_part01_v2.c:234:3: warning: label 'L_801E_M0X0' defined but not used [-Wunused-label]
  234 |   L_801E_M0X0:
      |   ^~~~~~~~~~~
D:/l4t/DKC3Recomp/generated/snesrecomp/bank80_part02_v2.c: In function 'CODE_808021_M0X0':
D:/l4t/DKC3Recomp/generated/snesrecomp/bank80_part02_v2.c:55:3: warning: label 'L_8021_M0X0' defined but not used [-Wunused-label]
   55 |   L_8021_M0X0:
      |   ^~~~~~~~~~~
D:/l4t/DKC3Recomp/generated/snesrecomp/bank80_part02_v2.c: In function 'CODE_808024_M0X0':
D:/l4t/DKC3Recomp/generated/snesrecomp/bank80_part02_v2.c:99:3: warning: label 'L_8024_M0X0' defined but not used [-Wunused-label]
   99 |   L_8024_M0X0:
      |   ^~~~~~~~~~~
D:/l4t/DKC3Recomp/generated/snesrecomp/bank80_part02_v2.c: In function 'throw_exception_wrapper_M0X0':
D:/l4t/DKC3Recomp/generated/snesrecomp/bank80_part02_v2.c:143:3: warning: label 'L_8027_M0X0' defined but not used [-Wunused-label]
  143 |   L_8027_M0X0:
      |   ^~~~~~~~~~~
D:/l4t/DKC3Recomp/generated/snesrecomp/bank80_part02_v2.c: In function 'CODE_80802A_M0X0':
D:/l4t/DKC3Recomp/generated/snesrecomp/bank80_part02_v2.c:187:3: warning: label 'L_802A_M0X0' defined but not used [-Wunused-label]
  187 |   L_802A_M0X0:
      |   ^~~~~~~~~~~
D:/l4t/DKC3Recomp/generated/snesrecomp/bank80_part03_v2.c: In function 'CODE_808030_M0X0':
D:/l4t/DKC3Recomp/generated/snesrecomp/bank80_part03_v2.c:53:3: warning: label 'L_8030_M0X0' defined but not used [-Wunused-label]
   53 |   L_8030_M0X0:
      |   ^~~~~~~~~~~
D:/l4t/DKC3Recomp/generated/snesrecomp/bank80_part03_v2.c: In function 'CODE_808033_M0X0':
D:/l4t/DKC3Recomp/generated/snesrecomp/bank80_part03_v2.c:97:3: warning: label 'L_8033_M0X0' defined but not used [-Wunused-label]
   97 |   L_8033_M0X0:
      |   ^~~~~~~~~~~
D:/l4t/DKC3Recomp/generated/snesrecomp/bank80_part03_v2.c: In function 'CODE_808036_M0X0':
D:/l4t/DKC3Recomp/generated/snesrecomp/bank80_part03_v2.c:410:3: warning: label 'L_8036_M0X0' defined but not used [-Wunused-label]
  410 |   L_8036_M0X0:
      |   ^~~~~~~~~~~
D:/l4t/DKC3Recomp/generated/snesrecomp/bank80_part03_v2.c: In function 'bank_80_803C_M0X0':
D:/l4t/DKC3Recomp/generated/snesrecomp/bank80_part03_v2.c:1171:3: warning: label 'L_803C_M0X0' defined but not used [-Wunused-label]
 1171 |   L_803C_M0X0:
      |   ^~~~~~~~~~~
D:/l4t/DKC3Recomp/generated/snesrecomp/bank80_part04_v2.c: In function 'CODE_808042_M0X0':
D:/l4t/DKC3Recomp/generated/snesrecomp/bank80_part04_v2.c:54:3: warning: label 'L_8042_M0X0' defined but not used [-Wunused-label]
   54 |   L_8042_M0X0:
      |   ^~~~~~~~~~~
D:/l4t/DKC3Recomp/generated/snesrecomp/bank80_part04_v2.c: In function 'CODE_80804B_M0X0':
D:/l4t/DKC3Recomp/generated/snesrecomp/bank80_part04_v2.c:98:3: warning: label 'L_804B_M0X0' defined but not used [-Wunused-label]
   98 |   L_804B_M0X0:
      |   ^~~~~~~~~~~
D:/l4t/DKC3Recomp/generated/snesrecomp/bank80_part04_v2.c: In function 'CODE_80804E_M0X0':
D:/l4t/DKC3Recomp/generated/snesrecomp/bank80_part04_v2.c:142:3: warning: label 'L_804E_M0X0' defined but not used [-Wunused-label]
  142 |   L_804E_M0X0:
      |   ^~~~~~~~~~~
D:/l4t/DKC3Recomp/generated/snesrecomp/bank80_part05_v2.c: In function 'CODE_808054_M0X0':
D:/l4t/DKC3Recomp/generated/snesrecomp/bank80_part05_v2.c:55:3: warning: label 'L_8054_M0X0' defined but not used [-Wunused-label]
   55 |   L_8054_M0X0:
      |   ^~~~~~~~~~~
D:/l4t/DKC3Recomp/generated/snesrecomp/bank80_part05_v2.c: In function 'CODE_80805D_M0X0':
D:/l4t/DKC3Recomp/generated/snesrecomp/bank80_part05_v2.c:99:3: warning: label 'L_805D_M0X0' defined but not used [-Wunused-label]
   99 |   L_805D_M0X0:
      |   ^~~~~~~~~~~
D:/l4t/DKC3Recomp/generated/snesrecomp/bank80_part06_v2.c: In function 'CODE_808060_M0X0':
D:/l4t/DKC3Recomp/generated/snesrecomp/bank80_part06_v2.c:55:3: warning: label 'L_8060_M0X0' defined but not used [-Wunused-label]
   55 |   L_8060_M0X0:
      |   ^~~~~~~~~~~
D:/l4t/DKC3Recomp/generated/snesrecomp/bank80_part06_v2.c: In function 'CODE_808063_M0X0':
D:/l4t/DKC3Recomp/generated/snesrecomp/bank80_part06_v2.c:197:3: warning: label 'L_8063_M0X0' defined but not used [-Wunused-label]
  197 |   L_8063_M0X0:
      |   ^~~~~~~~~~~
D:/l4t/DKC3Recomp/generated/snesrecomp/bank80_part06_v2.c: In function 'CODE_808066_M0X0':
D:/l4t/DKC3Recomp/generated/snesrecomp/bank80_part06_v2.c:339:3: warning: label 'L_8066_M0X0' defined but not used [-Wunused-label]
  339 |   L_8066_M0X0:
      |   ^~~~~~~~~~~
D:/l4t/DKC3Recomp/generated/snesrecomp/bank80_part06_v2.c: In function 'CODE_80806F_M0X0':
D:/l4t/DKC3Recomp/generated/snesrecomp/bank80_part06_v2.c:383:3: warning: label 'L_806F_M0X0' defined but not used [-Wunused-label]
  383 |   L_806F_M0X0:
      |   ^~~~~~~~~~~
D:/l4t/DKC3Recomp/generated/snesrecomp/bank80_part07_v2.c: In function 'CODE_80807B_M0X0':
D:/l4t/DKC3Recomp/generated/snesrecomp/bank80_part07_v2.c:58:3: warning: label 'L_807B_M0X0' defined but not used [-Wunused-label]
   58 |   L_807B_M0X0:
      |   ^~~~~~~~~~~
D:/l4t/DKC3Recomp/generated/snesrecomp/bank80_part07_v2.c: In function 'CODE_80807E_M0X0':
D:/l4t/DKC3Recomp/generated/snesrecomp/bank80_part07_v2.c:489:3: warning: label 'L_807E_M0X0' defined but not used [-Wunused-label]
  489 |   L_807E_M0X0:
      |   ^~~~~~~~~~~
D:/l4t/DKC3Recomp/generated/snesrecomp/bank80_part08_v2.c: In function 'CODE_808081_M0X0':
D:/l4t/DKC3Recomp/generated/snesrecomp/bank80_part08_v2.c:51:3: warning: label 'L_8081_M0X0' defined but not used [-Wunused-label]
   51 |   L_8081_M0X0:
      |   ^~~~~~~~~~~
D:/l4t/DKC3Recomp/generated/snesrecomp/bank80_part08_v2.c: In function 'CODE_80808A_M0X0':
D:/l4t/DKC3Recomp/generated/snesrecomp/bank80_part08_v2.c:241:3: warning: label 'L_808A_M0X0' defined but not used [-Wunused-label]
  241 |   L_808A_M0X0:
      |   ^~~~~~~~~~~
D:/l4t/DKC3Recomp/generated/snesrecomp/bank80_part112_v2.c: In function 'CODE_80912F_M0X0':
D:/l4t/DKC3Recomp/generated/snesrecomp/bank80_part112_v2.c:49:3: warning: label 'L_912F_M0X0' defined but not used [-Wunused-label]
   49 |   L_912F_M0X0:
      |   ^~~~~~~~~~~
D:/l4t/DKC3Recomp/generated/snesrecomp/bank80_part114_v2.c: In function 'CODE_809141_M0X0':
D:/l4t/DKC3Recomp/generated/snesrecomp/bank80_part114_v2.c:50:3: warning: label 'L_9141_M0X0' defined but not used [-Wunused-label]
   50 |   L_9141_M0X0:
      |   ^~~~~~~~~~~
D:/l4t/DKC3Recomp/generated/snesrecomp/bank80_part117_v2.c: In function 'CODE_809177_M0X0':
D:/l4t/DKC3Recomp/generated/snesrecomp/bank80_part117_v2.c:49:3: warning: label 'L_9177_M0X0' defined but not used [-Wunused-label]
   49 |   L_9177_M0X0:
      |   ^~~~~~~~~~~
D:/l4t/DKC3Recomp/generated/snesrecomp/bank80_part11a_v2.c: In function 'CODE_8091A9_M0X0':
D:/l4t/DKC3Recomp/generated/snesrecomp/bank80_part11a_v2.c:51:3: warning: label 'L_91A9_M0X0' defined but not used [-Wunused-label]
   51 |   L_91A9_M0X0:
      |   ^~~~~~~~~~~
D:/l4t/DKC3Recomp/generated/snesrecomp/bank80_part11b_v2.c: In function 'CODE_8091B0_M0X0':
D:/l4t/DKC3Recomp/generated/snesrecomp/bank80_part11b_v2.c:52:3: warning: label 'L_91B0_M0X0' defined but not used [-Wunused-label]
   52 |   L_91B0_M0X0:
      |   ^~~~~~~~~~~
D:/l4t/DKC3Recomp/generated/snesrecomp/bank80_part11c_v2.c: In function 'CODE_8091CB_M0X0':
D:/l4t/DKC3Recomp/generated/snesrecomp/bank80_part11c_v2.c:49:3: warning: label 'L_91CB_M0X0' defined but not used [-Wunused-label]
   49 |   L_91CB_M0X0:
      |   ^~~~~~~~~~~
D:/l4t/DKC3Recomp/generated/snesrecomp/bank80_part11e_v2.c: In function 'CODE_8091EC_M0X0':
D:/l4t/DKC3Recomp/generated/snesrecomp/bank80_part11e_v2.c:49:3: warning: label 'L_91EC_M0X0' defined but not used [-Wunused-label]
   49 |   L_91EC_M0X0:
      |   ^~~~~~~~~~~
D:/l4t/DKC3Recomp/generated/snesrecomp/bank80_part120_v2.c: In function 'CODE_80920D_M0X0':
D:/l4t/DKC3Recomp/generated/snesrecomp/bank80_part120_v2.c:51:3: warning: label 'L_920D_M0X0' defined but not used [-Wunused-label]
   51 |   L_920D_M0X0:
      |   ^~~~~~~~~~~
D:/l4t/DKC3Recomp/generated/snesrecomp/bank80_part12e_v2.c: In function 'CODE_8092EB_M0X0':
D:/l4t/DKC3Recomp/generated/snesrecomp/bank80_part12e_v2.c:51:3: warning: label 'L_92EB_M0X0' defined but not used [-Wunused-label]
   51 |   L_92EB_M0X0:
      |   ^~~~~~~~~~~
D:/l4t/DKC3Recomp/generated/snesrecomp/bank80_part12f_v2.c: In function 'CODE_8092F2_M0X0':
D:/l4t/DKC3Recomp/generated/snesrecomp/bank80_part12f_v2.c:49:3: warning: label 'L_92F2_M0X0' defined but not used [-Wunused-label]
   49 |   L_92F2_M0X0:
      |   ^~~~~~~~~~~
D:/l4t/DKC3Recomp/generated/snesrecomp/bank80_part139_v2.c: In function 'CODE_809399_M0X0':
D:/l4t/DKC3Recomp/generated/snesrecomp/bank80_part139_v2.c:52:3: warning: label 'L_9399_M0X0' defined but not used [-Wunused-label]
   52 |   L_9399_M0X0:
      |   ^~~~~~~~~~~
D:/l4t/DKC3Recomp/generated/snesrecomp/bank80_part139_v2.c: In function 'CODE_80939D_M0X0':
D:/l4t/DKC3Recomp/generated/snesrecomp/bank80_part139_v2.c:183:3: warning: label 'L_939D_M0X0' defined but not used [-Wunused-label]
  183 |   L_939D_M0X0:
      |   ^~~~~~~~~~~
D:/l4t/DKC3Recomp/generated/snesrecomp/bank80_part13a_v2.c: In function 'CODE_8093AD_M0X0':
D:/l4t/DKC3Recomp/generated/snesrecomp/bank80_part13a_v2.c:52:3: warning: label 'L_93AD_M0X0' defined but not used [-Wunused-label]
   52 |   L_93AD_M0X0:
      |   ^~~~~~~~~~~
D:/l4t/DKC3Recomp/generated/snesrecomp/bank80_part13b_v2.c: In function 'CODE_8093BA_M0X0':
D:/l4t/DKC3Recomp/generated/snesrecomp/bank80_part13b_v2.c:51:3: warning: label 'L_93BA_M0X0' defined but not used [-Wunused-label]
   51 |   L_93BA_M0X0:
      |   ^~~~~~~~~~~
D:/l4t/DKC3Recomp/generated/snesrecomp/bank80_part13c_v2.c: In function 'CODE_8093C7_M0X0':
D:/l4t/DKC3Recomp/generated/snesrecomp/bank80_part13c_v2.c:49:3: warning: label 'L_93C7_M0X0' defined but not used [-Wunused-label]
   49 |   L_93C7_M0X0:
      |   ^~~~~~~~~~~
D:/l4t/DKC3Recomp/generated/snesrecomp/bank80_part13f_v2.c: In function 'CODE_8093FF_M0X0':
D:/l4t/DKC3Recomp/generated/snesrecomp/bank80_part13f_v2.c:49:3: warning: label 'L_93FF_M0X0' defined but not used [-Wunused-label]
   49 |   L_93FF_M0X0:
      |   ^~~~~~~~~~~
D:/l4t/DKC3Recomp/generated/snesrecomp/bank80_part143_v2.c: In function 'CODE_809437_M0X0':
D:/l4t/DKC3Recomp/generated/snesrecomp/bank80_part143_v2.c:55:3: warning: label 'L_9437_M0X0' defined but not used [-Wunused-label]
   55 |   L_9437_M0X0:
      |   ^~~~~~~~~~~
D:/l4t/DKC3Recomp/generated/snesrecomp/bank80_part157_v2.c: In function 'CODE_80957A_M0X0':
D:/l4t/DKC3Recomp/generated/snesrecomp/bank80_part157_v2.c:50:3: warning: label 'L_957A_M0X0' defined but not used [-Wunused-label]
   50 |   L_957A_M0X0:
      |   ^~~~~~~~~~~
D:/l4t/DKC3Recomp/generated/snesrecomp/bank80_part16f_v2.c: In function 'CODE_8096FD_M0X0':
D:/l4t/DKC3Recomp/generated/snesrecomp/bank80_part16f_v2.c:49:3: warning: label 'L_96FD_M0X0' defined but not used [-Wunused-label]
   49 |   L_96FD_M0X0:
      |   ^~~~~~~~~~~
D:/l4t/DKC3Recomp/generated/snesrecomp/bank80_part170_v2.c: In function 'CODE_809709_M0X0':
D:/l4t/DKC3Recomp/generated/snesrecomp/bank80_part170_v2.c:50:3: warning: label 'L_9709_M0X0' defined but not used [-Wunused-label]
   50 |   L_9709_M0X0:
      |   ^~~~~~~~~~~
D:/l4t/DKC3Recomp/generated/snesrecomp/bank80_part173_v2.c: In function 'CODE_809731_M0X0':
D:/l4t/DKC3Recomp/generated/snesrecomp/bank80_part173_v2.c:50:3: warning: label 'L_9731_M0X0' defined but not used [-Wunused-label]
   50 |   L_9731_M0X0:
      |   ^~~~~~~~~~~
D:/l4t/DKC3Recomp/generated/snesrecomp/bank80_part173_v2.c: In function 'CODE_809734_M0X0':
D:/l4t/DKC3Recomp/generated/snesrecomp/bank80_part173_v2.c:99:3: warning: label 'L_9734_M0X0' defined but not used [-Wunused-label]
   99 |   L_9734_M0X0:
      |   ^~~~~~~~~~~
D:/l4t/DKC3Recomp/generated/snesrecomp/bank80_part194_v2.c: In function 'CODE_809947_M0X0':
D:/l4t/DKC3Recomp/generated/snesrecomp/bank80_part194_v2.c:49:3: warning: label 'L_9947_M0X0' defined but not used [-Wunused-label]
   49 |   L_9947_M0X0:
      |   ^~~~~~~~~~~
D:/l4t/DKC3Recomp/generated/snesrecomp/bank80_part195_v2.c: In function 'CODE_809953_M0X0':
D:/l4t/DKC3Recomp/generated/snesrecomp/bank80_part195_v2.c:50:3: warning: label 'L_9953_M0X0' defined but not used [-Wunused-label]
   50 |   L_9953_M0X0:
      |   ^~~~~~~~~~~
D:/l4t/DKC3Recomp/generated/snesrecomp/bank80_part19b_v2.c: In function 'CODE_8099B3_M0X0':
D:/l4t/DKC3Recomp/generated/snesrecomp/bank80_part19b_v2.c:49:3: warning: label 'L_99B3_M0X0' defined but not used [-Wunused-label]
   49 |   L_99B3_M0X0:
      |   ^~~~~~~~~~~
D:/l4t/DKC3Recomp/generated/snesrecomp/bank80_part19c_v2.c: In function 'CODE_8099C5_M0X0':
D:/l4t/DKC3Recomp/generated/snesrecomp/bank80_part19c_v2.c:51:3: warning: label 'L_99C5_M0X0' defined but not used [-Wunused-label]
   51 |   L_99C5_M0X0:
      |   ^~~~~~~~~~~
D:/l4t/DKC3Recomp/generated/snesrecomp/bank80_part1ab_v2.c: In function 'CODE_809ABD_M0X0':
D:/l4t/DKC3Recomp/generated/snesrecomp/bank80_part1ab_v2.c:49:3: warning: label 'L_9ABD_M0X0' defined but not used [-Wunused-label]
   49 |   L_9ABD_M0X0:
      |   ^~~~~~~~~~~
D:/l4t/DKC3Recomp/generated/snesrecomp/bank80_part1ac_v2.c: In function 'CODE_809ACE_M0X0':
D:/l4t/DKC3Recomp/generated/snesrecomp/bank80_part1ac_v2.c:52:3: warning: label 'L_9ACE_M0X0' defined but not used [-Wunused-label]
   52 |   L_9ACE_M0X0:
      |   ^~~~~~~~~~~
D:/l4t/DKC3Recomp/generated/snesrecomp/bank80_part1b3_v2.c: In function 'CODE_809B38_M0X0':
D:/l4t/DKC3Recomp/generated/snesrecomp/bank80_part1b3_v2.c:52:3: warning: label 'L_9B38_M0X0' defined but not used [-Wunused-label]
   52 |   L_9B38_M0X0:
      |   ^~~~~~~~~~~
D:/l4t/DKC3Recomp/generated/snesrecomp/bank80_part1c7_v2.c: In function 'CODE_809C77_M0X0':
D:/l4t/DKC3Recomp/generated/snesrecomp/bank80_part1c7_v2.c:49:3: warning: label 'L_9C77_M0X0' defined but not used [-Wunused-label]
   49 |   L_9C77_M0X0:
      |   ^~~~~~~~~~~
D:/l4t/DKC3Recomp/generated/snesrecomp/bank80_part1c8_v2.c: In function 'CODE_809C8B_M0X0':
D:/l4t/DKC3Recomp/generated/snesrecomp/bank80_part1c8_v2.c:49:3: warning: label 'L_9C8B_M0X0' defined but not used [-Wunused-label]
   49 |   L_9C8B_M0X0:
      |   ^~~~~~~~~~~
D:/l4t/DKC3Recomp/generated/snesrecomp/bank80_part1c_v2.c: In function 'init_registers_M0X0':
D:/l4t/DKC3Recomp/generated/snesrecomp/bank80_part1c_v2.c:49:3: warning: label 'L_81C5_M0X0' defined but not used [-Wunused-label]
   49 |   L_81C5_M0X0:
      |   ^~~~~~~~~~~
D:/l4t/DKC3Recomp/generated/snesrecomp/bank80_part1db_v2.c: In function 'CODE_809DB7_M0X0':
D:/l4t/DKC3Recomp/generated/snesrecomp/bank80_part1db_v2.c:49:3: warning: label 'L_9DB7_M0X0' defined but not used [-Wunused-label]
   49 |   L_9DB7_M0X0:
      |   ^~~~~~~~~~~
D:/l4t/DKC3Recomp/generated/snesrecomp/bank80_part1dd_v2.c: In function 'CODE_809DD0_M0X0':
D:/l4t/DKC3Recomp/generated/snesrecomp/bank80_part1dd_v2.c:49:3: warning: label 'L_9DD0_M0X0' defined but not used [-Wunused-label]
   49 |   L_9DD0_M0X0:
      |   ^~~~~~~~~~~
D:/l4t/DKC3Recomp/generated/snesrecomp/bank80_part1de_v2.c: In function 'CODE_809DE3_M0X0':
D:/l4t/DKC3Recomp/generated/snesrecomp/bank80_part1de_v2.c:51:3: warning: label 'L_9DE3_M0X0' defined but not used [-Wunused-label]
   51 |   L_9DE3_M0X0:
      |   ^~~~~~~~~~~
D:/l4t/DKC3Recomp/generated/snesrecomp/bank80_part1de_v2.c: In function 'CODE_809DEE_M0X0':
D:/l4t/DKC3Recomp/generated/snesrecomp/bank80_part1de_v2.c:184:3: warning: label 'L_9DEE_M0X0' defined but not used [-Wunused-label]
  184 |   L_9DEE_M0X0:
      |   ^~~~~~~~~~~
D:/l4t/DKC3Recomp/generated/snesrecomp/bank80_part1e0_v2.c: In function 'CODE_809E09_M0X0':
D:/l4t/DKC3Recomp/generated/snesrecomp/bank80_part1e0_v2.c:52:3: warning: label 'L_9E09_M0X0' defined but not used [-Wunused-label]
   52 |   L_9E09_M0X0:
      |   ^~~~~~~~~~~
D:/l4t/DKC3Recomp/generated/snesrecomp/bank80_part1e0_v2.c: In function 'CODE_809E0F_M0X0':
D:/l4t/DKC3Recomp/generated/snesrecomp/bank80_part1e0_v2.c:132:3: warning: label 'L_9E0F_M0X0' defined but not used [-Wunused-label]
  132 |   L_9E0F_M0X0:
      |   ^~~~~~~~~~~
D:/l4t/DKC3Recomp/generated/snesrecomp/bank80_part1e3_v2.c: In function 'CODE_809E3B_M0X0':
D:/l4t/DKC3Recomp/generated/snesrecomp/bank80_part1e3_v2.c:49:3: warning: label 'L_9E3B_M0X0' defined but not used [-Wunused-label]
   49 |   L_9E3B_M0X0:
      |   ^~~~~~~~~~~
D:/l4t/DKC3Recomp/generated/snesrecomp/bank80_part1f2_v2.c: In function 'CODE_809F29_M0X0':
D:/l4t/DKC3Recomp/generated/snesrecomp/bank80_part1f2_v2.c:49:3: warning: label 'L_9F29_M0X0' defined but not used [-Wunused-label]
   49 |   L_9F29_M0X0:
      |   ^~~~~~~~~~~
D:/l4t/DKC3Recomp/generated/snesrecomp/bank80_part1f9_v2.c: In function 'CODE_809F92_M0X0':
D:/l4t/DKC3Recomp/generated/snesrecomp/bank80_part1f9_v2.c:51:3: warning: label 'L_9F92_M0X0' defined but not used [-Wunused-label]
   51 |   L_9F92_M0X0:
      |   ^~~~~~~~~~~
D:/l4t/DKC3Recomp/generated/snesrecomp/bank80_part1fa_v2.c: In function 'CODE_809FA3_M0X0':
D:/l4t/DKC3Recomp/generated/snesrecomp/bank80_part1fa_v2.c:50:3: warning: label 'L_9FA3_M0X0' defined but not used [-Wunused-label]
   50 |   L_9FA3_M0X0:
      |   ^~~~~~~~~~~
D:/l4t/DKC3Recomp/generated/snesrecomp/bank80_part1fb_v2.c: In function 'CODE_809FBF_M0X0':
D:/l4t/DKC3Recomp/generated/snesrecomp/bank80_part1fb_v2.c:50:3: warning: label 'L_9FBF_M0X0' defined but not used [-Wunused-label]
   50 |   L_9FBF_M0X0:
      |   ^~~~~~~~~~~
D:/l4t/DKC3Recomp/generated/snesrecomp/bank80_part1fe_v2.c: In function 'CODE_809FED_M0X0':
D:/l4t/DKC3Recomp/generated/snesrecomp/bank80_part1fe_v2.c:49:3: warning: label 'L_9FED_M0X0' defined but not used [-Wunused-label]
   49 |   L_9FED_M0X0:
      |   ^~~~~~~~~~~
D:/l4t/DKC3Recomp/generated/snesrecomp/bank80_part1ff_v2.c: In function 'CODE_809FF8_M0X0':
D:/l4t/DKC3Recomp/generated/snesrecomp/bank80_part1ff_v2.c:50:3: warning: label 'L_9FF8_M0X0' defined but not used [-Wunused-label]
   50 |   L_9FF8_M0X0:
      |   ^~~~~~~~~~~
D:/l4t/DKC3Recomp/generated/snesrecomp/bank80_part20d_v2.c: In function 'CODE_80A0D7_M0X0':
D:/l4t/DKC3Recomp/generated/snesrecomp/bank80_part20d_v2.c:49:3: warning: label 'L_A0D7_M0X0' defined but not used [-Wunused-label]
   49 |   L_A0D7_M0X0:
      |   ^~~~~~~~~~~
D:/l4t/DKC3Recomp/generated/snesrecomp/bank80_part20f_v2.c: In function 'CODE_80A0FA_M0X0':
D:/l4t/DKC3Recomp/generated/snesrecomp/bank80_part20f_v2.c:49:3: warning: label 'L_A0FA_M0X0' defined but not used [-Wunused-label]
   49 |   L_A0FA_M0X0:
      |   ^~~~~~~~~~~
D:/l4t/DKC3Recomp/generated/snesrecomp/bank80_part211_v2.c: In function 'CODE_80A113_M0X0':
D:/l4t/DKC3Recomp/generated/snesrecomp/bank80_part211_v2.c:52:3: warning: label 'L_A113_M0X0' defined but not used [-Wunused-label]
   52 |   L_A113_M0X0:
      |   ^~~~~~~~~~~
D:/l4t/DKC3Recomp/generated/snesrecomp/bank80_part216_v2.c: In function 'CODE_80A166_M0X0':
D:/l4t/DKC3Recomp/generated/snesrecomp/bank80_part216_v2.c:49:3: warning: label 'L_A166_M0X0' defined but not used [-Wunused-label]
   49 |   L_A166_M0X0:
      |   ^~~~~~~~~~~
D:/l4t/DKC3Recomp/generated/snesrecomp/bank80_part217_v2.c: In function 'CODE_80A177_M0X0':
D:/l4t/DKC3Recomp/generated/snesrecomp/bank80_part217_v2.c:49:3: warning: label 'L_A177_M0X0' defined but not used [-Wunused-label]
   49 |   L_A177_M0X0:
      |   ^~~~~~~~~~~
D:/l4t/DKC3Recomp/generated/snesrecomp/bank80_part218_v2.c: In function 'CODE_80A188_M0X0':
D:/l4t/DKC3Recomp/generated/snesrecomp/bank80_part218_v2.c:51:3: warning: label 'L_A188_M0X0' defined but not used [-Wunused-label]
   51 |   L_A188_M0X0:
      |   ^~~~~~~~~~~
D:/l4t/DKC3Recomp/generated/snesrecomp/bank80_part225_v2.c: In function 'CODE_80A257_M0X0':
D:/l4t/DKC3Recomp/generated/snesrecomp/bank80_part225_v2.c:49:3: warning: label 'L_A257_M0X0' defined but not used [-Wunused-label]
   49 |   L_A257_M0X0:
      |   ^~~~~~~~~~~
D:/l4t/DKC3Recomp/generated/snesrecomp/bank80_part226_v2.c: In function 'CODE_80A26D_M0X0':
D:/l4t/DKC3Recomp/generated/snesrecomp/bank80_part226_v2.c:49:3: warning: label 'L_A26D_M0X0' defined but not used [-Wunused-label]
   49 |   L_A26D_M0X0:
      |   ^~~~~~~~~~~
D:/l4t/DKC3Recomp/generated/snesrecomp/bank80_part228_v2.c: In function 'CODE_80A286_M0X0':
D:/l4t/DKC3Recomp/generated/snesrecomp/bank80_part228_v2.c:49:3: warning: label 'L_A286_M0X0' defined but not used [-Wunused-label]
   49 |   L_A286_M0X0:
      |   ^~~~~~~~~~~
D:/l4t/DKC3Recomp/generated/snesrecomp/bank80_part22a_v2.c: In function 'CODE_80A2A5_M0X0':
D:/l4t/DKC3Recomp/generated/snesrecomp/bank80_part22a_v2.c:52:3: warning: label 'L_A2A5_M0X0' defined but not used [-Wunused-label]
   52 |   L_A2A5_M0X0:
      |   ^~~~~~~~~~~
D:/l4t/DKC3Recomp/generated/snesrecomp/bank80_part22a_v2.c: In function 'CODE_80A2AF_M0X0':
D:/l4t/DKC3Recomp/generated/snesrecomp/bank80_part22a_v2.c:192:3: warning: label 'L_A2AF_M0X0' defined but not used [-Wunused-label]
  192 |   L_A2AF_M0X0:
      |   ^~~~~~~~~~~
D:/l4t/DKC3Recomp/generated/snesrecomp/bank80_part22d_v2.c: In function 'CODE_80A2DE_M0X0':
D:/l4t/DKC3Recomp/generated/snesrecomp/bank80_part22d_v2.c:51:3: warning: label 'L_A2DE_M0X0' defined but not used [-Wunused-label]
   51 |   L_A2DE_M0X0:
      |   ^~~~~~~~~~~
D:/l4t/DKC3Recomp/generated/snesrecomp/bank80_part232_v2.c: In function 'CODE_80A324_M0X0':
D:/l4t/DKC3Recomp/generated/snesrecomp/bank80_part232_v2.c:50:3: warning: label 'L_A324_M0X0' defined but not used [-Wunused-label]
   50 |   L_A324_M0X0:
      |   ^~~~~~~~~~~
D:/l4t/DKC3Recomp/generated/snesrecomp/bank80_part233_v2.c: In function 'CODE_80A33F_M0X0':
D:/l4t/DKC3Recomp/generated/snesrecomp/bank80_part233_v2.c:50:3: warning: label 'L_A33F_M0X0' defined but not used [-Wunused-label]
   50 |   L_A33F_M0X0:
      |   ^~~~~~~~~~~
D:/l4t/DKC3Recomp/generated/snesrecomp/bank80_part235_v2.c: In function 'CODE_80A35A_M0X0':
D:/l4t/DKC3Recomp/generated/snesrecomp/bank80_part235_v2.c:49:3: warning: label 'L_A35A_M0X0' defined but not used [-Wunused-label]
   49 |   L_A35A_M0X0:
      |   ^~~~~~~~~~~
D:/l4t/DKC3Recomp/generated/snesrecomp/bank80_part236_v2.c: In function 'CODE_80A366_M0X0':
D:/l4t/DKC3Recomp/generated/snesrecomp/bank80_part236_v2.c:50:3: warning: label 'L_A366_M0X0' defined but not used [-Wunused-label]
   50 |   L_A366_M0X0:
      |   ^~~~~~~~~~~
D:/l4t/DKC3Recomp/generated/snesrecomp/bank80_part236_v2.c: In function 'CODE_80A369_M0X0':
D:/l4t/DKC3Recomp/generated/snesrecomp/bank80_part236_v2.c:114:3: warning: label 'L_A369_M0X0' defined but not used [-Wunused-label]
  114 |   L_A369_M0X0:
      |   ^~~~~~~~~~~
D:/l4t/DKC3Recomp/generated/snesrecomp/bank80_part23c_v2.c: In function 'CODE_80A3C3_M0X0':
D:/l4t/DKC3Recomp/generated/snesrecomp/bank80_part23c_v2.c:51:3: warning: label 'L_A3C3_M0X0' defined but not used [-Wunused-label]
   51 |   L_A3C3_M0X0:
      |   ^~~~~~~~~~~
D:/l4t/DKC3Recomp/generated/snesrecomp/bank80_part23d_v2.c: In function 'CODE_80A3D8_M0X0':
D:/l4t/DKC3Recomp/generated/snesrecomp/bank80_part23d_v2.c:51:3: warning: label 'L_A3D8_M0X0' defined but not used [-Wunused-label]
   51 |   L_A3D8_M0X0:
      |   ^~~~~~~~~~~
D:/l4t/DKC3Recomp/generated/snesrecomp/bank80_part23e_v2.c: In function 'CODE_80A3E9_M0X0':
D:/l4t/DKC3Recomp/generated/snesrecomp/bank80_part23e_v2.c:49:3: warning: label 'L_A3E9_M0X0' defined but not used [-Wunused-label]
   49 |   L_A3E9_M0X0:
      |   ^~~~~~~~~~~
D:/l4t/DKC3Recomp/generated/snesrecomp/bank80_part241_v2.c: In function 'CODE_80A417_M0X0':
D:/l4t/DKC3Recomp/generated/snesrecomp/bank80_part241_v2.c:50:3: warning: label 'L_A417_M0X0' defined but not used [-Wunused-label]
   50 |   L_A417_M0X0:
      |   ^~~~~~~~~~~
D:/l4t/DKC3Recomp/generated/snesrecomp/bank80_part243_v2.c: In function 'CODE_80A439_M0X0':
D:/l4t/DKC3Recomp/generated/snesrecomp/bank80_part243_v2.c:49:3: warning: label 'L_A439_M0X0' defined but not used [-Wunused-label]
   49 |   L_A439_M0X0:
      |   ^~~~~~~~~~~
D:/l4t/DKC3Recomp/generated/snesrecomp/bank80_part245_v2.c: In function 'CODE_80A453_M0X0':
D:/l4t/DKC3Recomp/generated/snesrecomp/bank80_part245_v2.c:49:3: warning: label 'L_A453_M0X0' defined but not used [-Wunused-label]
   49 |   L_A453_M0X0:
      |   ^~~~~~~~~~~
D:/l4t/DKC3Recomp/generated/snesrecomp/bank80_part246_v2.c: In function 'CODE_80A465_M0X0':
D:/l4t/DKC3Recomp/generated/snesrecomp/bank80_part246_v2.c:50:3: warning: label 'L_A465_M0X0' defined but not used [-Wunused-label]
   50 |   L_A465_M0X0:
      |   ^~~~~~~~~~~
D:/l4t/DKC3Recomp/generated/snesrecomp/bank80_part249_v2.c: In function 'CODE_80A498_M0X0':
D:/l4t/DKC3Recomp/generated/snesrecomp/bank80_part249_v2.c:49:3: warning: label 'L_A498_M0X0' defined but not used [-Wunused-label]
   49 |   L_A498_M0X0:
      |   ^~~~~~~~~~~
D:/l4t/DKC3Recomp/generated/snesrecomp/bank80_part24f_v2.c: In function 'CODE_80A4F8_M0X0':
D:/l4t/DKC3Recomp/generated/snesrecomp/bank80_part24f_v2.c:49:3: warning: label 'L_A4F8_M0X0' defined but not used [-Wunused-label]
   49 |   L_A4F8_M0X0:
      |   ^~~~~~~~~~~
D:/l4t/DKC3Recomp/generated/snesrecomp/bank80_part252_v2.c: In function 'CODE_80A52C_M0X0':
D:/l4t/DKC3Recomp/generated/snesrecomp/bank80_part252_v2.c:50:3: warning: label 'L_A52C_M0X0' defined but not used [-Wunused-label]
   50 |   L_A52C_M0X0:
      |   ^~~~~~~~~~~
D:/l4t/DKC3Recomp/generated/snesrecomp/bank80_part254_v2.c: In function 'CODE_80A547_M0X0':
D:/l4t/DKC3Recomp/generated/snesrecomp/bank80_part254_v2.c:50:3: warning: label 'L_A547_M0X0' defined but not used [-Wunused-label]
   50 |   L_A547_M0X0:
      |   ^~~~~~~~~~~
D:/l4t/DKC3Recomp/generated/snesrecomp/bank80_part258_v2.c: In function 'CODE_80A58C_M0X0':
D:/l4t/DKC3Recomp/generated/snesrecomp/bank80_part258_v2.c:50:3: warning: label 'L_A58C_M0X0' defined but not used [-Wunused-label]
   50 |   L_A58C_M0X0:
      |   ^~~~~~~~~~~
D:/l4t/DKC3Recomp/generated/snesrecomp/bank80_part259_v2.c: In function 'CODE_80A59E_M0X0':
D:/l4t/DKC3Recomp/generated/snesrecomp/bank80_part259_v2.c:50:3: warning: label 'L_A59E_M0X0' defined but not used [-Wunused-label]
   50 |   L_A59E_M0X0:
      |   ^~~~~~~~~~~
D:/l4t/DKC3Recomp/generated/snesrecomp/bank80_part25_v2.c: In function 'init_registers_global_M0X0':
D:/l4t/DKC3Recomp/generated/snesrecomp/bank80_part25_v2.c:51:3: warning: label 'L_8258_M0X0' defined but not used [-Wunused-label]
   51 |   L_8258_M0X0:
      |   ^~~~~~~~~~~
D:/l4t/DKC3Recomp/generated/snesrecomp/bank80_part25_v2.c: In function 'clear_VRAM_M0X0':
D:/l4t/DKC3Recomp/generated/snesrecomp/bank80_part25_v2.c:182:3: warning: label 'L_825E_M0X0' defined but not used [-Wunused-label]
  182 |   L_825E_M0X0:
      |   ^~~~~~~~~~~
D:/l4t/DKC3Recomp/generated/snesrecomp/bank80_part25c_v2.c: In function 'CODE_80A5C4_M0X0':
D:/l4t/DKC3Recomp/generated/snesrecomp/bank80_part25c_v2.c:50:3: warning: label 'L_A5C4_M0X0' defined but not used [-Wunused-label]
   50 |   L_A5C4_M0X0:
      |   ^~~~~~~~~~~
D:/l4t/DKC3Recomp/generated/snesrecomp/bank80_part25c_v2.c: In function 'CODE_80A5CD_M0X0':
D:/l4t/DKC3Recomp/generated/snesrecomp/bank80_part25c_v2.c:136:3: warning: label 'L_A5CD_M0X0' defined but not used [-Wunused-label]
  136 |   L_A5CD_M0X0:
      |   ^~~~~~~~~~~
D:/l4t/DKC3Recomp/generated/snesrecomp/bank80_part25d_v2.c: In function 'CODE_80A5DE_M0X0':
D:/l4t/DKC3Recomp/generated/snesrecomp/bank80_part25d_v2.c:50:3: warning: label 'L_A5DE_M0X0' defined but not used [-Wunused-label]
   50 |   L_A5DE_M0X0:
      |   ^~~~~~~~~~~
D:/l4t/DKC3Recomp/generated/snesrecomp/bank80_part25f_v2.c: In function 'CODE_80A5F3_M0X0':
D:/l4t/DKC3Recomp/generated/snesrecomp/bank80_part25f_v2.c:50:3: warning: label 'L_A5F3_M0X0' defined but not used [-Wunused-label]
   50 |   L_A5F3_M0X0:
      |   ^~~~~~~~~~~
D:/l4t/DKC3Recomp/generated/snesrecomp/bank80_part260_v2.c: In function 'CODE_80A608_M0X0':
D:/l4t/DKC3Recomp/generated/snesrecomp/bank80_part260_v2.c:49:3: warning: label 'L_A608_M0X0' defined but not used [-Wunused-label]
   49 |   L_A608_M0X0:
      |   ^~~~~~~~~~~
D:/l4t/DKC3Recomp/generated/snesrecomp/bank80_part269_v2.c: In function 'CODE_80A697_M0X0':
D:/l4t/DKC3Recomp/generated/snesrecomp/bank80_part269_v2.c:50:3: warning: label 'L_A697_M0X0' defined but not used [-Wunused-label]
   50 |   L_A697_M0X0:
      |   ^~~~~~~~~~~
D:/l4t/DKC3Recomp/generated/snesrecomp/bank80_part26a_v2.c: In function 'CODE_80A6A9_M0X0':
D:/l4t/DKC3Recomp/generated/snesrecomp/bank80_part26a_v2.c:50:3: warning: label 'L_A6A9_M0X0' defined but not used [-Wunused-label]
   50 |   L_A6A9_M0X0:
      |   ^~~~~~~~~~~
D:/l4t/DKC3Recomp/generated/snesrecomp/bank80_part272_v2.c: In function 'CODE_80A729_M0X0':
D:/l4t/DKC3Recomp/generated/snesrecomp/bank80_part272_v2.c:49:3: warning: label 'L_A729_M0X0' defined but not used [-Wunused-label]
   49 |   L_A729_M0X0:
      |   ^~~~~~~~~~~
D:/l4t/DKC3Recomp/generated/snesrecomp/bank80_part27a_v2.c: In function 'CODE_80A7AA_M0X0':
D:/l4t/DKC3Recomp/generated/snesrecomp/bank80_part27a_v2.c:49:3: warning: label 'L_A7AA_M0X0' defined but not used [-Wunused-label]
   49 |   L_A7AA_M0X0:
      |   ^~~~~~~~~~~
D:/l4t/DKC3Recomp/generated/snesrecomp/bank80_part27e_v2.c: In function 'file_select_number_main_M0X0':
D:/l4t/DKC3Recomp/generated/snesrecomp/bank80_part27e_v2.c:51:3: warning: label 'L_A7EB_M0X0' defined but not used [-Wunused-label]
   51 |   L_A7EB_M0X0:
      |   ^~~~~~~~~~~
D:/l4t/DKC3Recomp/generated/snesrecomp/bank80_part27f_v2.c: In function 'file_select_number_main_state_0_M0X0':
D:/l4t/DKC3Recomp/generated/snesrecomp/bank80_part27f_v2.c:50:3: warning: label 'L_A7F2_M0X0' defined but not used [-Wunused-label]
   50 |   L_A7F2_M0X0:
      |   ^~~~~~~~~~~
D:/l4t/DKC3Recomp/generated/snesrecomp/bank80_part280_v2.c: In function 'file_select_number_main_state_1_M0X0':
D:/l4t/DKC3Recomp/generated/snesrecomp/bank80_part280_v2.c:49:3: warning: label 'L_A804_M0X0' defined but not used [-Wunused-label]
   49 |   L_A804_M0X0:
      |   ^~~~~~~~~~~
D:/l4t/DKC3Recomp/generated/snesrecomp/bank80_part284_v2.c: In function 'file_select_icon_main_M0X0':
D:/l4t/DKC3Recomp/generated/snesrecomp/bank80_part284_v2.c:55:3: warning: label 'L_A84C_M0X0' defined but not used [-Wunused-label]
   55 |   L_A84C_M0X0:
      |   ^~~~~~~~~~~
D:/l4t/DKC3Recomp/generated/snesrecomp/bank80_part285_v2.c: In function 'CODE_80A85F_M0X0':
D:/l4t/DKC3Recomp/generated/snesrecomp/bank80_part285_v2.c:51:3: warning: label 'L_A85F_M0X0' defined but not used [-Wunused-label]
   51 |   L_A85F_M0X0:
      |   ^~~~~~~~~~~
D:/l4t/DKC3Recomp/generated/snesrecomp/bank80_part286_v2.c: In function 'CODE_80A862_M0X0':
D:/l4t/DKC3Recomp/generated/snesrecomp/bank80_part286_v2.c:52:3: warning: label 'L_A862_M0X0' defined but not used [-Wunused-label]
   52 |   L_A862_M0X0:
      |   ^~~~~~~~~~~
D:/l4t/DKC3Recomp/generated/snesrecomp/bank80_part28_v2.c: In function 'clear_vram_global_M0X0':
D:/l4t/DKC3Recomp/generated/snesrecomp/bank80_part28_v2.c:50:3: warning: label 'L_8282_M0X0' defined but not used [-Wunused-label]
   50 |   L_8282_M0X0:
      |   ^~~~~~~~~~~
D:/l4t/DKC3Recomp/generated/snesrecomp/bank80_part28a_v2.c: In function 'CODE_80A8A5_M0X0':
D:/l4t/DKC3Recomp/generated/snesrecomp/bank80_part28a_v2.c:53:3: warning: label 'L_A8A5_M0X0' defined but not used [-Wunused-label]
   53 |   L_A8A5_M0X0:
      |   ^~~~~~~~~~~
D:/l4t/DKC3Recomp/generated/snesrecomp/bank80_part28d_v2.c: In function 'CODE_80A8DA_M0X0':
D:/l4t/DKC3Recomp/generated/snesrecomp/bank80_part28d_v2.c:53:3: warning: label 'L_A8DA_M0X0' defined but not used [-Wunused-label]
   53 |   L_A8DA_M0X0:
      |   ^~~~~~~~~~~
D:/l4t/DKC3Recomp/generated/snesrecomp/bank80_part29a_v2.c: In function 'CODE_80A9A9_M0X0':
D:/l4t/DKC3Recomp/generated/snesrecomp/bank80_part29a_v2.c:49:3: warning: label 'L_A9A9_M0X0' defined but not used [-Wunused-label]
   49 |   L_A9A9_M0X0:
      |   ^~~~~~~~~~~
D:/l4t/DKC3Recomp/generated/snesrecomp/bank80_part29b_v2.c: In function 'CODE_80A9BA_M0X0':
D:/l4t/DKC3Recomp/generated/snesrecomp/bank80_part29b_v2.c:49:3: warning: label 'L_A9BA_M0X0' defined but not used [-Wunused-label]
   49 |   L_A9BA_M0X0:
      |   ^~~~~~~~~~~
D:/l4t/DKC3Recomp/generated/snesrecomp/bank80_part29c_v2.c: In function 'CODE_80A9CB_M0X0':
D:/l4t/DKC3Recomp/generated/snesrecomp/bank80_part29c_v2.c:49:3: warning: label 'L_A9CB_M0X0' defined but not used [-Wunused-label]
   49 |   L_A9CB_M0X0:
      |   ^~~~~~~~~~~
D:/l4t/DKC3Recomp/generated/snesrecomp/bank80_part29e_v2.c: In function 'CODE_80A9EC_M0X0':
D:/l4t/DKC3Recomp/generated/snesrecomp/bank80_part29e_v2.c:49:3: warning: label 'L_A9EC_M0X0' defined but not used [-Wunused-label]
   49 |   L_A9EC_M0X0:
      |   ^~~~~~~~~~~
D:/l4t/DKC3Recomp/generated/snesrecomp/bank80_part2a0_v2.c: In function 'CODE_80AA0D_M0X0':
D:/l4t/DKC3Recomp/generated/snesrecomp/bank80_part2a0_v2.c:51:3: warning: label 'L_AA0D_M0X0' defined but not used [-Wunused-label]
   51 |   L_AA0D_M0X0:
      |   ^~~~~~~~~~~
D:/l4t/DKC3Recomp/generated/snesrecomp/bank80_part2a6_v2.c: In function 'CODE_80AA66_M0X0':
D:/l4t/DKC3Recomp/generated/snesrecomp/bank80_part2a6_v2.c:51:3: warning: label 'L_AA66_M0X0' defined but not used [-Wunused-label]
   51 |   L_AA66_M0X0:
      |   ^~~~~~~~~~~
D:/l4t/DKC3Recomp/generated/snesrecomp/bank80_part2a8_v2.c: In function 'CODE_80AA89_M0X0':
D:/l4t/DKC3Recomp/generated/snesrecomp/bank80_part2a8_v2.c:49:3: warning: label 'L_AA89_M0X0' defined but not used [-Wunused-label]
   49 |   L_AA89_M0X0:
      |   ^~~~~~~~~~~
D:/l4t/DKC3Recomp/generated/snesrecomp/bank80_part2ac_v2.c: In function 'CODE_80AAC7_M0X0':
D:/l4t/DKC3Recomp/generated/snesrecomp/bank80_part2ac_v2.c:49:3: warning: label 'L_AAC7_M0X0' defined but not used [-Wunused-label]
   49 |   L_AAC7_M0X0:
      |   ^~~~~~~~~~~
D:/l4t/DKC3Recomp/generated/snesrecomp/bank80_part2b0_v2.c: In function 'CODE_80AB05_M0X0':
D:/l4t/DKC3Recomp/generated/snesrecomp/bank80_part2b0_v2.c:49:3: warning: label 'L_AB05_M0X0' defined but not used [-Wunused-label]
   49 |   L_AB05_M0X0:
      |   ^~~~~~~~~~~
D:/l4t/DKC3Recomp/generated/snesrecomp/bank80_part2b2_v2.c: In function 'CODE_80AB28_M0X0':
D:/l4t/DKC3Recomp/generated/snesrecomp/bank80_part2b2_v2.c:49:3: warning: label 'L_AB28_M0X0' defined but not used [-Wunused-label]
   49 |   L_AB28_M0X0:
      |   ^~~~~~~~~~~
D:/l4t/DKC3Recomp/generated/snesrecomp/bank80_part2b5_v2.c: In function 'CODE_80AB50_M0X0':
D:/l4t/DKC3Recomp/generated/snesrecomp/bank80_part2b5_v2.c:52:3: warning: label 'L_AB50_M0X0' defined but not used [-Wunused-label]
   52 |   L_AB50_M0X0:
      |   ^~~~~~~~~~~
D:/l4t/DKC3Recomp/generated/snesrecomp/bank80_part2b8_v2.c: In function 'CODE_80AB82_M0X0':
D:/l4t/DKC3Recomp/generated/snesrecomp/bank80_part2b8_v2.c:54:3: warning: label 'L_AB82_M0X0' defined but not used [-Wunused-label]
   54 |   L_AB82_M0X0:
      |   ^~~~~~~~~~~
D:/l4t/DKC3Recomp/generated/snesrecomp/bank80_part2bf_v2.c: In function 'CODE_80ABFE_M0X0':
D:/l4t/DKC3Recomp/generated/snesrecomp/bank80_part2bf_v2.c:54:3: warning: label 'L_ABFE_M0X0' defined but not used [-Wunused-label]
   54 |   L_ABFE_M0X0:
      |   ^~~~~~~~~~~
D:/l4t/DKC3Recomp/generated/snesrecomp/bank80_part2c1_v2.c: In function 'CODE_80AC14_M0X0':
D:/l4t/DKC3Recomp/generated/snesrecomp/bank80_part2c1_v2.c:53:3: warning: label 'L_AC14_M0X0' defined but not used [-Wunused-label]
   53 |   L_AC14_M0X0:
      |   ^~~~~~~~~~~
D:/l4t/DKC3Recomp/generated/snesrecomp/bank80_part2c4_v2.c: In function 'CODE_80AC48_M0X0':
D:/l4t/DKC3Recomp/generated/snesrecomp/bank80_part2c4_v2.c:50:3: warning: label 'L_AC48_M0X0' defined but not used [-Wunused-label]
   50 |   L_AC48_M0X0:
      |   ^~~~~~~~~~~
D:/l4t/DKC3Recomp/generated/snesrecomp/bank80_part2c6_v2.c: In function 'CODE_80AC66_M0X0':
D:/l4t/DKC3Recomp/generated/snesrecomp/bank80_part2c6_v2.c:49:3: warning: label 'L_AC66_M0X0' defined but not used [-Wunused-label]
   49 |   L_AC66_M0X0:
      |   ^~~~~~~~~~~
D:/l4t/DKC3Recomp/generated/snesrecomp/bank80_part2c7_v2.c: In function 'CODE_80AC76_M0X0':
D:/l4t/DKC3Recomp/generated/snesrecomp/bank80_part2c7_v2.c:49:3: warning: label 'L_AC76_M0X0' defined but not used [-Wunused-label]
   49 |   L_AC76_M0X0:
      |   ^~~~~~~~~~~
D:/l4t/DKC3Recomp/generated/snesrecomp/bank80_part2c9_v2.c: In function 'CODE_80AC9C_M0X0':
D:/l4t/DKC3Recomp/generated/snesrecomp/bank80_part2c9_v2.c:49:3: warning: label 'L_AC9C_M0X0' defined but not used [-Wunused-label]
   49 |   L_AC9C_M0X0:
      |   ^~~~~~~~~~~
D:/l4t/DKC3Recomp/generated/snesrecomp/bank80_part2cb_v2.c: In function 'CODE_80ACBE_M0X0':
D:/l4t/DKC3Recomp/generated/snesrecomp/bank80_part2cb_v2.c:51:3: warning: label 'L_ACBE_M0X0' defined but not used [-Wunused-label]
   51 |   L_ACBE_M0X0:
      |   ^~~~~~~~~~~
D:/l4t/DKC3Recomp/generated/snesrecomp/bank80_part2d6_v2.c: In function 'CODE_80AD67_M0X0':
D:/l4t/DKC3Recomp/generated/snesrecomp/bank80_part2d6_v2.c:49:3: warning: label 'L_AD67_M0X0' defined but not used [-Wunused-label]
   49 |   L_AD67_M0X0:
      |   ^~~~~~~~~~~
D:/l4t/DKC3Recomp/generated/snesrecomp/bank80_part2db_v2.c: In function 'CODE_80ADB2_M0X0':
D:/l4t/DKC3Recomp/generated/snesrecomp/bank80_part2db_v2.c:51:3: warning: label 'L_ADB2_M0X0' defined but not used [-Wunused-label]
   51 |   L_ADB2_M0X0:
      |   ^~~~~~~~~~~
D:/l4t/DKC3Recomp/generated/snesrecomp/bank80_part2de_v2.c: In function 'play_mode_text_main_M0X0':
D:/l4t/DKC3Recomp/generated/snesrecomp/bank80_part2de_v2.c:51:3: warning: label 'L_ADE7_M0X0' defined but not used [-Wunused-label]
   51 |   L_ADE7_M0X0:
      |   ^~~~~~~~~~~
D:/l4t/DKC3Recomp/generated/snesrecomp/bank80_part2de_v2.c: In function 'play_mode_text_main_init_M0X0':
D:/l4t/DKC3Recomp/generated/snesrecomp/bank80_part2de_v2.c:129:3: warning: label 'L_ADEE_M0X0' defined but not used [-Wunused-label]
  129 |   L_ADEE_M0X0:
      |   ^~~~~~~~~~~
D:/l4t/DKC3Recomp/generated/snesrecomp/bank80_part2df_v2.c: In function 'play_mode_text_main_state_1_M0X0':
D:/l4t/DKC3Recomp/generated/snesrecomp/bank80_part2df_v2.c:49:3: warning: label 'L_ADF5_M0X0' defined but not used [-Wunused-label]
   49 |   L_ADF5_M0X0:
      |   ^~~~~~~~~~~
D:/l4t/DKC3Recomp/generated/snesrecomp/bank80_part2e_v2.c: In function 'bank_80_82EC_M0X0':
D:/l4t/DKC3Recomp/generated/snesrecomp/bank80_part2e_v2.c:52:3: warning: label 'L_82EC_M0X0' defined but not used [-Wunused-label]
   52 |   L_82EC_M0X0:
      |   ^~~~~~~~~~~
D:/l4t/DKC3Recomp/generated/snesrecomp/bank80_part304_v2.c: In function 'CODE_80B040_M0X0':
D:/l4t/DKC3Recomp/generated/snesrecomp/bank80_part304_v2.c:50:3: warning: label 'L_B040_M0X0' defined but not used [-Wunused-label]
   50 |   L_B040_M0X0:
      |   ^~~~~~~~~~~
D:/l4t/DKC3Recomp/generated/snesrecomp/bank80_part305_v2.c: In function 'CODE_80B054_M0X0':
D:/l4t/DKC3Recomp/generated/snesrecomp/bank80_part305_v2.c:49:3: warning: label 'L_B054_M0X0' defined but not used [-Wunused-label]
   49 |   L_B054_M0X0:
      |   ^~~~~~~~~~~
D:/l4t/DKC3Recomp/generated/snesrecomp/bank80_part307_v2.c: In function 'CODE_80B076_M0X0':
D:/l4t/DKC3Recomp/generated/snesrecomp/bank80_part307_v2.c:50:3: warning: label 'L_B076_M0X0' defined but not used [-Wunused-label]
   50 |   L_B076_M0X0:
      |   ^~~~~~~~~~~
D:/l4t/DKC3Recomp/generated/snesrecomp/bank80_part318_v2.c: In function 'CODE_80B18E_M0X0':
D:/l4t/DKC3Recomp/generated/snesrecomp/bank80_part318_v2.c:49:3: warning: label 'L_B18E_M0X0' defined but not used [-Wunused-label]
   49 |   L_B18E_M0X0:
      |   ^~~~~~~~~~~
D:/l4t/DKC3Recomp/generated/snesrecomp/bank80_part328_v2.c: In function 'CODE_80B28E_M0X0':
D:/l4t/DKC3Recomp/generated/snesrecomp/bank80_part328_v2.c:49:3: warning: label 'L_B28E_M0X0' defined but not used [-Wunused-label]
   49 |   L_B28E_M0X0:
      |   ^~~~~~~~~~~
D:/l4t/DKC3Recomp/generated/snesrecomp/bank80_part353_v2.c: In function 'CODE_80B53B_M0X0':
D:/l4t/DKC3Recomp/generated/snesrecomp/bank80_part353_v2.c:49:3: warning: label 'L_B53B_M0X0' defined but not used [-Wunused-label]
   49 |   L_B53B_M0X0:
      |   ^~~~~~~~~~~
D:/l4t/DKC3Recomp/generated/snesrecomp/bank80_part38a_v2.c: In function 'CODE_80B8A7_M0X0':
D:/l4t/DKC3Recomp/generated/snesrecomp/bank80_part38a_v2.c:49:3: warning: label 'L_B8A7_M0X0' defined but not used [-Wunused-label]
   49 |   L_B8A7_M0X0:
      |   ^~~~~~~~~~~
D:/l4t/DKC3Recomp/generated/snesrecomp/bank80_part38c_v2.c: In function 'CODE_80B8C3_M0X0':
D:/l4t/DKC3Recomp/generated/snesrecomp/bank80_part38c_v2.c:49:3: warning: label 'L_B8C3_M0X0' defined but not used [-Wunused-label]
   49 |   L_B8C3_M0X0:
      |   ^~~~~~~~~~~
D:/l4t/DKC3Recomp/generated/snesrecomp/bank80_part38d_v2.c: In function 'CODE_80B8D6_M0X0':
D:/l4t/DKC3Recomp/generated/snesrecomp/bank80_part38d_v2.c:52:3: warning: label 'L_B8D6_M0X0' defined but not used [-Wunused-label]
   52 |   L_B8D6_M0X0:
      |   ^~~~~~~~~~~
D:/l4t/DKC3Recomp/generated/snesrecomp/bank80_part392_v2.c: In function 'CODE_80B926_M0X0':
D:/l4t/DKC3Recomp/generated/snesrecomp/bank80_part392_v2.c:49:3: warning: label 'L_B926_M0X0' defined but not used [-Wunused-label]
   49 |   L_B926_M0X0:
      |   ^~~~~~~~~~~
D:/l4t/DKC3Recomp/generated/snesrecomp/bank80_part396_v2.c: In function 'CODE_80B96B_M0X0':
D:/l4t/DKC3Recomp/generated/snesrecomp/bank80_part396_v2.c:49:3: warning: label 'L_B96B_M0X0' defined but not used [-Wunused-label]
   49 |   L_B96B_M0X0:
      |   ^~~~~~~~~~~
D:/l4t/DKC3Recomp/generated/snesrecomp/bank80_part398_v2.c: In function 'CODE_80B98B_M0X0':
D:/l4t/DKC3Recomp/generated/snesrecomp/bank80_part398_v2.c:51:3: warning: label 'L_B98B_M0X0' defined but not used [-Wunused-label]
   51 |   L_B98B_M0X0:
      |   ^~~~~~~~~~~
D:/l4t/DKC3Recomp/generated/snesrecomp/bank80_part39a_v2.c: In function 'CODE_80B9AC_M0X0':
D:/l4t/DKC3Recomp/generated/snesrecomp/bank80_part39a_v2.c:49:3: warning: label 'L_B9AC_M0X0' defined but not used [-Wunused-label]
   49 |   L_B9AC_M0X0:
      |   ^~~~~~~~~~~
D:/l4t/DKC3Recomp/generated/snesrecomp/bank80_part3ba_v2.c: In function 'CODE_80BBA6_M0X0':
D:/l4t/DKC3Recomp/generated/snesrecomp/bank80_part3ba_v2.c:50:3: warning: label 'L_BBA6_M0X0' defined but not used [-Wunused-label]
   50 |   L_BBA6_M0X0:
      |   ^~~~~~~~~~~
D:/l4t/DKC3Recomp/generated/snesrecomp/bank80_part3bc_v2.c: In function 'CODE_80BBCB_M0X0':
D:/l4t/DKC3Recomp/generated/snesrecomp/bank80_part3bc_v2.c:49:3: warning: label 'L_BBCB_M0X0' defined but not used [-Wunused-label]
   49 |   L_BBCB_M0X0:
      |   ^~~~~~~~~~~
D:/l4t/DKC3Recomp/generated/snesrecomp/bank80_part3bf_v2.c: In function 'CODE_80BBF5_M0X0':
D:/l4t/DKC3Recomp/generated/snesrecomp/bank80_part3bf_v2.c:52:3: warning: label 'L_BBF5_M0X0' defined but not used [-Wunused-label]
   52 |   L_BBF5_M0X0:
      |   ^~~~~~~~~~~
D:/l4t/DKC3Recomp/generated/snesrecomp/bank80_part3c0_v2.c: In function 'CODE_80BC0B_M0X0':
D:/l4t/DKC3Recomp/generated/snesrecomp/bank80_part3c0_v2.c:49:3: warning: label 'L_BC0B_M0X0' defined but not used [-Wunused-label]
   49 |   L_BC0B_M0X0:
      |   ^~~~~~~~~~~
D:/l4t/DKC3Recomp/generated/snesrecomp/bank80_part3c5_v2.c: In function 'CODE_80BC55_M0X0':
D:/l4t/DKC3Recomp/generated/snesrecomp/bank80_part3c5_v2.c:51:3: warning: label 'L_BC55_M0X0' defined but not used [-Wunused-label]
   51 |   L_BC55_M0X0:
      |   ^~~~~~~~~~~
D:/l4t/DKC3Recomp/generated/snesrecomp/bank80_part3c7_v2.c: In function 'CODE_80BC7E_M0X0':
D:/l4t/DKC3Recomp/generated/snesrecomp/bank80_part3c7_v2.c:49:3: warning: label 'L_BC7E_M0X0' defined but not used [-Wunused-label]
   49 |   L_BC7E_M0X0:
      |   ^~~~~~~~~~~
D:/l4t/DKC3Recomp/generated/snesrecomp/bank80_part3c9_v2.c: In function 'CODE_80BC90_M0X0':
D:/l4t/DKC3Recomp/generated/snesrecomp/bank80_part3c9_v2.c:49:3: warning: label 'L_BC90_M0X0' defined but not used [-Wunused-label]
   49 |   L_BC90_M0X0:
      |   ^~~~~~~~~~~
D:/l4t/DKC3Recomp/generated/snesrecomp/bank80_part3d0_v2.c: In function 'CODE_80BD0C_M0X0':
D:/l4t/DKC3Recomp/generated/snesrecomp/bank80_part3d0_v2.c:49:3: warning: label 'L_BD0C_M0X0' defined but not used [-Wunused-label]
   49 |   L_BD0C_M0X0:
      |   ^~~~~~~~~~~
D:/l4t/DKC3Recomp/generated/snesrecomp/bank80_part3d4_v2.c: In function 'boss_cutscene_dialogue_handler_main_M0X0':
D:/l4t/DKC3Recomp/generated/snesrecomp/bank80_part3d4_v2.c:50:3: warning: label 'L_BD4D_M0X0' defined but not used [-Wunused-label]
   50 |   L_BD4D_M0X0:
      |   ^~~~~~~~~~~
D:/l4t/DKC3Recomp/generated/snesrecomp/bank80_part3d9_v2.c: In function 'boss_cutscene_dialogue_handler_main_state_1_M0X0':
D:/l4t/DKC3Recomp/generated/snesrecomp/bank80_part3d9_v2.c:51:3: warning: label 'L_BD97_M0X0' defined but not used [-Wunused-label]
   51 |   L_BD97_M0X0:
      |   ^~~~~~~~~~~
D:/l4t/DKC3Recomp/generated/snesrecomp/bank80_part3f0_v2.c: In function 'boss_cutscene_text_main_M0X0':
D:/l4t/DKC3Recomp/generated/snesrecomp/bank80_part3f0_v2.c:51:3: warning: label 'L_BF03_M0X0' defined but not used [-Wunused-label]
   51 |   L_BF03_M0X0:
      |   ^~~~~~~~~~~
D:/l4t/DKC3Recomp/generated/snesrecomp/bank80_part3f0_v2.c: In function 'CODE_80BF0E_M0X0':
D:/l4t/DKC3Recomp/generated/snesrecomp/bank80_part3f0_v2.c:153:3: warning: label 'L_BF0E_M0X0' defined but not used [-Wunused-label]
  153 |   L_BF0E_M0X0:
      |   ^~~~~~~~~~~
D:/l4t/DKC3Recomp/generated/snesrecomp/bank80_part3f4_v2.c: In function 'CODE_80BF45_M0X0':
D:/l4t/DKC3Recomp/generated/snesrecomp/bank80_part3f4_v2.c:52:3: warning: label 'L_BF45_M0X0' defined but not used [-Wunused-label]
   52 |   L_BF45_M0X0:
      |   ^~~~~~~~~~~
D:/l4t/DKC3Recomp/generated/snesrecomp/bank80_part400_v2.c: In function 'CODE_80C008_M0X0':
D:/l4t/DKC3Recomp/generated/snesrecomp/bank80_part400_v2.c:49:3: warning: label 'L_C008_M0X0' defined but not used [-Wunused-label]
   49 |   L_C008_M0X0:
      |   ^~~~~~~~~~~
D:/l4t/DKC3Recomp/generated/snesrecomp/bank80_part404_v2.c: In function 'CODE_80C048_M0X0':
D:/l4t/DKC3Recomp/generated/snesrecomp/bank80_part404_v2.c:49:3: warning: label 'L_C048_M0X0' defined but not used [-Wunused-label]
   49 |   L_C048_M0X0:
      |   ^~~~~~~~~~~
D:/l4t/DKC3Recomp/generated/snesrecomp/bank80_part40b_v2.c: In function 'CODE_80C0B8_M0X0':
D:/l4t/DKC3Recomp/generated/snesrecomp/bank80_part40b_v2.c:50:3: warning: label 'L_C0B8_M0X0' defined but not used [-Wunused-label]
   50 |   L_C0B8_M0X0:
      |   ^~~~~~~~~~~
D:/l4t/DKC3Recomp/generated/snesrecomp/bank80_part40b_v2.c: In function 'CODE_80C0B8_M0X1':
D:/l4t/DKC3Recomp/generated/snesrecomp/bank80_part40b_v2.c:221:3: warning: label 'L_C0B8_M0X1' defined but not used [-Wunused-label]
  221 |   L_C0B8_M0X1:
      |   ^~~~~~~~~~~
D:/l4t/DKC3Recomp/generated/snesrecomp/bank80_part40c_v2.c: In function 'CODE_80C0C8_M0X0':
D:/l4t/DKC3Recomp/generated/snesrecomp/bank80_part40c_v2.c:50:3: warning: label 'L_C0C8_M0X0' defined but not used [-Wunused-label]
   50 |   L_C0C8_M0X0:
      |   ^~~~~~~~~~~
D:/l4t/DKC3Recomp/generated/snesrecomp/bank80_part40c_v2.c: In function 'CODE_80C0C8_M0X1':
D:/l4t/DKC3Recomp/generated/snesrecomp/bank80_part40c_v2.c:235:3: warning: label 'L_C0C8_M0X1' defined but not used [-Wunused-label]
  235 |   L_C0C8_M0X1:
      |   ^~~~~~~~~~~
D:/l4t/DKC3Recomp/generated/snesrecomp/bank80_part40d_v2.c: In function 'CODE_80C0D9_M0X0':
D:/l4t/DKC3Recomp/generated/snesrecomp/bank80_part40d_v2.c:50:3: warning: label 'L_C0D9_M0X0' defined but not used [-Wunused-label]
   50 |   L_C0D9_M0X0:
      |   ^~~~~~~~~~~
D:/l4t/DKC3Recomp/generated/snesrecomp/bank80_part40d_v2.c: In function 'CODE_80C0D9_M0X1':
D:/l4t/DKC3Recomp/generated/snesrecomp/bank80_part40d_v2.c:241:3: warning: label 'L_C0D9_M0X1' defined but not used [-Wunused-label]
  241 |   L_C0D9_M0X1:
      |   ^~~~~~~~~~~
D:/l4t/DKC3Recomp/generated/snesrecomp/bank80_part40e_v2.c: In function 'CODE_80C0EB_M0X0':
D:/l4t/DKC3Recomp/generated/snesrecomp/bank80_part40e_v2.c:50:3: warning: label 'L_C0EB_M0X0' defined but not used [-Wunused-label]
   50 |   L_C0EB_M0X0:
      |   ^~~~~~~~~~~
D:/l4t/DKC3Recomp/generated/snesrecomp/bank80_part40e_v2.c: In function 'CODE_80C0EB_M0X1':
D:/l4t/DKC3Recomp/generated/snesrecomp/bank80_part40e_v2.c:169:3: warning: label 'L_C0EB_M0X1' defined but not used [-Wunused-label]
  169 |   L_C0EB_M0X1:
      |   ^~~~~~~~~~~
D:/l4t/DKC3Recomp/generated/snesrecomp/bank80_part41_v2.c: In function 'CODE_808411_M0X0':
D:/l4t/DKC3Recomp/generated/snesrecomp/bank80_part41_v2.c:51:3: warning: label 'L_8411_M0X0' defined but not used [-Wunused-label]
   51 |   L_8411_M0X0:
      |   ^~~~~~~~~~~
D:/l4t/DKC3Recomp/generated/snesrecomp/bank80_part4a4_v2.c: In function 'bank_80_CA49_M0X0':
D:/l4t/DKC3Recomp/generated/snesrecomp/bank80_part4a4_v2.c:52:3: warning: label 'L_CA49_M0X0' defined but not used [-Wunused-label]
   52 |   L_CA49_M0X0:
      |   ^~~~~~~~~~~
D:/l4t/DKC3Recomp/generated/snesrecomp/bank80_part4a4_v2.c: In function 'bank_80_CA49_M0X1':
D:/l4t/DKC3Recomp/generated/snesrecomp/bank80_part4a4_v2.c:181:3: warning: label 'L_CA49_M0X1' defined but not used [-Wunused-label]
  181 |   L_CA49_M0X1:
      |   ^~~~~~~~~~~
D:/l4t/DKC3Recomp/generated/snesrecomp/bank80_part4a4_v2.c: In function 'bank_80_CA49_M1X0':
D:/l4t/DKC3Recomp/generated/snesrecomp/bank80_part4a4_v2.c:310:3: warning: label 'L_CA49_M1X0' defined but not used [-Wunused-label]
  310 |   L_CA49_M1X0:
      |   ^~~~~~~~~~~
D:/l4t/DKC3Recomp/generated/snesrecomp/bank80_part4a4_v2.c: In function 'bank_80_CA49_M1X1':
D:/l4t/DKC3Recomp/generated/snesrecomp/bank80_part4a4_v2.c:439:3: warning: label 'L_CA49_M1X1' defined but not used [-Wunused-label]
  439 |   L_CA49_M1X1:
      |   ^~~~~~~~~~~
D:/l4t/DKC3Recomp/generated/snesrecomp/bank80_part4e_v2.c: In function 'throw_exception_M0X0':
D:/l4t/DKC3Recomp/generated/snesrecomp/bank80_part4e_v2.c:49:3: warning: label 'L_84EC_M0X0' defined but not used [-Wunused-label]
   49 |   L_84EC_M0X0:
      |   ^~~~~~~~~~~
D:/l4t/DKC3Recomp/generated/snesrecomp/bank80_part50_v2.c: In function 'set_fade_M0X0':
D:/l4t/DKC3Recomp/generated/snesrecomp/bank80_part50_v2.c:49:3: warning: label 'L_8501_M0X0' defined but not used [-Wunused-label]
   49 |   L_8501_M0X0:
      |   ^~~~~~~~~~~
D:/l4t/DKC3Recomp/generated/snesrecomp/bank80_part65_v2.c: In function 'CODE_80865A_M0X0':
D:/l4t/DKC3Recomp/generated/snesrecomp/bank80_part65_v2.c:49:3: warning: label 'L_865A_M0X0' defined but not used [-Wunused-label]
   49 |   L_865A_M0X0:
      |   ^~~~~~~~~~~
D:/l4t/DKC3Recomp/generated/snesrecomp/bank80_part79_v2.c: In function 'CODE_808799_M0X0':
D:/l4t/DKC3Recomp/generated/snesrecomp/bank80_part79_v2.c:50:3: warning: label 'L_8799_M0X0' defined but not used [-Wunused-label]
   50 |   L_8799_M0X0:
      |   ^~~~~~~~~~~
D:/l4t/DKC3Recomp/generated/snesrecomp/bank80_part7e_v2.c: In function 'CODE_8087E0_M0X0':
D:/l4t/DKC3Recomp/generated/snesrecomp/bank80_part7e_v2.c:49:3: warning: label 'L_87E0_M0X0' defined but not used [-Wunused-label]
   49 |   L_87E0_M0X0:
      |   ^~~~~~~~~~~
D:/l4t/DKC3Recomp/generated/snesrecomp/bank80_part82_v2.c: In function 'CODE_80882A_M0X0':
D:/l4t/DKC3Recomp/generated/snesrecomp/bank80_part82_v2.c:50:3: warning: label 'L_882A_M0X0' defined but not used [-Wunused-label]
   50 |   L_882A_M0X0:
      |   ^~~~~~~~~~~
D:/l4t/DKC3Recomp/generated/snesrecomp/bank80_part98_v2.c: In function 'CODE_80898C_M0X0':
D:/l4t/DKC3Recomp/generated/snesrecomp/bank80_part98_v2.c:50:3: warning: label 'L_898C_M0X0' defined but not used [-Wunused-label]
   50 |   L_898C_M0X0:
      |   ^~~~~~~~~~~
D:/l4t/DKC3Recomp/generated/snesrecomp/bank80_part99_v2.c: In function 'set_unused_oam_offscreen_M0X0':
D:/l4t/DKC3Recomp/generated/snesrecomp/bank80_part99_v2.c:49:3: warning: label 'L_8992_M0X0' defined but not used [-Wunused-label]
   49 |   L_8992_M0X0:
      |   ^~~~~~~~~~~
D:/l4t/DKC3Recomp/generated/snesrecomp/bank80_part9c_v2.c: In function 'CODE_8089CA_M0X0':
D:/l4t/DKC3Recomp/generated/snesrecomp/bank80_part9c_v2.c:58:3: warning: label 'L_89CA_M0X0' defined but not used [-Wunused-label]
   58 |   L_89CA_M0X0:
      |   ^~~~~~~~~~~
D:/l4t/DKC3Recomp/generated/snesrecomp/bank80_partb0_v2.c: In function 'CODE_808B0B_M0X0':
D:/l4t/DKC3Recomp/generated/snesrecomp/bank80_partb0_v2.c:50:3: warning: label 'L_8B0B_M0X0' defined but not used [-Wunused-label]
   50 |   L_8B0B_M0X0:
      |   ^~~~~~~~~~~
D:/l4t/DKC3Recomp/generated/snesrecomp/bank80_partb2_v2.c: In function 'CODE_808B28_M0X0':
D:/l4t/DKC3Recomp/generated/snesrecomp/bank80_partb2_v2.c:49:3: warning: label 'L_8B28_M0X0' defined but not used [-Wunused-label]
   49 |   L_8B28_M0X0:
      |   ^~~~~~~~~~~
D:/l4t/DKC3Recomp/generated/snesrecomp/bank80_partb9_v2.c: In function 'CODE_808B93_M0X0':
D:/l4t/DKC3Recomp/generated/snesrecomp/bank80_partb9_v2.c:50:3: warning: label 'L_8B93_M0X0' defined but not used [-Wunused-label]
   50 |   L_8B93_M0X0:
      |   ^~~~~~~~~~~
D:/l4t/DKC3Recomp/generated/snesrecomp/bank80_partc4_v2.c: In function 'CODE_808C43_M0X0':
D:/l4t/DKC3Recomp/generated/snesrecomp/bank80_partc4_v2.c:49:3: warning: label 'L_8C43_M0X0' defined but not used [-Wunused-label]
   49 |   L_8C43_M0X0:
      |   ^~~~~~~~~~~
D:/l4t/DKC3Recomp/generated/snesrecomp/bank80_partc6_v2.c: In function 'CODE_808C60_M0X0':
D:/l4t/DKC3Recomp/generated/snesrecomp/bank80_partc6_v2.c:49:3: warning: label 'L_8C60_M0X0' defined but not used [-Wunused-label]
   49 |   L_8C60_M0X0:
      |   ^~~~~~~~~~~
D:/l4t/DKC3Recomp/generated/snesrecomp/bank80_partc7_v2.c: In function 'CODE_808C77_M0X0':
D:/l4t/DKC3Recomp/generated/snesrecomp/bank80_partc7_v2.c:50:3: warning: label 'L_8C77_M0X0' defined but not used [-Wunused-label]
   50 |   L_8C77_M0X0:
      |   ^~~~~~~~~~~
D:/l4t/DKC3Recomp/generated/snesrecomp/bank80_partcb_v2.c: In function 'CODE_808CB0_M0X0':
D:/l4t/DKC3Recomp/generated/snesrecomp/bank80_partcb_v2.c:50:3: warning: label 'L_8CB0_M0X0' defined but not used [-Wunused-label]
   50 |   L_8CB0_M0X0:
      |   ^~~~~~~~~~~
D:/l4t/DKC3Recomp/generated/snesrecomp/bank80_partce_v2.c: In function 'CODE_808CEC_M0X0':
D:/l4t/DKC3Recomp/generated/snesrecomp/bank80_partce_v2.c:49:3: warning: label 'L_8CEC_M0X0' defined but not used [-Wunused-label]
   49 |   L_8CEC_M0X0:
      |   ^~~~~~~~~~~
D:/l4t/DKC3Recomp/generated/snesrecomp/bank80_partdf_v2.c: In function 'CODE_808DFA_M0X0':
D:/l4t/DKC3Recomp/generated/snesrecomp/bank80_partdf_v2.c:49:3: warning: label 'L_8DFA_M0X0' defined but not used [-Wunused-label]
   49 |   L_8DFA_M0X0:
      |   ^~~~~~~~~~~
D:/l4t/DKC3Recomp/generated/snesrecomp/bank80_parte2_v2.c: In function 'CODE_808E29_M0X0':
D:/l4t/DKC3Recomp/generated/snesrecomp/bank80_parte2_v2.c:50:3: warning: label 'L_8E29_M0X0' defined but not used [-Wunused-label]
   50 |   L_8E29_M0X0:
      |   ^~~~~~~~~~~
D:/l4t/DKC3Recomp/generated/snesrecomp/bank80_partea_v2.c: In function 'CODE_808EA8_M0X0':
D:/l4t/DKC3Recomp/generated/snesrecomp/bank80_partea_v2.c:49:3: warning: label 'L_8EA8_M0X0' defined but not used [-Wunused-label]
   49 |   L_8EA8_M0X0:
      |   ^~~~~~~~~~~
D:/l4t/DKC3Recomp/generated/snesrecomp/bankac_v2.c: In function 'krool_fight_bg_decorations_main_M0X0':
D:/l4t/DKC3Recomp/generated/snesrecomp/bankac_v2.c:72:3: warning: label 'L_B000_M0X0' defined but not used [-Wunused-label]
   72 |   L_B000_M0X0:
      |   ^~~~~~~~~~~
D:/l4t/DKC3Recomp/generated/snesrecomp/bankac_v2.c: In function 'krool_fight_bg_decorations_main_state_1_M0X0':
D:/l4t/DKC3Recomp/generated/snesrecomp/bankac_v2.c:151:3: warning: label 'L_B00A_M0X0' defined but not used [-Wunused-label]
  151 |   L_B00A_M0X0:
      |   ^~~~~~~~~~~
D:/l4t/DKC3Recomp/generated/snesrecomp/bankac_v2.c: In function 'krool_fight_bg_decorations_main_CODE_ACB059_M0X0':
D:/l4t/DKC3Recomp/generated/snesrecomp/bankac_v2.c:494:3: warning: label 'L_B059_M0X0' defined but not used [-Wunused-label]
  494 |   L_B059_M0X0:
      |   ^~~~~~~~~~~
D:/l4t/DKC3Recomp/generated/snesrecomp/bankac_v2.c: In function 'bg_steel_keg_main_M0X0':
D:/l4t/DKC3Recomp/generated/snesrecomp/bankac_v2.c:662:3: warning: label 'L_B0A1_M0X0' defined but not used [-Wunused-label]
  662 |   L_B0A1_M0X0:
      |   ^~~~~~~~~~~
D:/l4t/DKC3Recomp/generated/snesrecomp/bankac_v2.c: In function 'bg_steel_keg_main_init_M0X0':
D:/l4t/DKC3Recomp/generated/snesrecomp/bankac_v2.c:765:3: warning: label 'L_B0AC_M0X0' defined but not used [-Wunused-label]
  765 |   L_B0AC_M0X0:
      |   ^~~~~~~~~~~
D:/l4t/DKC3Recomp/generated/snesrecomp/bankac_v2.c: In function 'bg_steel_keg_main_state_1_M0X0':
D:/l4t/DKC3Recomp/generated/snesrecomp/bankac_v2.c:837:3: warning: label 'L_B0B4_M0X0' defined but not used [-Wunused-label]
  837 |   L_B0B4_M0X0:
      |   ^~~~~~~~~~~
D:/l4t/DKC3Recomp/generated/snesrecomp/bankac_v2.c: In function 'kaos_blade_main_M0X0':
D:/l4t/DKC3Recomp/generated/snesrecomp/bankac_v2.c:945:3: warning: label 'L_B134_M0X0' defined but not used [-Wunused-label]
  945 |   L_B134_M0X0:
      |   ^~~~~~~~~~~
D:/l4t/DKC3Recomp/generated/snesrecomp/bankac_v2.c: In function 'kaos_blade_main_state_0_M0X0':
D:/l4t/DKC3Recomp/generated/snesrecomp/bankac_v2.c:1036:3: warning: label 'L_B13D_M0X0' defined but not used [-Wunused-label]
 1036 |   L_B13D_M0X0:
      |   ^~~~~~~~~~~
D:/l4t/DKC3Recomp/generated/snesrecomp/bankac_v2.c: In function 'kaos_blade_main_CODE_ACB1F2_M0X0':
D:/l4t/DKC3Recomp/generated/snesrecomp/bankac_v2.c:1151:3: warning: label 'L_B1F2_M0X0' defined but not used [-Wunused-label]
 1151 |   L_B1F2_M0X0:
      |   ^~~~~~~~~~~
D:/l4t/DKC3Recomp/generated/snesrecomp/bankac_v2.c: In function 'kaos_blade_main_CODE_ACB25A_M0X0':
D:/l4t/DKC3Recomp/generated/snesrecomp/bankac_v2.c:1689:3: warning: label 'L_B25A_M0X0' defined but not used [-Wunused-label]
 1689 |   L_B25A_M0X0:
      |   ^~~~~~~~~~~
D:/l4t/DKC3Recomp/generated/snesrecomp/bankac_v2.c: In function 'CODE_ACB293_M0X0':
D:/l4t/DKC3Recomp/generated/snesrecomp/bankac_v2.c:1857:3: warning: label 'L_B293_M0X0' defined but not used [-Wunused-label]
 1857 |   L_B293_M0X0:
      |   ^~~~~~~~~~~
D:/l4t/DKC3Recomp/generated/snesrecomp/bankb2_part00_v2.c: In function 'upload_spc_engine_M0X0':
D:/l4t/DKC3Recomp/generated/snesrecomp/bankb2_part00_v2.c:64:3: warning: label 'L_8000_M0X0' defined but not used [-Wunused-label]
   64 |   L_8000_M0X0:
      |   ^~~~~~~~~~~
D:/l4t/DKC3Recomp/generated/snesrecomp/bankb2_part00_v2.c: In function 'CODE_B28009_M0X0':
D:/l4t/DKC3Recomp/generated/snesrecomp/bankb2_part00_v2.c:376:3: warning: label 'L_8009_M0X0' defined but not used [-Wunused-label]
  376 |   L_8009_M0X0:
      |   ^~~~~~~~~~~
D:/l4t/DKC3Recomp/generated/snesrecomp/bankb2_part00_v2.c: In function 'CODE_B2800C_M0X0':
D:/l4t/DKC3Recomp/generated/snesrecomp/bankb2_part00_v2.c:801:3: warning: label 'L_800C_M0X0' defined but not used [-Wunused-label]
  801 |   L_800C_M0X0:
      |   ^~~~~~~~~~~
D:/l4t/DKC3Recomp/generated/snesrecomp/bankb2_part00_v2.c: In function 'CODE_B2800F_M0X0':
D:/l4t/DKC3Recomp/generated/snesrecomp/bankb2_part00_v2.c:1288:3: warning: label 'L_800F_M0X0' defined but not used [-Wunused-label]
 1288 |   L_800F_M0X0:
      |   ^~~~~~~~~~~
D:/l4t/DKC3Recomp/generated/snesrecomp/bankb2_part01_v2.c: In function 'queue_sound_effect_M0X0':
D:/l4t/DKC3Recomp/generated/snesrecomp/bankb2_part01_v2.c:56:3: warning: label 'L_8012_M0X0' defined but not used [-Wunused-label]
   56 |   L_8012_M0X0:
      |   ^~~~~~~~~~~
D:/l4t/DKC3Recomp/generated/snesrecomp/bankb2_part01_v2.c: In function 'CODE_B28015_M0X0':
D:/l4t/DKC3Recomp/generated/snesrecomp/bankb2_part01_v2.c:369:3: warning: label 'L_8015_M0X0' defined but not used [-Wunused-label]
  369 |   L_8015_M0X0:
      |   ^~~~~~~~~~~
D:/l4t/DKC3Recomp/generated/snesrecomp/bankb2_part01_v2.c: In function 'CODE_B28018_M0X0':
D:/l4t/DKC3Recomp/generated/snesrecomp/bankb2_part01_v2.c:999:3: warning: label 'L_8018_M0X0' defined but not used [-Wunused-label]
  999 |   L_8018_M0X0:
      |   ^~~~~~~~~~~
D:/l4t/DKC3Recomp/generated/snesrecomp/bankb2_part01_v2.c: In function 'CODE_B2801B_M0X0':
D:/l4t/DKC3Recomp/generated/snesrecomp/bankb2_part01_v2.c:1043:3: warning: label 'L_801B_M0X0' defined but not used [-Wunused-label]
 1043 |   L_801B_M0X0:
      |   ^~~~~~~~~~~
D:/l4t/DKC3Recomp/generated/snesrecomp/bankb2_part01_v2.c: In function 'CODE_B2801E_M0X0':
D:/l4t/DKC3Recomp/generated/snesrecomp/bankb2_part01_v2.c:1303:3: warning: label 'L_801E_M0X0' defined but not used [-Wunused-label]
 1303 |   L_801E_M0X0:
      |   ^~~~~~~~~~~
D:/l4t/DKC3Recomp/generated/snesrecomp/bankb2_part02_v2.c: In function 'CODE_B28021_M0X0':
D:/l4t/DKC3Recomp/generated/snesrecomp/bankb2_part02_v2.c:54:3: warning: label 'L_8021_M0X0' defined but not used [-Wunused-label]
   54 |   L_8021_M0X0:
      |   ^~~~~~~~~~~
D:/l4t/DKC3Recomp/generated/snesrecomp/bankb2_part02_v2.c: In function 'CODE_B28024_M0X0':
D:/l4t/DKC3Recomp/generated/snesrecomp/bankb2_part02_v2.c:263:3: warning: label 'L_8024_M0X0' defined but not used [-Wunused-label]
  263 |   L_8024_M0X0:
      |   ^~~~~~~~~~~
D:/l4t/DKC3Recomp/generated/snesrecomp/bankb2_part02_v2.c: In function 'CODE_B28027_M0X0':
D:/l4t/DKC3Recomp/generated/snesrecomp/bankb2_part02_v2.c:553:3: warning: label 'L_8027_M0X0' defined but not used [-Wunused-label]
  553 |   L_8027_M0X0:
      |   ^~~~~~~~~~~
D:/l4t/DKC3Recomp/generated/snesrecomp/bankb2_part02_v2.c: In function 'CODE_B2802A_M0X0':
D:/l4t/DKC3Recomp/generated/snesrecomp/bankb2_part02_v2.c:751:3: warning: label 'L_802A_M0X0' defined but not used [-Wunused-label]
  751 |   L_802A_M0X0:
      |   ^~~~~~~~~~~
D:/l4t/DKC3Recomp/generated/snesrecomp/bankb2_part103_v2.c: In function 'CODE_B2903B_M0X0':
D:/l4t/DKC3Recomp/generated/snesrecomp/bankb2_part103_v2.c:49:3: warning: label 'L_903B_M0X0' defined but not used [-Wunused-label]
   49 |   L_903B_M0X0:
      |   ^~~~~~~~~~~
D:/l4t/DKC3Recomp/generated/snesrecomp/bankb2_part105_v2.c: In function 'CODE_B29057_M0X0':
D:/l4t/DKC3Recomp/generated/snesrecomp/bankb2_part105_v2.c:49:3: warning: label 'L_9057_M0X0' defined but not used [-Wunused-label]
   49 |   L_9057_M0X0:
      |   ^~~~~~~~~~~
D:/l4t/DKC3Recomp/generated/snesrecomp/bankb2_part10_v2.c: In function 'upload_spc_engine_clear_sound_buffers_M0X0':
D:/l4t/DKC3Recomp/generated/snesrecomp/bankb2_part10_v2.c:50:3: warning: label 'L_8104_M0X0' defined but not used [-Wunused-label]
   50 |   L_8104_M0X0:
      |   ^~~~~~~~~~~
D:/l4t/DKC3Recomp/generated/snesrecomp/bankb2_part11d_v2.c: In function 'CODE_B291D6_M0X0':
D:/l4t/DKC3Recomp/generated/snesrecomp/bankb2_part11d_v2.c:50:3: warning: label 'L_91D6_M0X0' defined but not used [-Wunused-label]
   50 |   L_91D6_M0X0:
      |   ^~~~~~~~~~~
D:/l4t/DKC3Recomp/generated/snesrecomp/bankb2_part12b_v2.c: In function 'title_screen_sign_main_M0X0':
D:/l4t/DKC3Recomp/generated/snesrecomp/bankb2_part12b_v2.c:51:3: warning: label 'L_92BE_M0X0' defined but not used [-Wunused-label]
   51 |   L_92BE_M0X0:
      |   ^~~~~~~~~~~
D:/l4t/DKC3Recomp/generated/snesrecomp/bankb2_part12e_v2.c: In function 'title_screen_sign_main_title_screen_sign_init_M0X0':
D:/l4t/DKC3Recomp/generated/snesrecomp/bankb2_part12e_v2.c:49:3: warning: label 'L_92E4_M0X0' defined but not used [-Wunused-label]
   49 |   L_92E4_M0X0:
      |   ^~~~~~~~~~~
D:/l4t/DKC3Recomp/generated/snesrecomp/bankb2_part130_v2.c: In function 'title_screen_sign_main_return_state_M0X0':
D:/l4t/DKC3Recomp/generated/snesrecomp/bankb2_part130_v2.c:51:3: warning: label 'L_9302_M0X0' defined but not used [-Wunused-label]
   51 |   L_9302_M0X0:
      |   ^~~~~~~~~~~
D:/l4t/DKC3Recomp/generated/snesrecomp/bankb2_part130_v2.c: In function 'title_screen_logo_main_M0X0':
D:/l4t/DKC3Recomp/generated/snesrecomp/bankb2_part130_v2.c:97:3: warning: label 'L_9305_M0X0' defined but not used [-Wunused-label]
   97 |   L_9305_M0X0:
      |   ^~~~~~~~~~~
D:/l4t/DKC3Recomp/generated/snesrecomp/bankb2_part14d_v2.c: In function 'CODE_B294D3_M0X0':
D:/l4t/DKC3Recomp/generated/snesrecomp/bankb2_part14d_v2.c:49:3: warning: label 'L_94D3_M0X0' defined but not used [-Wunused-label]
   49 |   L_94D3_M0X0:
      |   ^~~~~~~~~~~
D:/l4t/DKC3Recomp/generated/snesrecomp/bankb2_part180_v2.c: In function 'CODE_B29800_M0X0':
D:/l4t/DKC3Recomp/generated/snesrecomp/bankb2_part180_v2.c:49:3: warning: label 'L_9800_M0X0' defined but not used [-Wunused-label]
   49 |   L_9800_M0X0:
      |   ^~~~~~~~~~~
D:/l4t/DKC3Recomp/generated/snesrecomp/bankb2_part181_v2.c: In function 'CODE_B29816_M0X0':
D:/l4t/DKC3Recomp/generated/snesrecomp/bankb2_part181_v2.c:50:3: warning: label 'L_9816_M0X0' defined but not used [-Wunused-label]
   50 |   L_9816_M0X0:
      |   ^~~~~~~~~~~
D:/l4t/DKC3Recomp/generated/snesrecomp/bankb2_part188_v2.c: In function 'CODE_B29889_M0X0':
D:/l4t/DKC3Recomp/generated/snesrecomp/bankb2_part188_v2.c:49:3: warning: label 'L_9889_M0X0' defined but not used [-Wunused-label]
   49 |   L_9889_M0X0:
      |   ^~~~~~~~~~~
D:/l4t/DKC3Recomp/generated/snesrecomp/bankb2_part1ba_v2.c: In function 'CODE_B29BA4_M0X0':
D:/l4t/DKC3Recomp/generated/snesrecomp/bankb2_part1ba_v2.c:50:3: warning: label 'L_9BA4_M0X0' defined but not used [-Wunused-label]
   50 |   L_9BA4_M0X0:
      |   ^~~~~~~~~~~
D:/l4t/DKC3Recomp/generated/snesrecomp/bankb2_part1bc_v2.c: In function 'CODE_B29BC1_M0X0':
D:/l4t/DKC3Recomp/generated/snesrecomp/bankb2_part1bc_v2.c:52:3: warning: label 'L_9BC1_M0X0' defined but not used [-Wunused-label]
   52 |   L_9BC1_M0X0:
      |   ^~~~~~~~~~~
D:/l4t/DKC3Recomp/generated/snesrecomp/bankb2_part1bc_v2.c: In function 'CODE_B29BCE_M0X0':
D:/l4t/DKC3Recomp/generated/snesrecomp/bankb2_part1bc_v2.c:199:3: warning: label 'L_9BCE_M0X0' defined but not used [-Wunused-label]
  199 |   L_9BCE_M0X0:
      |   ^~~~~~~~~~~
D:/l4t/DKC3Recomp/generated/snesrecomp/bankb2_part1c1_v2.c: In function 'CODE_B29C15_M0X0':
D:/l4t/DKC3Recomp/generated/snesrecomp/bankb2_part1c1_v2.c:49:3: warning: label 'L_9C15_M0X0' defined but not used [-Wunused-label]
   49 |   L_9C15_M0X0:
      |   ^~~~~~~~~~~
D:/l4t/DKC3Recomp/generated/snesrecomp/bankb2_part1c5_v2.c: In function 'CODE_B29C56_M0X0':
D:/l4t/DKC3Recomp/generated/snesrecomp/bankb2_part1c5_v2.c:51:3: warning: label 'L_9C56_M0X0' defined but not used [-Wunused-label]
   51 |   L_9C56_M0X0:
      |   ^~~~~~~~~~~
D:/l4t/DKC3Recomp/generated/snesrecomp/bankb2_part1c8_v2.c: In function 'CODE_B29C83_M0X0':
D:/l4t/DKC3Recomp/generated/snesrecomp/bankb2_part1c8_v2.c:49:3: warning: label 'L_9C83_M0X0' defined but not used [-Wunused-label]
   49 |   L_9C83_M0X0:
      |   ^~~~~~~~~~~
D:/l4t/DKC3Recomp/generated/snesrecomp/bankb2_part1cb_v2.c: In function 'CODE_B29CB8_M0X0':
D:/l4t/DKC3Recomp/generated/snesrecomp/bankb2_part1cb_v2.c:49:3: warning: label 'L_9CB8_M0X0' defined but not used [-Wunused-label]
   49 |   L_9CB8_M0X0:
      |   ^~~~~~~~~~~
D:/l4t/DKC3Recomp/generated/snesrecomp/bankb2_part1d0_v2.c: In function 'CODE_B29D0C_M0X0':
D:/l4t/DKC3Recomp/generated/snesrecomp/bankb2_part1d0_v2.c:50:3: warning: label 'L_9D0C_M0X0' defined but not used [-Wunused-label]
   50 |   L_9D0C_M0X0:
      |   ^~~~~~~~~~~
D:/l4t/DKC3Recomp/generated/snesrecomp/bankb2_part1d1_v2.c: In function 'CODE_B29D1B_M0X0':
D:/l4t/DKC3Recomp/generated/snesrecomp/bankb2_part1d1_v2.c:49:3: warning: label 'L_9D1B_M0X0' defined but not used [-Wunused-label]
   49 |   L_9D1B_M0X0:
      |   ^~~~~~~~~~~
D:/l4t/DKC3Recomp/generated/snesrecomp/bankb2_part1d5_v2.c: In function 'CODE_B29D51_M0X0':
D:/l4t/DKC3Recomp/generated/snesrecomp/bankb2_part1d5_v2.c:49:3: warning: label 'L_9D51_M0X0' defined but not used [-Wunused-label]
   49 |   L_9D51_M0X0:
      |   ^~~~~~~~~~~
D:/l4t/DKC3Recomp/generated/snesrecomp/bankb2_part1d6_v2.c: In function 'CODE_B29D64_M0X0':
D:/l4t/DKC3Recomp/generated/snesrecomp/bankb2_part1d6_v2.c:51:3: warning: label 'L_9D64_M0X0' defined but not used [-Wunused-label]
   51 |   L_9D64_M0X0:
      |   ^~~~~~~~~~~
D:/l4t/DKC3Recomp/generated/snesrecomp/bankb2_part1e9_v2.c: In function 'CODE_B29E9F_M0X0':
D:/l4t/DKC3Recomp/generated/snesrecomp/bankb2_part1e9_v2.c:49:3: warning: label 'L_9E9F_M0X0' defined but not used [-Wunused-label]
   49 |   L_9E9F_M0X0:
      |   ^~~~~~~~~~~
D:/l4t/DKC3Recomp/generated/snesrecomp/bankb2_part1ef_v2.c: In function 'CODE_B29EFA_M0X0':
D:/l4t/DKC3Recomp/generated/snesrecomp/bankb2_part1ef_v2.c:49:3: warning: label 'L_9EFA_M0X0' defined but not used [-Wunused-label]
   49 |   L_9EFA_M0X0:
      |   ^~~~~~~~~~~
D:/l4t/DKC3Recomp/generated/snesrecomp/bankb2_part1f1_v2.c: In function 'CODE_B29F14_M0X0':
D:/l4t/DKC3Recomp/generated/snesrecomp/bankb2_part1f1_v2.c:49:3: warning: label 'L_9F14_M0X0' defined but not used [-Wunused-label]
   49 |   L_9F14_M0X0:
      |   ^~~~~~~~~~~
D:/l4t/DKC3Recomp/generated/snesrecomp/bankb2_part1f6_v2.c: In function 'CODE_B29F63_M0X0':
D:/l4t/DKC3Recomp/generated/snesrecomp/bankb2_part1f6_v2.c:51:3: warning: label 'L_9F63_M0X0' defined but not used [-Wunused-label]
   51 |   L_9F63_M0X0:
      |   ^~~~~~~~~~~
D:/l4t/DKC3Recomp/generated/snesrecomp/bankb2_part1f7_v2.c: In function 'CODE_B29F7E_M0X0':
D:/l4t/DKC3Recomp/generated/snesrecomp/bankb2_part1f7_v2.c:49:3: warning: label 'L_9F7E_M0X0' defined but not used [-Wunused-label]
   49 |   L_9F7E_M0X0:
      |   ^~~~~~~~~~~
D:/l4t/DKC3Recomp/generated/snesrecomp/bankb2_part1f9_v2.c: In function 'CODE_B29F96_M0X0':
D:/l4t/DKC3Recomp/generated/snesrecomp/bankb2_part1f9_v2.c:50:3: warning: label 'L_9F96_M0X0' defined but not used [-Wunused-label]
   50 |   L_9F96_M0X0:
      |   ^~~~~~~~~~~
D:/l4t/DKC3Recomp/generated/snesrecomp/bankb2_part20_v2.c: In function 'upload_spc_engine_play_high_priority_sound_M0X0':
D:/l4t/DKC3Recomp/generated/snesrecomp/bankb2_part20_v2.c:50:3: warning: label 'L_8207_M0X0' defined but not used [-Wunused-label]
   50 |   L_8207_M0X0:
      |   ^~~~~~~~~~~
D:/l4t/DKC3Recomp/generated/snesrecomp/bankb2_part20d_v2.c: In function 'CODE_B2A0DD_M0X0':
D:/l4t/DKC3Recomp/generated/snesrecomp/bankb2_part20d_v2.c:50:3: warning: label 'L_A0DD_M0X0' defined but not used [-Wunused-label]
   50 |   L_A0DD_M0X0:
      |   ^~~~~~~~~~~
D:/l4t/DKC3Recomp/generated/snesrecomp/bankb2_part20e_v2.c: In function 'CODE_B2A0E5_M0X0':
D:/l4t/DKC3Recomp/generated/snesrecomp/bankb2_part20e_v2.c:50:3: warning: label 'L_A0E5_M0X0' defined but not used [-Wunused-label]
   50 |   L_A0E5_M0X0:
      |   ^~~~~~~~~~~
D:/l4t/DKC3Recomp/generated/snesrecomp/bankb2_part20f_v2.c: In function 'CODE_B2A0F8_M0X0':
D:/l4t/DKC3Recomp/generated/snesrecomp/bankb2_part20f_v2.c:49:3: warning: label 'L_A0F8_M0X0' defined but not used [-Wunused-label]
   49 |   L_A0F8_M0X0:
      |   ^~~~~~~~~~~
D:/l4t/DKC3Recomp/generated/snesrecomp/bankb2_part210_v2.c: In function 'CODE_B2A10A_M0X0':
D:/l4t/DKC3Recomp/generated/snesrecomp/bankb2_part210_v2.c:49:3: warning: label 'L_A10A_M0X0' defined but not used [-Wunused-label]
   49 |   L_A10A_M0X0:
      |   ^~~~~~~~~~~
D:/l4t/DKC3Recomp/generated/snesrecomp/bankb2_part25_v2.c: In function 'upload_spc_engine_write_spc_command_x_M0X0':
D:/l4t/DKC3Recomp/generated/snesrecomp/bankb2_part25_v2.c:50:3: warning: label 'L_825D_M0X0' defined but not used [-Wunused-label]
   50 |   L_825D_M0X0:
      |   ^~~~~~~~~~~
D:/l4t/DKC3Recomp/generated/snesrecomp/bankb2_part25_v2.c: In function 'upload_spc_engine_write_spc_command_a_M0X0':
D:/l4t/DKC3Recomp/generated/snesrecomp/bankb2_part25_v2.c:109:3: warning: label 'L_825E_M0X0' defined but not used [-Wunused-label]
  109 |   L_825E_M0X0:
      |   ^~~~~~~~~~~
D:/l4t/DKC3Recomp/generated/snesrecomp/bankb2_part27_v2.c: In function 'upload_spc_engine_upload_spc_base_engine_M0X0':
D:/l4t/DKC3Recomp/generated/snesrecomp/bankb2_part27_v2.c:53:3: warning: label 'L_8273_M0X0' defined but not used [-Wunused-label]
   53 |   L_8273_M0X0:
      |   ^~~~~~~~~~~
D:/l4t/DKC3Recomp/generated/snesrecomp/bankb2_part2b_v2.c: In function 'upload_spc_engine_upload_song_data_M0X0':
D:/l4t/DKC3Recomp/generated/snesrecomp/bankb2_part2b_v2.c:50:3: warning: label 'L_82B5_M0X0' defined but not used [-Wunused-label]
   50 |   L_82B5_M0X0:
      |   ^~~~~~~~~~~
D:/l4t/DKC3Recomp/generated/snesrecomp/bankb2_part2c_v2.c: In function 'upload_spc_engine_upload_song_sound_effects_M0X0':
D:/l4t/DKC3Recomp/generated/snesrecomp/bankb2_part2c_v2.c:50:3: warning: label 'L_82CD_M0X0' defined but not used [-Wunused-label]
   50 |   L_82CD_M0X0:
      |   ^~~~~~~~~~~
D:/l4t/DKC3Recomp/generated/snesrecomp/bankb2_part2e_v2.c: In function 'upload_spc_engine_upload_spc_sound_engine_M0X0':
D:/l4t/DKC3Recomp/generated/snesrecomp/bankb2_part2e_v2.c:50:3: warning: label 'L_82E5_M0X0' defined but not used [-Wunused-label]
   50 |   L_82E5_M0X0:
      |   ^~~~~~~~~~~
D:/l4t/DKC3Recomp/generated/snesrecomp/bankb2_part2f_v2.c: In function 'upload_spc_engine_upload_global_samples_M0X0':
D:/l4t/DKC3Recomp/generated/snesrecomp/bankb2_part2f_v2.c:50:3: warning: label 'L_82FD_M0X0' defined but not used [-Wunused-label]
   50 |   L_82FD_M0X0:
      |   ^~~~~~~~~~~
D:/l4t/DKC3Recomp/generated/snesrecomp/bankb2_part312_v2.c: In function 'toboggan_main_M0X0':
D:/l4t/DKC3Recomp/generated/snesrecomp/bankb2_part312_v2.c:55:3: warning: label 'L_B122_M0X0' defined but not used [-Wunused-label]
   55 |   L_B122_M0X0:
      |   ^~~~~~~~~~~
D:/l4t/DKC3Recomp/generated/snesrecomp/bankb2_part312_v2.c: In function 'toboggan_main_handle_sub_state_M0X0':
D:/l4t/DKC3Recomp/generated/snesrecomp/bankb2_part312_v2.c:169:3: warning: label 'L_B12F_M0X0' defined but not used [-Wunused-label]
  169 |   L_B12F_M0X0:
      |   ^~~~~~~~~~~
D:/l4t/DKC3Recomp/generated/snesrecomp/bankb2_part318_v2.c: In function 'toboggan_main_sub_state_1_M0X0':
D:/l4t/DKC3Recomp/generated/snesrecomp/bankb2_part318_v2.c:50:3: warning: label 'L_B183_M0X0' defined but not used [-Wunused-label]
   50 |   L_B183_M0X0:
      |   ^~~~~~~~~~~
D:/l4t/DKC3Recomp/generated/snesrecomp/bankb2_part319_v2.c: In function 'toboggan_main_return_state_M0X0':
D:/l4t/DKC3Recomp/generated/snesrecomp/bankb2_part319_v2.c:54:3: warning: label 'L_B192_M0X0' defined but not used [-Wunused-label]
   54 |   L_B192_M0X0:
      |   ^~~~~~~~~~~
D:/l4t/DKC3Recomp/generated/snesrecomp/bankb2_part319_v2.c: In function 'toboggan_main_state_2_M0X0':
D:/l4t/DKC3Recomp/generated/snesrecomp/bankb2_part319_v2.c:100:3: warning: label 'L_B195_M0X0' defined but not used [-Wunused-label]
  100 |   L_B195_M0X0:
      |   ^~~~~~~~~~~
D:/l4t/DKC3Recomp/generated/snesrecomp/bankb2_part31b_v2.c: In function 'toboggan_main_CODE_B2B1BC_M0X0':
D:/l4t/DKC3Recomp/generated/snesrecomp/bankb2_part31b_v2.c:51:3: warning: label 'L_B1BC_M0X0' defined but not used [-Wunused-label]
   51 |   L_B1BC_M0X0:
      |   ^~~~~~~~~~~
D:/l4t/DKC3Recomp/generated/snesrecomp/bankb2_part31c_v2.c: In function 'toboggan_main_CODE_B2B1C2_M0X0':
D:/l4t/DKC3Recomp/generated/snesrecomp/bankb2_part31c_v2.c:56:3: warning: label 'L_B1C2_M0X0' defined but not used [-Wunused-label]
   56 |   L_B1C2_M0X0:
      |   ^~~~~~~~~~~
D:/l4t/DKC3Recomp/generated/snesrecomp/bankb2_part325_v2.c: In function 'toboggan_main_CODE_B2B25B_M0X0':
D:/l4t/DKC3Recomp/generated/snesrecomp/bankb2_part325_v2.c:51:3: warning: label 'L_B25B_M0X0' defined but not used [-Wunused-label]
   51 |   L_B25B_M0X0:
      |   ^~~~~~~~~~~
D:/l4t/DKC3Recomp/generated/snesrecomp/bankb2_part32_v2.c: In function 'upload_spc_engine_upload_song_sample_set_M0X0':
D:/l4t/DKC3Recomp/generated/snesrecomp/bankb2_part32_v2.c:50:3: warning: label 'L_8325_M0X0' defined but not used [-Wunused-label]
   50 |   L_8325_M0X0:
      |   ^~~~~~~~~~~
D:/l4t/DKC3Recomp/generated/snesrecomp/bankb2_part32b_v2.c: In function 'toboggan_main_CODE_B2B2B5_M0X0':
D:/l4t/DKC3Recomp/generated/snesrecomp/bankb2_part32b_v2.c:58:3: warning: label 'L_B2B5_M0X0' defined but not used [-Wunused-label]
   58 |   L_B2B5_M0X0:
      |   ^~~~~~~~~~~
D:/l4t/DKC3Recomp/generated/snesrecomp/bankb2_part334_v2.c: In function 'toboggan_main_state_3_M0X0':
D:/l4t/DKC3Recomp/generated/snesrecomp/bankb2_part334_v2.c:51:3: warning: label 'L_B34D_M0X0' defined but not used [-Wunused-label]
   51 |   L_B34D_M0X0:
      |   ^~~~~~~~~~~
D:/l4t/DKC3Recomp/generated/snesrecomp/bankb2_part339_v2.c: In function 'toboggan_main_CODE_B2B394_M0X0':
D:/l4t/DKC3Recomp/generated/snesrecomp/bankb2_part339_v2.c:57:3: warning: label 'L_B394_M0X0' defined but not used [-Wunused-label]
   57 |   L_B394_M0X0:
      |   ^~~~~~~~~~~
D:/l4t/DKC3Recomp/generated/snesrecomp/bankb2_part34_v2.c: In function 'upload_spc_engine_sample_uploader_M0X0':
D:/l4t/DKC3Recomp/generated/snesrecomp/bankb2_part34_v2.c:50:3: warning: label 'L_8349_M0X0' defined but not used [-Wunused-label]
   50 |   L_8349_M0X0:
      |   ^~~~~~~~~~~
D:/l4t/DKC3Recomp/generated/snesrecomp/bankb2_part350_v2.c: In function 'toboggan_main_CODE_B2B503_M0X0':
D:/l4t/DKC3Recomp/generated/snesrecomp/bankb2_part350_v2.c:58:3: warning: label 'L_B503_M0X0' defined but not used [-Wunused-label]
   58 |   L_B503_M0X0:
      |   ^~~~~~~~~~~
D:/l4t/DKC3Recomp/generated/snesrecomp/bankb2_part36d_v2.c: In function 'toboggan_main_CODE_B2B6DC_M0X0':
D:/l4t/DKC3Recomp/generated/snesrecomp/bankb2_part36d_v2.c:50:3: warning: label 'L_B6DC_M0X0' defined but not used [-Wunused-label]
   50 |   L_B6DC_M0X0:
      |   ^~~~~~~~~~~
D:/l4t/DKC3Recomp/generated/snesrecomp/bankb2_part36e_v2.c: In function 'toboggan_main_return_state_2_M0X0':
D:/l4t/DKC3Recomp/generated/snesrecomp/bankb2_part36e_v2.c:49:3: warning: label 'L_B6EB_M0X0' defined but not used [-Wunused-label]
   49 |   L_B6EB_M0X0:
      |   ^~~~~~~~~~~
D:/l4t/DKC3Recomp/generated/snesrecomp/bankb2_part371_v2.c: In function 'CODE_B2B715_M0X0':
D:/l4t/DKC3Recomp/generated/snesrecomp/bankb2_part371_v2.c:52:3: warning: label 'L_B715_M0X0' defined but not used [-Wunused-label]
   52 |   L_B715_M0X0:
      |   ^~~~~~~~~~~
D:/l4t/DKC3Recomp/generated/snesrecomp/bankb2_part37f_v2.c: In function 'CODE_B2B7F5_M0X0':
D:/l4t/DKC3Recomp/generated/snesrecomp/bankb2_part37f_v2.c:49:3: warning: label 'L_B7F5_M0X0' defined but not used [-Wunused-label]
   49 |   L_B7F5_M0X0:
      |   ^~~~~~~~~~~
D:/l4t/DKC3Recomp/generated/snesrecomp/bankb2_part381_v2.c: In function 'CODE_B2B813_M0X0':
D:/l4t/DKC3Recomp/generated/snesrecomp/bankb2_part381_v2.c:51:3: warning: label 'L_B813_M0X0' defined but not used [-Wunused-label]
   51 |   L_B813_M0X0:
      |   ^~~~~~~~~~~
D:/l4t/DKC3Recomp/generated/snesrecomp/bankb2_part385_v2.c: In function 'CODE_B2B852_M0X0':
D:/l4t/DKC3Recomp/generated/snesrecomp/bankb2_part385_v2.c:49:3: warning: label 'L_B852_M0X0' defined but not used [-Wunused-label]
   49 |   L_B852_M0X0:
      |   ^~~~~~~~~~~
D:/l4t/DKC3Recomp/generated/snesrecomp/bankb2_part386_v2.c: In function 'CODE_B2B863_M0X0':
D:/l4t/DKC3Recomp/generated/snesrecomp/bankb2_part386_v2.c:50:3: warning: label 'L_B863_M0X0' defined but not used [-Wunused-label]
   50 |   L_B863_M0X0:
      |   ^~~~~~~~~~~
D:/l4t/DKC3Recomp/generated/snesrecomp/bankb2_part38d_v2.c: In function 'CODE_B2B8D1_M0X0':
D:/l4t/DKC3Recomp/generated/snesrecomp/bankb2_part38d_v2.c:50:3: warning: label 'L_B8D1_M0X0' defined but not used [-Wunused-label]
   50 |   L_B8D1_M0X0:
      |   ^~~~~~~~~~~
D:/l4t/DKC3Recomp/generated/snesrecomp/bankb2_part38f_v2.c: In function 'CODE_B2B8F9_M0X0':
D:/l4t/DKC3Recomp/generated/snesrecomp/bankb2_part38f_v2.c:49:3: warning: label 'L_B8F9_M0X0' defined but not used [-Wunused-label]
   49 |   L_B8F9_M0X0:
      |   ^~~~~~~~~~~
D:/l4t/DKC3Recomp/generated/snesrecomp/bankb2_part393_v2.c: In function 'CODE_B2B933_M0X0':
D:/l4t/DKC3Recomp/generated/snesrecomp/bankb2_part393_v2.c:50:3: warning: label 'L_B933_M0X0' defined but not used [-Wunused-label]
   50 |   L_B933_M0X0:
      |   ^~~~~~~~~~~
D:/l4t/DKC3Recomp/generated/snesrecomp/bankb2_part393_v2.c: In function 'CODE_B2B93D_M0X0':
D:/l4t/DKC3Recomp/generated/snesrecomp/bankb2_part393_v2.c:171:3: warning: label 'L_B93D_M0X0' defined but not used [-Wunused-label]
  171 |   L_B93D_M0X0:
      |   ^~~~~~~~~~~
D:/l4t/DKC3Recomp/generated/snesrecomp/bankb2_part394_v2.c: In function 'CODE_B2B94F_M0X0':
D:/l4t/DKC3Recomp/generated/snesrecomp/bankb2_part394_v2.c:50:3: warning: label 'L_B94F_M0X0' defined but not used [-Wunused-label]
   50 |   L_B94F_M0X0:
      |   ^~~~~~~~~~~
D:/l4t/DKC3Recomp/generated/snesrecomp/bankb2_part39a_v2.c: In function 'CODE_B2B9A0_M0X0':
D:/l4t/DKC3Recomp/generated/snesrecomp/bankb2_part39a_v2.c:49:3: warning: label 'L_B9A0_M0X0' defined but not used [-Wunused-label]
   49 |   L_B9A0_M0X0:
      |   ^~~~~~~~~~~
D:/l4t/DKC3Recomp/generated/snesrecomp/bankb2_part3aa_v2.c: In function 'CODE_B2BAAC_M0X0':
D:/l4t/DKC3Recomp/generated/snesrecomp/bankb2_part3aa_v2.c:51:3: warning: label 'L_BAAC_M0X0' defined but not used [-Wunused-label]
   51 |   L_BAAC_M0X0:
      |   ^~~~~~~~~~~
D:/l4t/DKC3Recomp/generated/snesrecomp/bankb2_part3ae_v2.c: In function 'CODE_B2BAE4_M0X0':
D:/l4t/DKC3Recomp/generated/snesrecomp/bankb2_part3ae_v2.c:49:3: warning: label 'L_BAE4_M0X0' defined but not used [-Wunused-label]
   49 |   L_BAE4_M0X0:
      |   ^~~~~~~~~~~
D:/l4t/DKC3Recomp/generated/snesrecomp/bankb2_part3b6_v2.c: In function 'CODE_B2BB62_M0X0':
D:/l4t/DKC3Recomp/generated/snesrecomp/bankb2_part3b6_v2.c:50:3: warning: label 'L_BB62_M0X0' defined but not used [-Wunused-label]
   50 |   L_BB62_M0X0:
      |   ^~~~~~~~~~~
D:/l4t/DKC3Recomp/generated/snesrecomp/bankb2_part3ba_v2.c: In function 'CODE_B2BBA9_M0X0':
D:/l4t/DKC3Recomp/generated/snesrecomp/bankb2_part3ba_v2.c:49:3: warning: label 'L_BBA9_M0X0' defined but not used [-Wunused-label]
   49 |   L_BBA9_M0X0:
      |   ^~~~~~~~~~~
D:/l4t/DKC3Recomp/generated/snesrecomp/bankb2_part3c3_v2.c: In function 'CODE_B2BC39_M0X0':
D:/l4t/DKC3Recomp/generated/snesrecomp/bankb2_part3c3_v2.c:50:3: warning: label 'L_BC39_M0X0' defined but not used [-Wunused-label]
   50 |   L_BC39_M0X0:
      |   ^~~~~~~~~~~
D:/l4t/DKC3Recomp/generated/snesrecomp/bankb2_part3c5_v2.c: In function 'CODE_B2BC5E_M0X0':
D:/l4t/DKC3Recomp/generated/snesrecomp/bankb2_part3c5_v2.c:50:3: warning: label 'L_BC5E_M0X0' defined but not used [-Wunused-label]
   50 |   L_BC5E_M0X0:
      |   ^~~~~~~~~~~
D:/l4t/DKC3Recomp/generated/snesrecomp/bankb2_part3c8_v2.c: In function 'CODE_B2BC86_M0X0':
D:/l4t/DKC3Recomp/generated/snesrecomp/bankb2_part3c8_v2.c:49:3: warning: label 'L_BC86_M0X0' defined but not used [-Wunused-label]
   49 |   L_BC86_M0X0:
      |   ^~~~~~~~~~~
D:/l4t/DKC3Recomp/generated/snesrecomp/bankb2_part3d7_v2.c: In function 'CODE_B2BD77_M0X0':
D:/l4t/DKC3Recomp/generated/snesrecomp/bankb2_part3d7_v2.c:52:3: warning: label 'L_BD77_M0X0' defined but not used [-Wunused-label]
   52 |   L_BD77_M0X0:
      |   ^~~~~~~~~~~
D:/l4t/DKC3Recomp/generated/snesrecomp/bankb2_part3dc_v2.c: In function 'CODE_B2BDC9_M0X0':
D:/l4t/DKC3Recomp/generated/snesrecomp/bankb2_part3dc_v2.c:49:3: warning: label 'L_BDC9_M0X0' defined but not used [-Wunused-label]
   49 |   L_BDC9_M0X0:
      |   ^~~~~~~~~~~
D:/l4t/DKC3Recomp/generated/snesrecomp/bankb2_part3dd_v2.c: In function 'CODE_B2BDD4_M0X0':
D:/l4t/DKC3Recomp/generated/snesrecomp/bankb2_part3dd_v2.c:49:3: warning: label 'L_BDD4_M0X0' defined but not used [-Wunused-label]
   49 |   L_BDD4_M0X0:
      |   ^~~~~~~~~~~
D:/l4t/DKC3Recomp/generated/snesrecomp/bankb2_part3df_v2.c: In function 'CODE_B2BDF0_M0X0':
D:/l4t/DKC3Recomp/generated/snesrecomp/bankb2_part3df_v2.c:49:3: warning: label 'L_BDF0_M0X0' defined but not used [-Wunused-label]
   49 |   L_BDF0_M0X0:
      |   ^~~~~~~~~~~
D:/l4t/DKC3Recomp/generated/snesrecomp/bankb2_part3e0_v2.c: In function 'CODE_B2BE08_M0X0':
D:/l4t/DKC3Recomp/generated/snesrecomp/bankb2_part3e0_v2.c:49:3: warning: label 'L_BE08_M0X0' defined but not used [-Wunused-label]
   49 |   L_BE08_M0X0:
      |   ^~~~~~~~~~~
D:/l4t/DKC3Recomp/generated/snesrecomp/bankb2_part3e2_v2.c: In function 'CODE_B2BE26_M0X0':
D:/l4t/DKC3Recomp/generated/snesrecomp/bankb2_part3e2_v2.c:51:3: warning: label 'L_BE26_M0X0' defined but not used [-Wunused-label]
   51 |   L_BE26_M0X0:
      |   ^~~~~~~~~~~
D:/l4t/DKC3Recomp/generated/snesrecomp/bankb2_part3f2_v2.c: In function 'CODE_B2BF2B_M0X0':
D:/l4t/DKC3Recomp/generated/snesrecomp/bankb2_part3f2_v2.c:49:3: warning: label 'L_BF2B_M0X0' defined but not used [-Wunused-label]
   49 |   L_BF2B_M0X0:
      |   ^~~~~~~~~~~
D:/l4t/DKC3Recomp/generated/snesrecomp/bankb2_part3f5_v2.c: In function 'large_pipe_main_M0X0':
D:/l4t/DKC3Recomp/generated/snesrecomp/bankb2_part3f5_v2.c:51:3: warning: label 'L_BF52_M0X0' defined but not used [-Wunused-label]
   51 |   L_BF52_M0X0:
      |   ^~~~~~~~~~~
D:/l4t/DKC3Recomp/generated/snesrecomp/bankb2_part3fc_v2.c: In function 'CODE_B2BFC2_M0X0':
D:/l4t/DKC3Recomp/generated/snesrecomp/bankb2_part3fc_v2.c:49:3: warning: label 'L_BFC2_M0X0' defined but not used [-Wunused-label]
   49 |   L_BFC2_M0X0:
      |   ^~~~~~~~~~~
D:/l4t/DKC3Recomp/generated/snesrecomp/bankb2_part3fd_v2.c: In function 'CODE_B2BFDF_M0X0':
D:/l4t/DKC3Recomp/generated/snesrecomp/bankb2_part3fd_v2.c:49:3: warning: label 'L_BFDF_M0X0' defined but not used [-Wunused-label]
   49 |   L_BFDF_M0X0:
      |   ^~~~~~~~~~~
D:/l4t/DKC3Recomp/generated/snesrecomp/bankb2_part418_v2.c: In function 'CODE_B2C18F_M0X0':
D:/l4t/DKC3Recomp/generated/snesrecomp/bankb2_part418_v2.c:50:3: warning: label 'L_C18F_M0X0' defined but not used [-Wunused-label]
   50 |   L_C18F_M0X0:
      |   ^~~~~~~~~~~
D:/l4t/DKC3Recomp/generated/snesrecomp/bankb2_part41a_v2.c: In function 'CODE_B2C1AB_M0X0':
D:/l4t/DKC3Recomp/generated/snesrecomp/bankb2_part41a_v2.c:49:3: warning: label 'L_C1AB_M0X0' defined but not used [-Wunused-label]
   49 |   L_C1AB_M0X0:
      |   ^~~~~~~~~~~
D:/l4t/DKC3Recomp/generated/snesrecomp/bankb2_part429_v2.c: In function 'CODE_B2C298_M0X0':
D:/l4t/DKC3Recomp/generated/snesrecomp/bankb2_part429_v2.c:51:3: warning: label 'L_C298_M0X0' defined but not used [-Wunused-label]
   51 |   L_C298_M0X0:
      |   ^~~~~~~~~~~
D:/l4t/DKC3Recomp/generated/snesrecomp/bankb2_part431_v2.c: In function 'CODE_B2C313_M0X0':
D:/l4t/DKC3Recomp/generated/snesrecomp/bankb2_part431_v2.c:50:3: warning: label 'L_C313_M0X0' defined but not used [-Wunused-label]
   50 |   L_C313_M0X0:
      |   ^~~~~~~~~~~
D:/l4t/DKC3Recomp/generated/snesrecomp/bankb2_part431_v2.c: In function 'CODE_B2C31C_M0X0':
D:/l4t/DKC3Recomp/generated/snesrecomp/bankb2_part431_v2.c:171:3: warning: label 'L_C31C_M0X0' defined but not used [-Wunused-label]
  171 |   L_C31C_M0X0:
      |   ^~~~~~~~~~~
D:/l4t/DKC3Recomp/generated/snesrecomp/bankb2_part432_v2.c: In function 'CODE_B2C32E_M0X0':
D:/l4t/DKC3Recomp/generated/snesrecomp/bankb2_part432_v2.c:49:3: warning: label 'L_C32E_M0X0' defined but not used [-Wunused-label]
   49 |   L_C32E_M0X0:
      |   ^~~~~~~~~~~
D:/l4t/DKC3Recomp/generated/snesrecomp/bankb2_part436_v2.c: In function 'CODE_B2C361_M0X0':
D:/l4t/DKC3Recomp/generated/snesrecomp/bankb2_part436_v2.c:49:3: warning: label 'L_C361_M0X0' defined but not used [-Wunused-label]
   49 |   L_C361_M0X0:
      |   ^~~~~~~~~~~
D:/l4t/DKC3Recomp/generated/snesrecomp/bankb2_part440_v2.c: In function 'CODE_B2C403_M0X0':
D:/l4t/DKC3Recomp/generated/snesrecomp/bankb2_part440_v2.c:49:3: warning: label 'L_C403_M0X0' defined but not used [-Wunused-label]
   49 |   L_C403_M0X0:
      |   ^~~~~~~~~~~
D:/l4t/DKC3Recomp/generated/snesrecomp/bankb2_part443_v2.c: In function 'CODE_B2C433_M0X0':
D:/l4t/DKC3Recomp/generated/snesrecomp/bankb2_part443_v2.c:50:3: warning: label 'L_C433_M0X0' defined but not used [-Wunused-label]
   50 |   L_C433_M0X0:
      |   ^~~~~~~~~~~
D:/l4t/DKC3Recomp/generated/snesrecomp/bankb2_part454_v2.c: In function 'CODE_B2C547_M0X0':
D:/l4t/DKC3Recomp/generated/snesrecomp/bankb2_part454_v2.c:51:3: warning: label 'L_C547_M0X0' defined but not used [-Wunused-label]
   51 |   L_C547_M0X0:
      |   ^~~~~~~~~~~
D:/l4t/DKC3Recomp/generated/snesrecomp/bankb2_part455_v2.c: In function 'CODE_B2C555_M0X0':
D:/l4t/DKC3Recomp/generated/snesrecomp/bankb2_part455_v2.c:49:3: warning: label 'L_C555_M0X0' defined but not used [-Wunused-label]
   49 |   L_C555_M0X0:
      |   ^~~~~~~~~~~
D:/l4t/DKC3Recomp/generated/snesrecomp/bankb2_part46_v2.c: In function 'upload_spc_engine_upload_inline_spc_block_M0X0':
D:/l4t/DKC3Recomp/generated/snesrecomp/bankb2_part46_v2.c:50:3: warning: label 'L_846C_M0X0' defined but not used [-Wunused-label]
   50 |   L_846C_M0X0:
      |   ^~~~~~~~~~~
D:/l4t/DKC3Recomp/generated/snesrecomp/bankb2_part46a_v2.c: In function 'CODE_B2C6AC_M0X0':
D:/l4t/DKC3Recomp/generated/snesrecomp/bankb2_part46a_v2.c:49:3: warning: label 'L_C6AC_M0X0' defined but not used [-Wunused-label]
   49 |   L_C6AC_M0X0:
      |   ^~~~~~~~~~~
D:/l4t/DKC3Recomp/generated/snesrecomp/bankb2_part46d_v2.c: In function 'CODE_B2C6D8_M0X0':
D:/l4t/DKC3Recomp/generated/snesrecomp/bankb2_part46d_v2.c:50:3: warning: label 'L_C6D8_M0X0' defined but not used [-Wunused-label]
   50 |   L_C6D8_M0X0:
      |   ^~~~~~~~~~~
D:/l4t/DKC3Recomp/generated/snesrecomp/bankb2_part46e_v2.c: In function 'CODE_B2C6EE_M0X0':
D:/l4t/DKC3Recomp/generated/snesrecomp/bankb2_part46e_v2.c:52:3: warning: label 'L_C6EE_M0X0' defined but not used [-Wunused-label]
   52 |   L_C6EE_M0X0:
      |   ^~~~~~~~~~~
D:/l4t/DKC3Recomp/generated/snesrecomp/bankb2_part470_v2.c: In function 'CODE_B2C70E_M0X0':
D:/l4t/DKC3Recomp/generated/snesrecomp/bankb2_part470_v2.c:49:3: warning: label 'L_C70E_M0X0' defined but not used [-Wunused-label]
   49 |   L_C70E_M0X0:
      |   ^~~~~~~~~~~
D:/l4t/DKC3Recomp/generated/snesrecomp/bankb2_part473_v2.c: In function 'CODE_B2C733_M0X0':
D:/l4t/DKC3Recomp/generated/snesrecomp/bankb2_part473_v2.c:49:3: warning: label 'L_C733_M0X0' defined but not used [-Wunused-label]
   49 |   L_C733_M0X0:
      |   ^~~~~~~~~~~
D:/l4t/DKC3Recomp/generated/snesrecomp/bankb2_part47_v2.c: In function 'upload_spc_engine_execute_spc_sound_engine_M0X0':
D:/l4t/DKC3Recomp/generated/snesrecomp/bankb2_part47_v2.c:50:3: warning: label 'L_847E_M0X0' defined but not used [-Wunused-label]
   50 |   L_847E_M0X0:
      |   ^~~~~~~~~~~
D:/l4t/DKC3Recomp/generated/snesrecomp/bankb2_part47a_v2.c: In function 'CODE_B2C7AE_M0X0':
D:/l4t/DKC3Recomp/generated/snesrecomp/bankb2_part47a_v2.c:49:3: warning: label 'L_C7AE_M0X0' defined but not used [-Wunused-label]
   49 |   L_C7AE_M0X0:
      |   ^~~~~~~~~~~
D:/l4t/DKC3Recomp/generated/snesrecomp/bankb2_part48_v2.c: In function 'upload_spc_engine_upload_spc_block_M0X0':
D:/l4t/DKC3Recomp/generated/snesrecomp/bankb2_part48_v2.c:53:3: warning: label 'L_8485_M0X0' defined but not used [-Wunused-label]
   53 |   L_8485_M0X0:
      |   ^~~~~~~~~~~
D:/l4t/DKC3Recomp/generated/snesrecomp/bankb2_part493_v2.c: In function 'CODE_B2C934_M0X0':
D:/l4t/DKC3Recomp/generated/snesrecomp/bankb2_part493_v2.c:52:3: warning: label 'L_C934_M0X0' defined but not used [-Wunused-label]
   52 |   L_C934_M0X0:
      |   ^~~~~~~~~~~
D:/l4t/DKC3Recomp/generated/snesrecomp/bankb2_part498_v2.c: In function 'CODE_B2C983_M0X0':
D:/l4t/DKC3Recomp/generated/snesrecomp/bankb2_part498_v2.c:51:3: warning: label 'L_C983_M0X0' defined but not used [-Wunused-label]
   51 |   L_C983_M0X0:
      |   ^~~~~~~~~~~
D:/l4t/DKC3Recomp/generated/snesrecomp/bankb2_part499_v2.c: In function 'CODE_B2C99E_M0X0':
D:/l4t/DKC3Recomp/generated/snesrecomp/bankb2_part499_v2.c:50:3: warning: label 'L_C99E_M0X0' defined but not used [-Wunused-label]
   50 |   L_C99E_M0X0:
      |   ^~~~~~~~~~~
D:/l4t/DKC3Recomp/generated/snesrecomp/bankb2_part4a1_v2.c: In function 'CODE_B2CA18_M0X0':
D:/l4t/DKC3Recomp/generated/snesrecomp/bankb2_part4a1_v2.c:49:3: warning: label 'L_CA18_M0X0' defined but not used [-Wunused-label]
   49 |   L_CA18_M0X0:
      |   ^~~~~~~~~~~
D:/l4t/DKC3Recomp/generated/snesrecomp/bankb2_part4a2_v2.c: In function 'CODE_B2CA2B_M0X0':
D:/l4t/DKC3Recomp/generated/snesrecomp/bankb2_part4a2_v2.c:49:3: warning: label 'L_CA2B_M0X0' defined but not used [-Wunused-label]
   49 |   L_CA2B_M0X0:
      |   ^~~~~~~~~~~
D:/l4t/DKC3Recomp/generated/snesrecomp/bankb2_part4a5_v2.c: In function 'CODE_B2CA5E_M0X0':
D:/l4t/DKC3Recomp/generated/snesrecomp/bankb2_part4a5_v2.c:49:3: warning: label 'L_CA5E_M0X0' defined but not used [-Wunused-label]
   49 |   L_CA5E_M0X0:
      |   ^~~~~~~~~~~
D:/l4t/DKC3Recomp/generated/snesrecomp/bankb2_part4b3_v2.c: In function 'boat_water_trail_main_M0X0':
D:/l4t/DKC3Recomp/generated/snesrecomp/bankb2_part4b3_v2.c:51:3: warning: label 'L_CB37_M0X0' defined but not used [-Wunused-label]
   51 |   L_CB37_M0X0:
      |   ^~~~~~~~~~~
D:/l4t/DKC3Recomp/generated/snesrecomp/bankb2_part4b3_v2.c: In function 'CODE_B2CB3E_M0X0':
D:/l4t/DKC3Recomp/generated/snesrecomp/bankb2_part4b3_v2.c:129:3: warning: label 'L_CB3E_M0X0' defined but not used [-Wunused-label]
  129 |   L_CB3E_M0X0:
      |   ^~~~~~~~~~~
D:/l4t/DKC3Recomp/generated/snesrecomp/bankb2_part4b5_v2.c: In function 'CODE_B2CB59_M0X0':
D:/l4t/DKC3Recomp/generated/snesrecomp/bankb2_part4b5_v2.c:52:3: warning: label 'L_CB59_M0X0' defined but not used [-Wunused-label]
   52 |   L_CB59_M0X0:
      |   ^~~~~~~~~~~
D:/l4t/DKC3Recomp/generated/snesrecomp/bankb2_part4b7_v2.c: In function 'CODE_B2CB78_M0X0':
D:/l4t/DKC3Recomp/generated/snesrecomp/bankb2_part4b7_v2.c:49:3: warning: label 'L_CB78_M0X0' defined but not used [-Wunused-label]
   49 |   L_CB78_M0X0:
      |   ^~~~~~~~~~~
D:/l4t/DKC3Recomp/generated/snesrecomp/bankb2_part4b8_v2.c: In function 'CODE_B2CB8D_M0X0':
D:/l4t/DKC3Recomp/generated/snesrecomp/bankb2_part4b8_v2.c:52:3: warning: label 'L_CB8D_M0X0' defined but not used [-Wunused-label]
   52 |   L_CB8D_M0X0:
      |   ^~~~~~~~~~~
D:/l4t/DKC3Recomp/generated/snesrecomp/bankb2_part4bd_v2.c: In function 'CODE_B2CBD5_M0X0':
D:/l4t/DKC3Recomp/generated/snesrecomp/bankb2_part4bd_v2.c:49:3: warning: label 'L_CBD5_M0X0' defined but not used [-Wunused-label]
   49 |   L_CBD5_M0X0:
      |   ^~~~~~~~~~~
D:/l4t/DKC3Recomp/generated/snesrecomp/bankb2_part4c0_v2.c: In function 'CODE_B2CC0A_M0X0':
D:/l4t/DKC3Recomp/generated/snesrecomp/bankb2_part4c0_v2.c:49:3: warning: label 'L_CC0A_M0X0' defined but not used [-Wunused-label]
   49 |   L_CC0A_M0X0:
      |   ^~~~~~~~~~~
D:/l4t/DKC3Recomp/generated/snesrecomp/bankb2_part4c6_v2.c: In function 'map_vehicle_main_M0X0':
D:/l4t/DKC3Recomp/generated/snesrecomp/bankb2_part4c6_v2.c:49:3: warning: label 'L_CC62_M0X0' defined but not used [-Wunused-label]
   49 |   L_CC62_M0X0:
      |   ^~~~~~~~~~~
D:/l4t/DKC3Recomp/generated/snesrecomp/bankb2_part4c_v2.c: In function 'CODE_B284CD_M0X0':
D:/l4t/DKC3Recomp/generated/snesrecomp/bankb2_part4c_v2.c:50:3: warning: label 'L_84CD_M0X0' defined but not used [-Wunused-label]
   50 |   L_84CD_M0X0:
      |   ^~~~~~~~~~~
D:/l4t/DKC3Recomp/generated/snesrecomp/bankb2_part4d_v2.c: In function 'CODE_B284D3_M0X0':
D:/l4t/DKC3Recomp/generated/snesrecomp/bankb2_part4d_v2.c:50:3: warning: label 'L_84D3_M0X0' defined but not used [-Wunused-label]
   50 |   L_84D3_M0X0:
      |   ^~~~~~~~~~~
D:/l4t/DKC3Recomp/generated/snesrecomp/bankb2_part4de_v2.c: In function 'CODE_B2CDE5_M0X0':
D:/l4t/DKC3Recomp/generated/snesrecomp/bankb2_part4de_v2.c:49:3: warning: label 'L_CDE5_M0X0' defined but not used [-Wunused-label]
   49 |   L_CDE5_M0X0:
      |   ^~~~~~~~~~~
D:/l4t/DKC3Recomp/generated/snesrecomp/bankb2_part4df_v2.c: In function 'CODE_B2CDFC_M0X0':
D:/l4t/DKC3Recomp/generated/snesrecomp/bankb2_part4df_v2.c:50:3: warning: label 'L_CDFC_M0X0' defined but not used [-Wunused-label]
   50 |   L_CDFC_M0X0:
      |   ^~~~~~~~~~~
D:/l4t/DKC3Recomp/generated/snesrecomp/bankb2_part4e2_v2.c: In function 'CODE_B2CE2E_M0X0':
D:/l4t/DKC3Recomp/generated/snesrecomp/bankb2_part4e2_v2.c:50:3: warning: label 'L_CE2E_M0X0' defined but not used [-Wunused-label]
   50 |   L_CE2E_M0X0:
      |   ^~~~~~~~~~~
D:/l4t/DKC3Recomp/generated/snesrecomp/bankb2_part4e6_v2.c: In function 'CODE_B2CE6B_M0X0':
D:/l4t/DKC3Recomp/generated/snesrecomp/bankb2_part4e6_v2.c:49:3: warning: label 'L_CE6B_M0X0' defined but not used [-Wunused-label]
   49 |   L_CE6B_M0X0:
      |   ^~~~~~~~~~~
D:/l4t/DKC3Recomp/generated/snesrecomp/bankb2_part4f6_v2.c: In function 'CODE_B2CF60_M0X0':
D:/l4t/DKC3Recomp/generated/snesrecomp/bankb2_part4f6_v2.c:49:3: warning: label 'L_CF60_M0X0' defined but not used [-Wunused-label]
   49 |   L_CF60_M0X0:
      |   ^~~~~~~~~~~
D:/l4t/DKC3Recomp/generated/snesrecomp/bankb2_part4fe_v2.c: In function 'CODE_B2CFE9_M0X0':
D:/l4t/DKC3Recomp/generated/snesrecomp/bankb2_part4fe_v2.c:49:3: warning: label 'L_CFE9_M0X0' defined but not used [-Wunused-label]
   49 |   L_CFE9_M0X0:
      |   ^~~~~~~~~~~
D:/l4t/DKC3Recomp/generated/snesrecomp/bankb2_part500_v2.c: In function 'CODE_B2D00B_M0X0':
D:/l4t/DKC3Recomp/generated/snesrecomp/bankb2_part500_v2.c:52:3: warning: label 'L_D00B_M0X0' defined but not used [-Wunused-label]
   52 |   L_D00B_M0X0:
      |   ^~~~~~~~~~~
D:/l4t/DKC3Recomp/generated/snesrecomp/bankb2_part504_v2.c: In function 'CODE_B2D045_M0X0':
D:/l4t/DKC3Recomp/generated/snesrecomp/bankb2_part504_v2.c:49:3: warning: label 'L_D045_M0X0' defined but not used [-Wunused-label]
   49 |   L_D045_M0X0:
      |   ^~~~~~~~~~~
D:/l4t/DKC3Recomp/generated/snesrecomp/bankb2_part509_v2.c: In function 'CODE_B2D09A_M0X0':
D:/l4t/DKC3Recomp/generated/snesrecomp/bankb2_part509_v2.c:52:3: warning: label 'L_D09A_M0X0' defined but not used [-Wunused-label]
   52 |   L_D09A_M0X0:
      |   ^~~~~~~~~~~
D:/l4t/DKC3Recomp/generated/snesrecomp/bankb2_part50e_v2.c: In function 'CODE_B2D0EC_M0X0':
D:/l4t/DKC3Recomp/generated/snesrecomp/bankb2_part50e_v2.c:49:3: warning: label 'L_D0EC_M0X0' defined but not used [-Wunused-label]
   49 |   L_D0EC_M0X0:
      |   ^~~~~~~~~~~
D:/l4t/DKC3Recomp/generated/snesrecomp/bankb2_part512_v2.c: In function 'CODE_B2D127_M0X0':
D:/l4t/DKC3Recomp/generated/snesrecomp/bankb2_part512_v2.c:50:3: warning: label 'L_D127_M0X0' defined but not used [-Wunused-label]
   50 |   L_D127_M0X0:
      |   ^~~~~~~~~~~
D:/l4t/DKC3Recomp/generated/snesrecomp/bankb2_part51c_v2.c: In function 'CODE_B2D1C7_M0X0':
D:/l4t/DKC3Recomp/generated/snesrecomp/bankb2_part51c_v2.c:49:3: warning: label 'L_D1C7_M0X0' defined but not used [-Wunused-label]
   49 |   L_D1C7_M0X0:
      |   ^~~~~~~~~~~
D:/l4t/DKC3Recomp/generated/snesrecomp/bankb2_part51d_v2.c: In function 'CODE_B2D1D4_M0X0':
D:/l4t/DKC3Recomp/generated/snesrecomp/bankb2_part51d_v2.c:49:3: warning: label 'L_D1D4_M0X0' defined but not used [-Wunused-label]
   49 |   L_D1D4_M0X0:
      |   ^~~~~~~~~~~
D:/l4t/DKC3Recomp/generated/snesrecomp/bankb2_part51f_v2.c: In function 'CODE_B2D1FF_M0X0':
D:/l4t/DKC3Recomp/generated/snesrecomp/bankb2_part51f_v2.c:50:3: warning: label 'L_D1FF_M0X0' defined but not used [-Wunused-label]
   50 |   L_D1FF_M0X0:
      |   ^~~~~~~~~~~
D:/l4t/DKC3Recomp/generated/snesrecomp/bankb2_part524_v2.c: In function 'CODE_B2D247_M0X0':
D:/l4t/DKC3Recomp/generated/snesrecomp/bankb2_part524_v2.c:50:3: warning: label 'L_D247_M0X0' defined but not used [-Wunused-label]
   50 |   L_D247_M0X0:
      |   ^~~~~~~~~~~
D:/l4t/DKC3Recomp/generated/snesrecomp/bankb2_part528_v2.c: In function 'CODE_B2D284_M0X0':
D:/l4t/DKC3Recomp/generated/snesrecomp/bankb2_part528_v2.c:50:3: warning: label 'L_D284_M0X0' defined but not used [-Wunused-label]
   50 |   L_D284_M0X0:
      |   ^~~~~~~~~~~
D:/l4t/DKC3Recomp/generated/snesrecomp/bankb2_part52_v2.c: In function 'CODE_B28521_M0X0':
D:/l4t/DKC3Recomp/generated/snesrecomp/bankb2_part52_v2.c:50:3: warning: label 'L_8521_M0X0' defined but not used [-Wunused-label]
   50 |   L_8521_M0X0:
      |   ^~~~~~~~~~~
D:/l4t/DKC3Recomp/generated/snesrecomp/bankb2_part52_v2.c: In function 'CODE_B2852D_M0X0':
D:/l4t/DKC3Recomp/generated/snesrecomp/bankb2_part52_v2.c:164:3: warning: label 'L_852D_M0X0' defined but not used [-Wunused-label]
  164 |   L_852D_M0X0:
      |   ^~~~~~~~~~~
D:/l4t/DKC3Recomp/generated/snesrecomp/bankb2_part52c_v2.c: In function 'CODE_B2D2C6_M0X0':
D:/l4t/DKC3Recomp/generated/snesrecomp/bankb2_part52c_v2.c:49:3: warning: label 'L_D2C6_M0X0' defined but not used [-Wunused-label]
   49 |   L_D2C6_M0X0:
      |   ^~~~~~~~~~~
D:/l4t/DKC3Recomp/generated/snesrecomp/bankb2_part52f_v2.c: In function 'CODE_B2D2FF_M0X0':
D:/l4t/DKC3Recomp/generated/snesrecomp/bankb2_part52f_v2.c:50:3: warning: label 'L_D2FF_M0X0' defined but not used [-Wunused-label]
   50 |   L_D2FF_M0X0:
      |   ^~~~~~~~~~~
D:/l4t/DKC3Recomp/generated/snesrecomp/bankb2_part530_v2.c: In function 'CODE_B2D30A_M0X0':
D:/l4t/DKC3Recomp/generated/snesrecomp/bankb2_part530_v2.c:49:3: warning: label 'L_D30A_M0X0' defined but not used [-Wunused-label]
   49 |   L_D30A_M0X0:
      |   ^~~~~~~~~~~
D:/l4t/DKC3Recomp/generated/snesrecomp/bankb2_part532_v2.c: In function 'CODE_B2D326_M0X0':
D:/l4t/DKC3Recomp/generated/snesrecomp/bankb2_part532_v2.c:49:3: warning: label 'L_D326_M0X0' defined but not used [-Wunused-label]
   49 |   L_D326_M0X0:
      |   ^~~~~~~~~~~
D:/l4t/DKC3Recomp/generated/snesrecomp/bankb2_part537_v2.c: In function 'CODE_B2D379_M0X0':
D:/l4t/DKC3Recomp/generated/snesrecomp/bankb2_part537_v2.c:52:3: warning: label 'L_D379_M0X0' defined but not used [-Wunused-label]
   52 |   L_D379_M0X0:
      |   ^~~~~~~~~~~
D:/l4t/DKC3Recomp/generated/snesrecomp/bankb2_part53d_v2.c: In function 'CODE_B2D3D9_M0X0':
D:/l4t/DKC3Recomp/generated/snesrecomp/bankb2_part53d_v2.c:51:3: warning: label 'L_D3D9_M0X0' defined but not used [-Wunused-label]
   51 |   L_D3D9_M0X0:
      |   ^~~~~~~~~~~
D:/l4t/DKC3Recomp/generated/snesrecomp/bankb2_part53f_v2.c: In function 'CODE_B2D3FE_M0X0':
D:/l4t/DKC3Recomp/generated/snesrecomp/bankb2_part53f_v2.c:49:3: warning: label 'L_D3FE_M0X0' defined but not used [-Wunused-label]
   49 |   L_D3FE_M0X0:
      |   ^~~~~~~~~~~
D:/l4t/DKC3Recomp/generated/snesrecomp/bankb2_part541_v2.c: In function 'CODE_B2D413_M0X0':
D:/l4t/DKC3Recomp/generated/snesrecomp/bankb2_part541_v2.c:49:3: warning: label 'L_D413_M0X0' defined but not used [-Wunused-label]
   49 |   L_D413_M0X0:
      |   ^~~~~~~~~~~
D:/l4t/DKC3Recomp/generated/snesrecomp/bankb2_part542_v2.c: In function 'CODE_B2D425_M0X0':
D:/l4t/DKC3Recomp/generated/snesrecomp/bankb2_part542_v2.c:49:3: warning: label 'L_D425_M0X0' defined but not used [-Wunused-label]
   49 |   L_D425_M0X0:
      |   ^~~~~~~~~~~
D:/l4t/DKC3Recomp/generated/snesrecomp/bankb2_part543_v2.c: In function 'CODE_B2D439_M0X0':
D:/l4t/DKC3Recomp/generated/snesrecomp/bankb2_part543_v2.c:52:3: warning: label 'L_D439_M0X0' defined but not used [-Wunused-label]
   52 |   L_D439_M0X0:
      |   ^~~~~~~~~~~
D:/l4t/DKC3Recomp/generated/snesrecomp/bankb2_part549_v2.c: In function 'CODE_B2D49B_M0X0':
D:/l4t/DKC3Recomp/generated/snesrecomp/bankb2_part549_v2.c:51:3: warning: label 'L_D49B_M0X0' defined but not used [-Wunused-label]
   51 |   L_D49B_M0X0:
      |   ^~~~~~~~~~~
D:/l4t/DKC3Recomp/generated/snesrecomp/bankb2_part54d_v2.c: In function 'CODE_B2D4D9_M0X0':
D:/l4t/DKC3Recomp/generated/snesrecomp/bankb2_part54d_v2.c:51:3: warning: label 'L_D4D9_M0X0' defined but not used [-Wunused-label]
   51 |   L_D4D9_M0X0:
      |   ^~~~~~~~~~~
D:/l4t/DKC3Recomp/generated/snesrecomp/bankb2_part550_v2.c: In function 'CODE_B2D50E_M0X0':
D:/l4t/DKC3Recomp/generated/snesrecomp/bankb2_part550_v2.c:49:3: warning: label 'L_D50E_M0X0' defined but not used [-Wunused-label]
   49 |   L_D50E_M0X0:
      |   ^~~~~~~~~~~
D:/l4t/DKC3Recomp/generated/snesrecomp/bankb2_part551_v2.c: In function 'CODE_B2D51D_M0X0':
D:/l4t/DKC3Recomp/generated/snesrecomp/bankb2_part551_v2.c:49:3: warning: label 'L_D51D_M0X0' defined but not used [-Wunused-label]
   49 |   L_D51D_M0X0:
      |   ^~~~~~~~~~~
D:/l4t/DKC3Recomp/generated/snesrecomp/bankb2_part552_v2.c: In function 'game_over_blocks_main_M0X0':
D:/l4t/DKC3Recomp/generated/snesrecomp/bankb2_part552_v2.c:49:3: warning: label 'L_D52D_M0X0' defined but not used [-Wunused-label]
   49 |   L_D52D_M0X0:
      |   ^~~~~~~~~~~
D:/l4t/DKC3Recomp/generated/snesrecomp/bankb2_part55f_v2.c: In function 'ending_swanky_main_M0X0':
D:/l4t/DKC3Recomp/generated/snesrecomp/bankb2_part55f_v2.c:49:3: warning: label 'L_D5F3_M0X0' defined but not used [-Wunused-label]
   49 |   L_D5F3_M0X0:
      |   ^~~~~~~~~~~
D:/l4t/DKC3Recomp/generated/snesrecomp/bankb2_part560_v2.c: In function 'funky_kong_main_M0X0':
D:/l4t/DKC3Recomp/generated/snesrecomp/bankb2_part560_v2.c:51:3: warning: label 'L_D60F_M0X0' defined but not used [-Wunused-label]
   51 |   L_D60F_M0X0:
      |   ^~~~~~~~~~~
D:/l4t/DKC3Recomp/generated/snesrecomp/bankb2_part562_v2.c: In function 'CODE_B2D62B_M0X0':
D:/l4t/DKC3Recomp/generated/snesrecomp/bankb2_part562_v2.c:50:3: warning: label 'L_D62B_M0X0' defined but not used [-Wunused-label]
   50 |   L_D62B_M0X0:
      |   ^~~~~~~~~~~
D:/l4t/DKC3Recomp/generated/snesrecomp/bankb2_part563_v2.c: In function 'CODE_B2D633_M0X0':
D:/l4t/DKC3Recomp/generated/snesrecomp/bankb2_part563_v2.c:49:3: warning: label 'L_D633_M0X0' defined but not used [-Wunused-label]
   49 |   L_D633_M0X0:
      |   ^~~~~~~~~~~
D:/l4t/DKC3Recomp/generated/snesrecomp/bankb2_part570_v2.c: In function 'swanky_kong_main_M0X0':
D:/l4t/DKC3Recomp/generated/snesrecomp/bankb2_part570_v2.c:49:3: warning: label 'L_D703_M0X0' defined but not used [-Wunused-label]
   49 |   L_D703_M0X0:
      |   ^~~~~~~~~~~
D:/l4t/DKC3Recomp/generated/snesrecomp/bankb2_part573_v2.c: In function 'brothers_bear_main_M0X0':
D:/l4t/DKC3Recomp/generated/snesrecomp/bankb2_part573_v2.c:49:3: warning: label 'L_D732_M0X0' defined but not used [-Wunused-label]
   49 |   L_D732_M0X0:
      |   ^~~~~~~~~~~
D:/l4t/DKC3Recomp/generated/snesrecomp/bankb2_part582_v2.c: In function 'CODE_B2D82F_M0X0':
D:/l4t/DKC3Recomp/generated/snesrecomp/bankb2_part582_v2.c:49:3: warning: label 'L_D82F_M0X0' defined but not used [-Wunused-label]
   49 |   L_D82F_M0X0:
      |   ^~~~~~~~~~~
D:/l4t/DKC3Recomp/generated/snesrecomp/bankb2_part587_v2.c: In function 'brothers_bear_accessories_main_M0X0':
D:/l4t/DKC3Recomp/generated/snesrecomp/bankb2_part587_v2.c:51:3: warning: label 'L_D87D_M0X0' defined but not used [-Wunused-label]
   51 |   L_D87D_M0X0:
      |   ^~~~~~~~~~~
D:/l4t/DKC3Recomp/generated/snesrecomp/bankb2_part588_v2.c: In function 'brothers_bear_accessories_main_init_M0X0':
D:/l4t/DKC3Recomp/generated/snesrecomp/bankb2_part588_v2.c:51:3: warning: label 'L_D884_M0X0' defined but not used [-Wunused-label]
   51 |   L_D884_M0X0:
      |   ^~~~~~~~~~~
D:/l4t/DKC3Recomp/generated/snesrecomp/bankb2_part589_v2.c: In function 'brothers_bear_accessories_main_idle_M0X0':
D:/l4t/DKC3Recomp/generated/snesrecomp/bankb2_part589_v2.c:49:3: warning: label 'L_D898_M0X0' defined but not used [-Wunused-label]
   49 |   L_D898_M0X0:
      |   ^~~~~~~~~~~
D:/l4t/DKC3Recomp/generated/snesrecomp/bankb2_part58a_v2.c: In function 'unknown_sprite_032C_main_M0X0':
D:/l4t/DKC3Recomp/generated/snesrecomp/bankb2_part58a_v2.c:53:3: warning: label 'L_D8A6_M0X0' defined but not used [-Wunused-label]
   53 |   L_D8A6_M0X0:
      |   ^~~~~~~~~~~
D:/l4t/DKC3Recomp/generated/snesrecomp/bankb2_part58a_v2.c: In function 'unknown_sprite_032C_main_init_M0X0':
D:/l4t/DKC3Recomp/generated/snesrecomp/bankb2_part58a_v2.c:143:3: warning: label 'L_D8AF_M0X0' defined but not used [-Wunused-label]
  143 |   L_D8AF_M0X0:
      |   ^~~~~~~~~~~
D:/l4t/DKC3Recomp/generated/snesrecomp/bankb2_part58c_v2.c: In function 'unknown_sprite_032C_main_dummy_M0X0':
D:/l4t/DKC3Recomp/generated/snesrecomp/bankb2_part58c_v2.c:50:3: warning: label 'L_D8CC_M0X0' defined but not used [-Wunused-label]
   50 |   L_D8CC_M0X0:
      |   ^~~~~~~~~~~
D:/l4t/DKC3Recomp/generated/snesrecomp/bankb2_part58c_v2.c: In function 'unknown_sprite_032C_main_state_2_M0X0':
D:/l4t/DKC3Recomp/generated/snesrecomp/bankb2_part58c_v2.c:96:3: warning: label 'L_D8CF_M0X0' defined but not used [-Wunused-label]
   96 |   L_D8CF_M0X0:
      |   ^~~~~~~~~~~
D:/l4t/DKC3Recomp/generated/snesrecomp/bankb2_part58f_v2.c: In function 'main_map_waterfall_main_M0X0':
D:/l4t/DKC3Recomp/generated/snesrecomp/bankb2_part58f_v2.c:51:3: warning: label 'L_D8F4_M0X0' defined but not used [-Wunused-label]
   51 |   L_D8F4_M0X0:
      |   ^~~~~~~~~~~
D:/l4t/DKC3Recomp/generated/snesrecomp/bankb2_part58f_v2.c: In function 'main_map_waterfall_main_init_M0X0':
D:/l4t/DKC3Recomp/generated/snesrecomp/bankb2_part58f_v2.c:129:3: warning: label 'L_D8FB_M0X0' defined but not used [-Wunused-label]
  129 |   L_D8FB_M0X0:
      |   ^~~~~~~~~~~
D:/l4t/DKC3Recomp/generated/snesrecomp/bankb2_part590_v2.c: In function 'main_map_waterfall_main_idle_M0X0':
D:/l4t/DKC3Recomp/generated/snesrecomp/bankb2_part590_v2.c:51:3: warning: label 'L_D907_M0X0' defined but not used [-Wunused-label]
   51 |   L_D907_M0X0:
      |   ^~~~~~~~~~~
D:/l4t/DKC3Recomp/generated/snesrecomp/bankb2_part590_v2.c: In function 'unknown_sprite_034C_main_M0X0':
D:/l4t/DKC3Recomp/generated/snesrecomp/bankb2_part590_v2.c:97:3: warning: label 'L_D90A_M0X0' defined but not used [-Wunused-label]
   97 |   L_D90A_M0X0:
      |   ^~~~~~~~~~~
D:/l4t/DKC3Recomp/generated/snesrecomp/bankb2_part591_v2.c: In function 'unknown_sprite_034C_main_init_M0X0':
D:/l4t/DKC3Recomp/generated/snesrecomp/bankb2_part591_v2.c:50:3: warning: label 'L_D911_M0X0' defined but not used [-Wunused-label]
   50 |   L_D911_M0X0:
      |   ^~~~~~~~~~~
D:/l4t/DKC3Recomp/generated/snesrecomp/bankb2_part594_v2.c: In function 'chairlift_pulley_main_M0X0':
D:/l4t/DKC3Recomp/generated/snesrecomp/bankb2_part594_v2.c:51:3: warning: label 'L_D943_M0X0' defined but not used [-Wunused-label]
   51 |   L_D943_M0X0:
      |   ^~~~~~~~~~~
D:/l4t/DKC3Recomp/generated/snesrecomp/bankb2_part594_v2.c: In function 'chairlift_pulley_main_init_M0X0':
D:/l4t/DKC3Recomp/generated/snesrecomp/bankb2_part594_v2.c:129:3: warning: label 'L_D94A_M0X0' defined but not used [-Wunused-label]
  129 |   L_D94A_M0X0:
      |   ^~~~~~~~~~~
D:/l4t/DKC3Recomp/generated/snesrecomp/bankb2_part59b_v2.c: In function 'chairlift_pulley_main_CODE_B2D9BA_M0X0':
D:/l4t/DKC3Recomp/generated/snesrecomp/bankb2_part59b_v2.c:49:3: warning: label 'L_D9BA_M0X0' defined but not used [-Wunused-label]
   49 |   L_D9BA_M0X0:
      |   ^~~~~~~~~~~
D:/l4t/DKC3Recomp/generated/snesrecomp/bankb2_part59f_v2.c: In function 'brash_cabin_digital_display_main_M0X0':
D:/l4t/DKC3Recomp/generated/snesrecomp/bankb2_part59f_v2.c:51:3: warning: label 'L_D9FD_M0X0' defined but not used [-Wunused-label]
   51 |   L_D9FD_M0X0:
      |   ^~~~~~~~~~~
D:/l4t/DKC3Recomp/generated/snesrecomp/bankb2_part5a0_v2.c: In function 'brash_cabin_digital_display_main_init_M0X0':
D:/l4t/DKC3Recomp/generated/snesrecomp/bankb2_part5a0_v2.c:52:3: warning: label 'L_DA04_M0X0' defined but not used [-Wunused-label]
   52 |   L_DA04_M0X0:
      |   ^~~~~~~~~~~
D:/l4t/DKC3Recomp/generated/snesrecomp/bankb2_part5a7_v2.c: In function 'brash_cabin_digital_display_main_state_1_M0X0':
D:/l4t/DKC3Recomp/generated/snesrecomp/bankb2_part5a7_v2.c:50:3: warning: label 'L_DA7D_M0X0' defined but not used [-Wunused-label]
   50 |   L_DA7D_M0X0:
      |   ^~~~~~~~~~~
D:/l4t/DKC3Recomp/generated/snesrecomp/bankb2_part5af_v2.c: In function 'brash_cabin_digital_display_main_CODE_B2DAF7_M0X0':
D:/l4t/DKC3Recomp/generated/snesrecomp/bankb2_part5af_v2.c:49:3: warning: label 'L_DAF7_M0X0' defined but not used [-Wunused-label]
   49 |   L_DAF7_M0X0:
      |   ^~~~~~~~~~~
D:/l4t/DKC3Recomp/generated/snesrecomp/bankb2_part5b0_v2.c: In function 'brash_cabin_digital_display_main_CODE_B2DB06_M0X0':
D:/l4t/DKC3Recomp/generated/snesrecomp/bankb2_part5b0_v2.c:49:3: warning: label 'L_DB06_M0X0' defined but not used [-Wunused-label]
   49 |   L_DB06_M0X0:
      |   ^~~~~~~~~~~
D:/l4t/DKC3Recomp/generated/snesrecomp/bankb2_part5b5_v2.c: In function 'barnacles_bird_cage_main_M0X0':
D:/l4t/DKC3Recomp/generated/snesrecomp/bankb2_part5b5_v2.c:50:3: warning: label 'L_DB5D_M0X0' defined but not used [-Wunused-label]
   50 |   L_DB5D_M0X0:
      |   ^~~~~~~~~~~
D:/l4t/DKC3Recomp/generated/snesrecomp/bankb2_part5ba_v2.c: In function 'barnacles_bird_cage_main_idle_M0X0':
D:/l4t/DKC3Recomp/generated/snesrecomp/bankb2_part5ba_v2.c:49:3: warning: label 'L_DBA2_M0X0' defined but not used [-Wunused-label]
   49 |   L_DBA2_M0X0:
      |   ^~~~~~~~~~~
D:/l4t/DKC3Recomp/generated/snesrecomp/bankb2_part5bb_v2.c: In function 'brambles_vase_main_M0X0':
D:/l4t/DKC3Recomp/generated/snesrecomp/bankb2_part5bb_v2.c:50:3: warning: label 'L_DBBA_M0X0' defined but not used [-Wunused-label]
   50 |   L_DBBA_M0X0:
      |   ^~~~~~~~~~~
D:/l4t/DKC3Recomp/generated/snesrecomp/bankb2_part5be_v2.c: In function 'brambles_vase_main_idle_M0X0':
D:/l4t/DKC3Recomp/generated/snesrecomp/bankb2_part5be_v2.c:50:3: warning: label 'L_DBE4_M0X0' defined but not used [-Wunused-label]
   50 |   L_DBE4_M0X0:
      |   ^~~~~~~~~~~
D:/l4t/DKC3Recomp/generated/snesrecomp/bankb2_part5bf_v2.c: In function 'razor_ridge_pipe_main_M0X0':
D:/l4t/DKC3Recomp/generated/snesrecomp/bankb2_part5bf_v2.c:50:3: warning: label 'L_DBF3_M0X0' defined but not used [-Wunused-label]
   50 |   L_DBF3_M0X0:
      |   ^~~~~~~~~~~
D:/l4t/DKC3Recomp/generated/snesrecomp/bankb2_part5c1_v2.c: In function 'CODE_B2DC1E_M0X0':
D:/l4t/DKC3Recomp/generated/snesrecomp/bankb2_part5c1_v2.c:49:3: warning: label 'L_DC1E_M0X0' defined but not used [-Wunused-label]
   49 |   L_DC1E_M0X0:
      |   ^~~~~~~~~~~
D:/l4t/DKC3Recomp/generated/snesrecomp/bankb2_part5c2_v2.c: In function 'unknown_sprite_00B0_main_M0X0':
D:/l4t/DKC3Recomp/generated/snesrecomp/bankb2_part5c2_v2.c:52:3: warning: label 'L_DC27_M0X0' defined but not used [-Wunused-label]
   52 |   L_DC27_M0X0:
      |   ^~~~~~~~~~~
D:/l4t/DKC3Recomp/generated/snesrecomp/bankb2_part5c2_v2.c: In function 'CODE_B2DC2E_M0X0':
D:/l4t/DKC3Recomp/generated/snesrecomp/bankb2_part5c2_v2.c:130:3: warning: label 'L_DC2E_M0X0' defined but not used [-Wunused-label]
  130 |   L_DC2E_M0X0:
      |   ^~~~~~~~~~~
D:/l4t/DKC3Recomp/generated/snesrecomp/bankb2_part5c8_v2.c: In function 'banana_bird_cave_kong_main_M0X0':
D:/l4t/DKC3Recomp/generated/snesrecomp/bankb2_part5c8_v2.c:49:3: warning: label 'L_DC8E_M0X0' defined but not used [-Wunused-label]
   49 |   L_DC8E_M0X0:
      |   ^~~~~~~~~~~
D:/l4t/DKC3Recomp/generated/snesrecomp/bankb2_part5d3_v2.c: In function 'CODE_B2DD30_M0X0':
D:/l4t/DKC3Recomp/generated/snesrecomp/bankb2_part5d3_v2.c:49:3: warning: label 'L_DD30_M0X0' defined but not used [-Wunused-label]
   49 |   L_DD30_M0X0:
      |   ^~~~~~~~~~~
D:/l4t/DKC3Recomp/generated/snesrecomp/bankb2_part5e9_v2.c: In function 'banana_bird_cave_crystal_main_M0X0':
D:/l4t/DKC3Recomp/generated/snesrecomp/bankb2_part5e9_v2.c:53:3: warning: label 'L_DE98_M0X0' defined but not used [-Wunused-label]
   53 |   L_DE98_M0X0:
      |   ^~~~~~~~~~~
D:/l4t/DKC3Recomp/generated/snesrecomp/bankb2_part5f0_v2.c: In function 'CODE_B2DF08_M0X0':
D:/l4t/DKC3Recomp/generated/snesrecomp/bankb2_part5f0_v2.c:52:3: warning: label 'L_DF08_M0X0' defined but not used [-Wunused-label]
   52 |   L_DF08_M0X0:
      |   ^~~~~~~~~~~
D:/l4t/DKC3Recomp/generated/snesrecomp/bankb2_part5f5_v2.c: In function 'CODE_B2DF5D_M0X0':
D:/l4t/DKC3Recomp/generated/snesrecomp/bankb2_part5f5_v2.c:49:3: warning: label 'L_DF5D_M0X0' defined but not used [-Wunused-label]
   49 |   L_DF5D_M0X0:
      |   ^~~~~~~~~~~
D:/l4t/DKC3Recomp/generated/snesrecomp/bankb2_part5f8_v2.c: In function 'CODE_B2DF82_M0X0':
D:/l4t/DKC3Recomp/generated/snesrecomp/bankb2_part5f8_v2.c:49:3: warning: label 'L_DF82_M0X0' defined but not used [-Wunused-label]
   49 |   L_DF82_M0X0:
      |   ^~~~~~~~~~~
D:/l4t/DKC3Recomp/generated/snesrecomp/bankb2_part5f9_v2.c: In function 'banana_bird_cave_controller_main_M0X0':
D:/l4t/DKC3Recomp/generated/snesrecomp/bankb2_part5f9_v2.c:53:3: warning: label 'L_DF91_M0X0' defined but not used [-Wunused-label]
   53 |   L_DF91_M0X0:
      |   ^~~~~~~~~~~
D:/l4t/DKC3Recomp/generated/snesrecomp/bankb2_part5f9_v2.c: In function 'CODE_B2DF9A_M0X0':
D:/l4t/DKC3Recomp/generated/snesrecomp/bankb2_part5f9_v2.c:143:3: warning: label 'L_DF9A_M0X0' defined but not used [-Wunused-label]
  143 |   L_DF9A_M0X0:
      |   ^~~~~~~~~~~
D:/l4t/DKC3Recomp/generated/snesrecomp/bankb2_part5fe_v2.c: In function 'CODE_B2DFE4_M0X0':
D:/l4t/DKC3Recomp/generated/snesrecomp/bankb2_part5fe_v2.c:49:3: warning: label 'L_DFE4_M0X0' defined but not used [-Wunused-label]
   49 |   L_DFE4_M0X0:
      |   ^~~~~~~~~~~
D:/l4t/DKC3Recomp/generated/snesrecomp/bankb2_part600_v2.c: In function 'CODE_B2E00C_M0X0':
D:/l4t/DKC3Recomp/generated/snesrecomp/bankb2_part600_v2.c:51:3: warning: label 'L_E00C_M0X0' defined but not used [-Wunused-label]
   51 |   L_E00C_M0X0:
      |   ^~~~~~~~~~~
D:/l4t/DKC3Recomp/generated/snesrecomp/bankb2_part603_v2.c: In function 'CODE_B2E03E_M0X0':
D:/l4t/DKC3Recomp/generated/snesrecomp/bankb2_part603_v2.c:49:3: warning: label 'L_E03E_M0X0' defined but not used [-Wunused-label]
   49 |   L_E03E_M0X0:
      |   ^~~~~~~~~~~
D:/l4t/DKC3Recomp/generated/snesrecomp/bankb2_part607_v2.c: In function 'inventory_item_squares_main_M0X0':
D:/l4t/DKC3Recomp/generated/snesrecomp/bankb2_part607_v2.c:53:3: warning: label 'L_E07B_M0X0' defined but not used [-Wunused-label]
   53 |   L_E07B_M0X0:
      |   ^~~~~~~~~~~
D:/l4t/DKC3Recomp/generated/snesrecomp/bankb2_part608_v2.c: In function 'CODE_B2E08C_M0X0':
D:/l4t/DKC3Recomp/generated/snesrecomp/bankb2_part608_v2.c:51:3: warning: label 'L_E08C_M0X0' defined but not used [-Wunused-label]
   51 |   L_E08C_M0X0:
      |   ^~~~~~~~~~~
D:/l4t/DKC3Recomp/generated/snesrecomp/bankb2_part60_v2.c: In function 'CODE_B28603_M0X0':
D:/l4t/DKC3Recomp/generated/snesrecomp/bankb2_part60_v2.c:50:3: warning: label 'L_8603_M0X0' defined but not used [-Wunused-label]
   50 |   L_8603_M0X0:
      |   ^~~~~~~~~~~
D:/l4t/DKC3Recomp/generated/snesrecomp/bankb2_part60f_v2.c: In function 'CODE_B2E0F0_M0X0':
D:/l4t/DKC3Recomp/generated/snesrecomp/bankb2_part60f_v2.c:49:3: warning: label 'L_E0F0_M0X0' defined but not used [-Wunused-label]
   49 |   L_E0F0_M0X0:
      |   ^~~~~~~~~~~
D:/l4t/DKC3Recomp/generated/snesrecomp/bankb2_part619_v2.c: In function 'CODE_B2E19E_M0X0':
D:/l4t/DKC3Recomp/generated/snesrecomp/bankb2_part619_v2.c:50:3: warning: label 'L_E19E_M0X0' defined but not used [-Wunused-label]
   50 |   L_E19E_M0X0:
      |   ^~~~~~~~~~~
D:/l4t/DKC3Recomp/generated/snesrecomp/bankb2_part61_v2.c: In function 'CODE_B28612_M0X0':
D:/l4t/DKC3Recomp/generated/snesrecomp/bankb2_part61_v2.c:50:3: warning: label 'L_8612_M0X0' defined but not used [-Wunused-label]
   50 |   L_8612_M0X0:
      |   ^~~~~~~~~~~
D:/l4t/DKC3Recomp/generated/snesrecomp/bankb2_part61b_v2.c: In function 'CODE_B2E1B9_M0X0':
D:/l4t/DKC3Recomp/generated/snesrecomp/bankb2_part61b_v2.c:49:3: warning: label 'L_E1B9_M0X0' defined but not used [-Wunused-label]
   49 |   L_E1B9_M0X0:
      |   ^~~~~~~~~~~
D:/l4t/DKC3Recomp/generated/snesrecomp/bankb2_part61e_v2.c: In function 'CODE_B2E1E2_M0X0':
D:/l4t/DKC3Recomp/generated/snesrecomp/bankb2_part61e_v2.c:51:3: warning: label 'L_E1E2_M0X0' defined but not used [-Wunused-label]
   51 |   L_E1E2_M0X0:
      |   ^~~~~~~~~~~
D:/l4t/DKC3Recomp/generated/snesrecomp/bankb2_part626_v2.c: In function 'CODE_B2E26E_M0X0':
D:/l4t/DKC3Recomp/generated/snesrecomp/bankb2_part626_v2.c:49:3: warning: label 'L_E26E_M0X0' defined but not used [-Wunused-label]
   49 |   L_E26E_M0X0:
      |   ^~~~~~~~~~~
D:/l4t/DKC3Recomp/generated/snesrecomp/bankb2_part62a_v2.c: In function 'CODE_B2E2AA_M0X0':
D:/l4t/DKC3Recomp/generated/snesrecomp/bankb2_part62a_v2.c:51:3: warning: label 'L_E2AA_M0X0' defined but not used [-Wunused-label]
   51 |   L_E2AA_M0X0:
      |   ^~~~~~~~~~~
D:/l4t/DKC3Recomp/generated/snesrecomp/bankb2_part62d_v2.c: In function 'CODE_B2E2D5_M0X0':
D:/l4t/DKC3Recomp/generated/snesrecomp/bankb2_part62d_v2.c:49:3: warning: label 'L_E2D5_M0X0' defined but not used [-Wunused-label]
   49 |   L_E2D5_M0X0:
      |   ^~~~~~~~~~~
D:/l4t/DKC3Recomp/generated/snesrecomp/bankb2_part632_v2.c: In function 'CODE_B2E329_M0X0':
D:/l4t/DKC3Recomp/generated/snesrecomp/bankb2_part632_v2.c:49:3: warning: label 'L_E329_M0X0' defined but not used [-Wunused-label]
   49 |   L_E329_M0X0:
      |   ^~~~~~~~~~~
D:/l4t/DKC3Recomp/generated/snesrecomp/bankb2_part635_v2.c: In function 'CODE_B2E353_M0X0':
D:/l4t/DKC3Recomp/generated/snesrecomp/bankb2_part635_v2.c:50:3: warning: label 'L_E353_M0X0' defined but not used [-Wunused-label]
   50 |   L_E353_M0X0:
      |   ^~~~~~~~~~~
D:/l4t/DKC3Recomp/generated/snesrecomp/bankb2_part63b_v2.c: In function 'CODE_B2E3B3_M0X0':
D:/l4t/DKC3Recomp/generated/snesrecomp/bankb2_part63b_v2.c:49:3: warning: label 'L_E3B3_M0X0' defined but not used [-Wunused-label]
   49 |   L_E3B3_M0X0:
      |   ^~~~~~~~~~~
D:/l4t/DKC3Recomp/generated/snesrecomp/bankb2_part63c_v2.c: In function 'CODE_B2E3C6_M0X0':
D:/l4t/DKC3Recomp/generated/snesrecomp/bankb2_part63c_v2.c:50:3: warning: label 'L_E3C6_M0X0' defined but not used [-Wunused-label]
   50 |   L_E3C6_M0X0:
      |   ^~~~~~~~~~~
D:/l4t/DKC3Recomp/generated/snesrecomp/bankb2_part63d_v2.c: In function 'CODE_B2E3D0_M0X0':
D:/l4t/DKC3Recomp/generated/snesrecomp/bankb2_part63d_v2.c:50:3: warning: label 'L_E3D0_M0X0' defined but not used [-Wunused-label]
   50 |   L_E3D0_M0X0:
      |   ^~~~~~~~~~~
D:/l4t/DKC3Recomp/generated/snesrecomp/bankb2_part63e_v2.c: In function 'CODE_B2E3E5_M0X0':
D:/l4t/DKC3Recomp/generated/snesrecomp/bankb2_part63e_v2.c:49:3: warning: label 'L_E3E5_M0X0' defined but not used [-Wunused-label]
   49 |   L_E3E5_M0X0:
      |   ^~~~~~~~~~~
D:/l4t/DKC3Recomp/generated/snesrecomp/bankb2_part63f_v2.c: In function 'CODE_B2E3F2_M0X0':
D:/l4t/DKC3Recomp/generated/snesrecomp/bankb2_part63f_v2.c:49:3: warning: label 'L_E3F2_M0X0' defined but not used [-Wunused-label]
   49 |   L_E3F2_M0X0:
      |   ^~~~~~~~~~~
D:/l4t/DKC3Recomp/generated/snesrecomp/bankb2_part641_v2.c: In function 'unknown_sprite_01B8_main_M0X0':
D:/l4t/DKC3Recomp/generated/snesrecomp/bankb2_part641_v2.c:51:3: warning: label 'L_E41A_M0X0' defined but not used [-Wunused-label]
   51 |   L_E41A_M0X0:
      |   ^~~~~~~~~~~
D:/l4t/DKC3Recomp/generated/snesrecomp/bankb2_part642_v2.c: In function 'CODE_B2E421_M0X0':
D:/l4t/DKC3Recomp/generated/snesrecomp/bankb2_part642_v2.c:51:3: warning: label 'L_E421_M0X0' defined but not used [-Wunused-label]
   51 |   L_E421_M0X0:
      |   ^~~~~~~~~~~
D:/l4t/DKC3Recomp/generated/snesrecomp/bankb2_part643_v2.c: In function 'CODE_B2E434_M0X0':
D:/l4t/DKC3Recomp/generated/snesrecomp/bankb2_part643_v2.c:52:3: warning: label 'L_E434_M0X0' defined but not used [-Wunused-label]
   52 |   L_E434_M0X0:
      |   ^~~~~~~~~~~
D:/l4t/DKC3Recomp/generated/snesrecomp/bankb2_part649_v2.c: In function 'unknown_sprite_01BC_main_M0X0':
D:/l4t/DKC3Recomp/generated/snesrecomp/bankb2_part649_v2.c:53:3: warning: label 'L_E493_M0X0' defined but not used [-Wunused-label]
   53 |   L_E493_M0X0:
      |   ^~~~~~~~~~~
D:/l4t/DKC3Recomp/generated/snesrecomp/bankb2_part649_v2.c: In function 'CODE_B2E49A_M0X0':
D:/l4t/DKC3Recomp/generated/snesrecomp/bankb2_part649_v2.c:131:3: warning: label 'L_E49A_M0X0' defined but not used [-Wunused-label]
  131 |   L_E49A_M0X0:
      |   ^~~~~~~~~~~
D:/l4t/DKC3Recomp/generated/snesrecomp/bankb2_part64d_v2.c: In function 'CODE_B2E4DC_M0X0':
D:/l4t/DKC3Recomp/generated/snesrecomp/bankb2_part64d_v2.c:54:3: warning: label 'L_E4DC_M0X0' defined but not used [-Wunused-label]
   54 |   L_E4DC_M0X0:
      |   ^~~~~~~~~~~
D:/l4t/DKC3Recomp/generated/snesrecomp/bankb2_part650_v2.c: In function 'CODE_B2E500_M0X0':
D:/l4t/DKC3Recomp/generated/snesrecomp/bankb2_part650_v2.c:52:3: warning: label 'L_E500_M0X0' defined but not used [-Wunused-label]
   52 |   L_E500_M0X0:
      |   ^~~~~~~~~~~
D:/l4t/DKC3Recomp/generated/snesrecomp/bankb2_part650_v2.c: In function 'CODE_B2E50E_M0X0':
D:/l4t/DKC3Recomp/generated/snesrecomp/bankb2_part650_v2.c:207:3: warning: label 'L_E50E_M0X0' defined but not used [-Wunused-label]
  207 |   L_E50E_M0X0:
      |   ^~~~~~~~~~~
D:/l4t/DKC3Recomp/generated/snesrecomp/bankb2_part653_v2.c: In function 'CODE_B2E53B_M0X0':
D:/l4t/DKC3Recomp/generated/snesrecomp/bankb2_part653_v2.c:50:3: warning: label 'L_E53B_M0X0' defined but not used [-Wunused-label]
   50 |   L_E53B_M0X0:
      |   ^~~~~~~~~~~
D:/l4t/DKC3Recomp/generated/snesrecomp/bankb2_part655_v2.c: In function 'music_test_note_main_M0X0':
D:/l4t/DKC3Recomp/generated/snesrecomp/bankb2_part655_v2.c:51:3: warning: label 'L_E556_M0X0' defined but not used [-Wunused-label]
   51 |   L_E556_M0X0:
      |   ^~~~~~~~~~~
D:/l4t/DKC3Recomp/generated/snesrecomp/bankb2_part655_v2.c: In function 'music_test_note_main_init_M0X0':
D:/l4t/DKC3Recomp/generated/snesrecomp/bankb2_part655_v2.c:129:3: warning: label 'L_E55D_M0X0' defined but not used [-Wunused-label]
  129 |   L_E55D_M0X0:
      |   ^~~~~~~~~~~
D:/l4t/DKC3Recomp/generated/snesrecomp/bankb2_part65a_v2.c: In function 'riverside_race_timer_main_M0X0':
D:/l4t/DKC3Recomp/generated/snesrecomp/bankb2_part65a_v2.c:52:3: warning: label 'L_E5A8_M0X0' defined but not used [-Wunused-label]
   52 |   L_E5A8_M0X0:
      |   ^~~~~~~~~~~
D:/l4t/DKC3Recomp/generated/snesrecomp/bankb2_part65b_v2.c: In function 'riverside_race_timer_main_init_M0X0':
D:/l4t/DKC3Recomp/generated/snesrecomp/bankb2_part65b_v2.c:51:3: warning: label 'L_E5B1_M0X0' defined but not used [-Wunused-label]
   51 |   L_E5B1_M0X0:
      |   ^~~~~~~~~~~
D:/l4t/DKC3Recomp/generated/snesrecomp/bankb2_part65c_v2.c: In function 'riverside_race_timer_main_idle_M0X0':
D:/l4t/DKC3Recomp/generated/snesrecomp/bankb2_part65c_v2.c:51:3: warning: label 'L_E5C9_M0X0' defined but not used [-Wunused-label]
   51 |   L_E5C9_M0X0:
      |   ^~~~~~~~~~~
D:/l4t/DKC3Recomp/generated/snesrecomp/bankb2_part65e_v2.c: In function 'riverside_race_timer_main_dummy_M0X0':
D:/l4t/DKC3Recomp/generated/snesrecomp/bankb2_part65e_v2.c:49:3: warning: label 'L_E5ED_M0X0' defined but not used [-Wunused-label]
   49 |   L_E5ED_M0X0:
      |   ^~~~~~~~~~~
D:/l4t/DKC3Recomp/generated/snesrecomp/bankb2_part65f_v2.c: In function 'riverside_race_timer_main_update_timer_M0X0':
D:/l4t/DKC3Recomp/generated/snesrecomp/bankb2_part65f_v2.c:49:3: warning: label 'L_E5F0_M0X0' defined but not used [-Wunused-label]
   49 |   L_E5F0_M0X0:
      |   ^~~~~~~~~~~
D:/l4t/DKC3Recomp/generated/snesrecomp/bankb2_part663_v2.c: In function 'map_flag_main_M0X0':
D:/l4t/DKC3Recomp/generated/snesrecomp/bankb2_part663_v2.c:51:3: warning: label 'L_E638_M0X0' defined but not used [-Wunused-label]
   51 |   L_E638_M0X0:
      |   ^~~~~~~~~~~
D:/l4t/DKC3Recomp/generated/snesrecomp/bankb2_part664_v2.c: In function 'CODE_B2E641_M0X0':
D:/l4t/DKC3Recomp/generated/snesrecomp/bankb2_part664_v2.c:50:3: warning: label 'L_E641_M0X0' defined but not used [-Wunused-label]
   50 |   L_E641_M0X0:
      |   ^~~~~~~~~~~
D:/l4t/DKC3Recomp/generated/snesrecomp/bankb2_part666_v2.c: In function 'CODE_B2E666_M0X0':
D:/l4t/DKC3Recomp/generated/snesrecomp/bankb2_part666_v2.c:50:3: warning: label 'L_E666_M0X0' defined but not used [-Wunused-label]
   50 |   L_E666_M0X0:
      |   ^~~~~~~~~~~
D:/l4t/DKC3Recomp/generated/snesrecomp/bankb2_part669_v2.c: In function 'CODE_B2E695_M0X0':
D:/l4t/DKC3Recomp/generated/snesrecomp/bankb2_part669_v2.c:49:3: warning: label 'L_E695_M0X0' defined but not used [-Wunused-label]
   49 |   L_E695_M0X0:
      |   ^~~~~~~~~~~
D:/l4t/DKC3Recomp/generated/snesrecomp/bankb2_part66a_v2.c: In function 'CODE_B2E6AC_M0X0':
D:/l4t/DKC3Recomp/generated/snesrecomp/bankb2_part66a_v2.c:49:3: warning: label 'L_E6AC_M0X0' defined but not used [-Wunused-label]
   49 |   L_E6AC_M0X0:
      |   ^~~~~~~~~~~
D:/l4t/DKC3Recomp/generated/snesrecomp/bankb2_part66c_v2.c: In function 'CODE_B2E6CF_M0X0':
D:/l4t/DKC3Recomp/generated/snesrecomp/bankb2_part66c_v2.c:50:3: warning: label 'L_E6CF_M0X0' defined but not used [-Wunused-label]
   50 |   L_E6CF_M0X0:
      |   ^~~~~~~~~~~
D:/l4t/DKC3Recomp/generated/snesrecomp/bankb2_part66e_v2.c: In function 'CODE_B2E6EF_M0X0':
D:/l4t/DKC3Recomp/generated/snesrecomp/bankb2_part66e_v2.c:49:3: warning: label 'L_E6EF_M0X0' defined but not used [-Wunused-label]
   49 |   L_E6EF_M0X0:
      |   ^~~~~~~~~~~
D:/l4t/DKC3Recomp/generated/snesrecomp/bankb2_part675_v2.c: In function 'wrinklys_save_cave_main_M0X0':
D:/l4t/DKC3Recomp/generated/snesrecomp/bankb2_part675_v2.c:50:3: warning: label 'L_E753_M0X0' defined but not used [-Wunused-label]
   50 |   L_E753_M0X0:
      |   ^~~~~~~~~~~
D:/l4t/DKC3Recomp/generated/snesrecomp/bankb2_part675_v2.c: In function 'wrinklys_save_cave_main_init_M0X0':
D:/l4t/DKC3Recomp/generated/snesrecomp/bankb2_part675_v2.c:128:3: warning: label 'L_E75A_M0X0' defined but not used [-Wunused-label]
  128 |   L_E75A_M0X0:
      |   ^~~~~~~~~~~
D:/l4t/DKC3Recomp/generated/snesrecomp/bankb2_part678_v2.c: In function 'kremwood_forest_log_main_M0X0':
D:/l4t/DKC3Recomp/generated/snesrecomp/bankb2_part678_v2.c:51:3: warning: label 'L_E784_M0X0' defined but not used [-Wunused-label]
   51 |   L_E784_M0X0:
      |   ^~~~~~~~~~~
D:/l4t/DKC3Recomp/generated/snesrecomp/bankb2_part678_v2.c: In function 'CODE_B2E78F_M0X0':
D:/l4t/DKC3Recomp/generated/snesrecomp/bankb2_part678_v2.c:153:3: warning: label 'L_E78F_M0X0' defined but not used [-Wunused-label]
  153 |   L_E78F_M0X0:
      |   ^~~~~~~~~~~
D:/l4t/DKC3Recomp/generated/snesrecomp/bankb2_part67b_v2.c: In function 'CODE_B2E7B1_M0X0':
D:/l4t/DKC3Recomp/generated/snesrecomp/bankb2_part67b_v2.c:49:3: warning: label 'L_E7B1_M0X0' defined but not used [-Wunused-label]
   49 |   L_E7B1_M0X0:
      |   ^~~~~~~~~~~
D:/l4t/DKC3Recomp/generated/snesrecomp/bankb2_part680_v2.c: In function 'map_cannon_main_M0X0':
D:/l4t/DKC3Recomp/generated/snesrecomp/bankb2_part680_v2.c:53:3: warning: label 'L_E802_M0X0' defined but not used [-Wunused-label]
   53 |   L_E802_M0X0:
      |   ^~~~~~~~~~~
D:/l4t/DKC3Recomp/generated/snesrecomp/bankb2_part681_v2.c: In function 'CODE_B2E811_M0X0':
D:/l4t/DKC3Recomp/generated/snesrecomp/bankb2_part681_v2.c:50:3: warning: label 'L_E811_M0X0' defined but not used [-Wunused-label]
   50 |   L_E811_M0X0:
      |   ^~~~~~~~~~~
D:/l4t/DKC3Recomp/generated/snesrecomp/bankb2_part682_v2.c: In function 'CODE_B2E826_M0X0':
D:/l4t/DKC3Recomp/generated/snesrecomp/bankb2_part682_v2.c:52:3: warning: label 'L_E826_M0X0' defined but not used [-Wunused-label]
   52 |   L_E826_M0X0:
      |   ^~~~~~~~~~~
D:/l4t/DKC3Recomp/generated/snesrecomp/bankb2_part685_v2.c: In function 'CODE_B2E852_M0X0':
D:/l4t/DKC3Recomp/generated/snesrecomp/bankb2_part685_v2.c:51:3: warning: label 'L_E852_M0X0' defined but not used [-Wunused-label]
   51 |   L_E852_M0X0:
      |   ^~~~~~~~~~~
D:/l4t/DKC3Recomp/generated/snesrecomp/bankb2_part685_v2.c: In function 'CODE_B2E85B_M0X0':
D:/l4t/DKC3Recomp/generated/snesrecomp/bankb2_part685_v2.c:136:3: warning: label 'L_E85B_M0X0' defined but not used [-Wunused-label]
  136 |   L_E85B_M0X0:
      |   ^~~~~~~~~~~
D:/l4t/DKC3Recomp/generated/snesrecomp/bankb2_part689_v2.c: In function 'CODE_B2E894_M0X0':
D:/l4t/DKC3Recomp/generated/snesrecomp/bankb2_part689_v2.c:49:3: warning: label 'L_E894_M0X0' defined but not used [-Wunused-label]
   49 |   L_E894_M0X0:
      |   ^~~~~~~~~~~
D:/l4t/DKC3Recomp/generated/snesrecomp/bankb2_part68a_v2.c: In function 'CODE_B2E8A8_M0X0':
D:/l4t/DKC3Recomp/generated/snesrecomp/bankb2_part68a_v2.c:49:3: warning: label 'L_E8A8_M0X0' defined but not used [-Wunused-label]
   49 |   L_E8A8_M0X0:
      |   ^~~~~~~~~~~
D:/l4t/DKC3Recomp/generated/snesrecomp/bankb2_part68b_v2.c: In function 'CODE_B2E8BE_M0X0':
D:/l4t/DKC3Recomp/generated/snesrecomp/bankb2_part68b_v2.c:51:3: warning: label 'L_E8BE_M0X0' defined but not used [-Wunused-label]
   51 |   L_E8BE_M0X0:
      |   ^~~~~~~~~~~
D:/l4t/DKC3Recomp/generated/snesrecomp/bankb2_part68f_v2.c: In function 'CODE_B2E8F9_M0X0':
D:/l4t/DKC3Recomp/generated/snesrecomp/bankb2_part68f_v2.c:50:3: warning: label 'L_E8F9_M0X0' defined but not used [-Wunused-label]
   50 |   L_E8F9_M0X0:
      |   ^~~~~~~~~~~
D:/l4t/DKC3Recomp/generated/snesrecomp/bankb2_part690_v2.c: In function 'CODE_B2E902_M0X0':
D:/l4t/DKC3Recomp/generated/snesrecomp/bankb2_part690_v2.c:50:3: warning: label 'L_E902_M0X0' defined but not used [-Wunused-label]
   50 |   L_E902_M0X0:
      |   ^~~~~~~~~~~
D:/l4t/DKC3Recomp/generated/snesrecomp/bankb2_part692_v2.c: In function 'CODE_B2E929_M0X0':
D:/l4t/DKC3Recomp/generated/snesrecomp/bankb2_part692_v2.c:49:3: warning: label 'L_E929_M0X0' defined but not used [-Wunused-label]
   49 |   L_E929_M0X0:
      |   ^~~~~~~~~~~
D:/l4t/DKC3Recomp/generated/snesrecomp/bankb2_part693_v2.c: In function 'CODE_B2E93B_M0X0':
D:/l4t/DKC3Recomp/generated/snesrecomp/bankb2_part693_v2.c:50:3: warning: label 'L_E93B_M0X0' defined but not used [-Wunused-label]
   50 |   L_E93B_M0X0:
      |   ^~~~~~~~~~~
D:/l4t/DKC3Recomp/generated/snesrecomp/bankb2_part69a_v2.c: In function 'CODE_B2E9AC_M0X0':
D:/l4t/DKC3Recomp/generated/snesrecomp/bankb2_part69a_v2.c:51:3: warning: label 'L_E9AC_M0X0' defined but not used [-Wunused-label]
   51 |   L_E9AC_M0X0:
      |   ^~~~~~~~~~~
D:/l4t/DKC3Recomp/generated/snesrecomp/bankb2_part69b_v2.c: In function 'CODE_B2E9B5_M0X0':
D:/l4t/DKC3Recomp/generated/snesrecomp/bankb2_part69b_v2.c:50:3: warning: label 'L_E9B5_M0X0' defined but not used [-Wunused-label]
   50 |   L_E9B5_M0X0:
      |   ^~~~~~~~~~~
D:/l4t/DKC3Recomp/generated/snesrecomp/bankb2_part69f_v2.c: In function 'CODE_B2E9F6_M0X0':
D:/l4t/DKC3Recomp/generated/snesrecomp/bankb2_part69f_v2.c:49:3: warning: label 'L_E9F6_M0X0' defined but not used [-Wunused-label]
   49 |   L_E9F6_M0X0:
      |   ^~~~~~~~~~~
D:/l4t/DKC3Recomp/generated/snesrecomp/bankb2_part6a0_v2.c: In function 'unknown_sprite_01C4_main_M0X0':
D:/l4t/DKC3Recomp/generated/snesrecomp/bankb2_part6a0_v2.c:50:3: warning: label 'L_EA00_M0X0' defined but not used [-Wunused-label]
   50 |   L_EA00_M0X0:
      |   ^~~~~~~~~~~
D:/l4t/DKC3Recomp/generated/snesrecomp/bankb2_part6a0_v2.c: In function 'CODE_B2EA09_M0X0':
D:/l4t/DKC3Recomp/generated/snesrecomp/bankb2_part6a0_v2.c:140:3: warning: label 'L_EA09_M0X0' defined but not used [-Wunused-label]
  140 |   L_EA09_M0X0:
      |   ^~~~~~~~~~~
D:/l4t/DKC3Recomp/generated/snesrecomp/bankb2_part6ab_v2.c: In function 'boomers_bomb_shelter_cogs_main_M0X0':
D:/l4t/DKC3Recomp/generated/snesrecomp/bankb2_part6ab_v2.c:49:3: warning: label 'L_EAB3_M0X0' defined but not used [-Wunused-label]
   49 |   L_EAB3_M0X0:
      |   ^~~~~~~~~~~
D:/l4t/DKC3Recomp/generated/snesrecomp/bankb2_part6ac_v2.c: In function 'chairlift_chair_main_M0X0':
D:/l4t/DKC3Recomp/generated/snesrecomp/bankb2_part6ac_v2.c:51:3: warning: label 'L_EACA_M0X0' defined but not used [-Wunused-label]
   51 |   L_EACA_M0X0:
      |   ^~~~~~~~~~~
D:/l4t/DKC3Recomp/generated/snesrecomp/bankb2_part6b3_v2.c: In function 'CODE_B2EB34_M0X0':
D:/l4t/DKC3Recomp/generated/snesrecomp/bankb2_part6b3_v2.c:51:3: warning: label 'L_EB34_M0X0' defined but not used [-Wunused-label]
   51 |   L_EB34_M0X0:
      |   ^~~~~~~~~~~
D:/l4t/DKC3Recomp/generated/snesrecomp/bankb2_part6b7_v2.c: In function 'CODE_B2EB71_M0X0':
D:/l4t/DKC3Recomp/generated/snesrecomp/bankb2_part6b7_v2.c:49:3: warning: label 'L_EB71_M0X0' defined but not used [-Wunused-label]
   49 |   L_EB71_M0X0:
      |   ^~~~~~~~~~~
D:/l4t/DKC3Recomp/generated/snesrecomp/bankb2_part6ba_v2.c: In function 'CODE_B2EBAA_M0X0':
D:/l4t/DKC3Recomp/generated/snesrecomp/bankb2_part6ba_v2.c:49:3: warning: label 'L_EBAA_M0X0' defined but not used [-Wunused-label]
   49 |   L_EBAA_M0X0:
      |   ^~~~~~~~~~~
D:/l4t/DKC3Recomp/generated/snesrecomp/bankb2_part6bb_v2.c: In function 'CODE_B2EBBF_M0X0':
D:/l4t/DKC3Recomp/generated/snesrecomp/bankb2_part6bb_v2.c:50:3: warning: label 'L_EBBF_M0X0' defined but not used [-Wunused-label]
   50 |   L_EBBF_M0X0:
      |   ^~~~~~~~~~~
D:/l4t/DKC3Recomp/generated/snesrecomp/bankb2_part6bd_v2.c: In function 'CODE_B2EBD4_M0X0':
D:/l4t/DKC3Recomp/generated/snesrecomp/bankb2_part6bd_v2.c:49:3: warning: label 'L_EBD4_M0X0' defined but not used [-Wunused-label]
   49 |   L_EBD4_M0X0:
      |   ^~~~~~~~~~~
D:/l4t/DKC3Recomp/generated/snesrecomp/bankb2_part6c3_v2.c: In function 'CODE_B2EC3A_M0X0':
D:/l4t/DKC3Recomp/generated/snesrecomp/bankb2_part6c3_v2.c:49:3: warning: label 'L_EC3A_M0X0' defined but not used [-Wunused-label]
   49 |   L_EC3A_M0X0:
      |   ^~~~~~~~~~~
D:/l4t/DKC3Recomp/generated/snesrecomp/bankb2_part6c4_v2.c: In function 'unknown_sprite_01C8_main_M0X0':
D:/l4t/DKC3Recomp/generated/snesrecomp/bankb2_part6c4_v2.c:52:3: warning: label 'L_EC45_M0X0' defined but not used [-Wunused-label]
   52 |   L_EC45_M0X0:
      |   ^~~~~~~~~~~
D:/l4t/DKC3Recomp/generated/snesrecomp/bankb2_part6c5_v2.c: In function 'CODE_B2EC50_M0X0':
D:/l4t/DKC3Recomp/generated/snesrecomp/bankb2_part6c5_v2.c:51:3: warning: label 'L_EC50_M0X0' defined but not used [-Wunused-label]
   51 |   L_EC50_M0X0:
      |   ^~~~~~~~~~~
D:/l4t/DKC3Recomp/generated/snesrecomp/bankb2_part6c7_v2.c: In function 'CODE_B2EC79_M0X0':
D:/l4t/DKC3Recomp/generated/snesrecomp/bankb2_part6c7_v2.c:51:3: warning: label 'L_EC79_M0X0' defined but not used [-Wunused-label]
   51 |   L_EC79_M0X0:
      |   ^~~~~~~~~~~
D:/l4t/DKC3Recomp/generated/snesrecomp/bankb2_part6ca_v2.c: In function 'CODE_B2ECA7_M0X0':
D:/l4t/DKC3Recomp/generated/snesrecomp/bankb2_part6ca_v2.c:50:3: warning: label 'L_ECA7_M0X0' defined but not used [-Wunused-label]
   50 |   L_ECA7_M0X0:
      |   ^~~~~~~~~~~
D:/l4t/DKC3Recomp/generated/snesrecomp/bankb2_part6ca_v2.c: In function 'CODE_B2ECAC_M0X0':
D:/l4t/DKC3Recomp/generated/snesrecomp/bankb2_part6ca_v2.c:134:3: warning: label 'L_ECAC_M0X0' defined but not used [-Wunused-label]
  134 |   L_ECAC_M0X0:
      |   ^~~~~~~~~~~
D:/l4t/DKC3Recomp/generated/snesrecomp/bankb2_part6cb_v2.c: In function 'sewer_stockpile_grate_main_M0X0':
D:/l4t/DKC3Recomp/generated/snesrecomp/bankb2_part6cb_v2.c:50:3: warning: label 'L_ECBA_M0X0' defined but not used [-Wunused-label]
   50 |   L_ECBA_M0X0:
      |   ^~~~~~~~~~~
D:/l4t/DKC3Recomp/generated/snesrecomp/bankb2_part6cc_v2.c: In function 'CODE_B2ECC1_M0X0':
D:/l4t/DKC3Recomp/generated/snesrecomp/bankb2_part6cc_v2.c:50:3: warning: label 'L_ECC1_M0X0' defined but not used [-Wunused-label]
   50 |   L_ECC1_M0X0:
      |   ^~~~~~~~~~~
D:/l4t/DKC3Recomp/generated/snesrecomp/bankb2_part6ce_v2.c: In function 'unknown_sprite_01CC_main_M0X0':
D:/l4t/DKC3Recomp/generated/snesrecomp/bankb2_part6ce_v2.c:52:3: warning: label 'L_ECEB_M0X0' defined but not used [-Wunused-label]
   52 |   L_ECEB_M0X0:
      |   ^~~~~~~~~~~
D:/l4t/DKC3Recomp/generated/snesrecomp/bankb2_part6cf_v2.c: In function 'CODE_B2ECF4_M0X0':
D:/l4t/DKC3Recomp/generated/snesrecomp/bankb2_part6cf_v2.c:51:3: warning: label 'L_ECF4_M0X0' defined but not used [-Wunused-label]
   51 |   L_ECF4_M0X0:
      |   ^~~~~~~~~~~
D:/l4t/DKC3Recomp/generated/snesrecomp/bankb2_part6d0_v2.c: In function 'CODE_B2ED0B_M0X0':
D:/l4t/DKC3Recomp/generated/snesrecomp/bankb2_part6d0_v2.c:50:3: warning: label 'L_ED0B_M0X0' defined but not used [-Wunused-label]
   50 |   L_ED0B_M0X0:
      |   ^~~~~~~~~~~
D:/l4t/DKC3Recomp/generated/snesrecomp/bankb2_part6d2_v2.c: In function 'CODE_B2ED20_M0X0':
D:/l4t/DKC3Recomp/generated/snesrecomp/bankb2_part6d2_v2.c:50:3: warning: label 'L_ED20_M0X0' defined but not used [-Wunused-label]
   50 |   L_ED20_M0X0:
      |   ^~~~~~~~~~~
D:/l4t/DKC3Recomp/generated/snesrecomp/bankb2_part6d3_v2.c: In function 'unknown_sprite_009C_main_M0X0':
D:/l4t/DKC3Recomp/generated/snesrecomp/bankb2_part6d3_v2.c:50:3: warning: label 'L_ED3D_M0X0' defined but not used [-Wunused-label]
   50 |   L_ED3D_M0X0:
      |   ^~~~~~~~~~~
D:/l4t/DKC3Recomp/generated/snesrecomp/bankb2_part6d4_v2.c: In function 'CODE_B2ED44_M0X0':
D:/l4t/DKC3Recomp/generated/snesrecomp/bankb2_part6d4_v2.c:50:3: warning: label 'L_ED44_M0X0' defined but not used [-Wunused-label]
   50 |   L_ED44_M0X0:
      |   ^~~~~~~~~~~
D:/l4t/DKC3Recomp/generated/snesrecomp/bankb2_part6da_v2.c: In function 'CODE_B2EDA8_M0X0':
D:/l4t/DKC3Recomp/generated/snesrecomp/bankb2_part6da_v2.c:50:3: warning: label 'L_EDA8_M0X0' defined but not used [-Wunused-label]
   50 |   L_EDA8_M0X0:
      |   ^~~~~~~~~~~
D:/l4t/DKC3Recomp/generated/snesrecomp/bankb2_part6db_v2.c: In function 'CODE_B2EDBF_M0X0':
D:/l4t/DKC3Recomp/generated/snesrecomp/bankb2_part6db_v2.c:49:3: warning: label 'L_EDBF_M0X0' defined but not used [-Wunused-label]
   49 |   L_EDBF_M0X0:
      |   ^~~~~~~~~~~
D:/l4t/DKC3Recomp/generated/snesrecomp/bankb2_part6dd_v2.c: In function 'CODE_B2EDD9_M0X0':
D:/l4t/DKC3Recomp/generated/snesrecomp/bankb2_part6dd_v2.c:49:3: warning: label 'L_EDD9_M0X0' defined but not used [-Wunused-label]
   49 |   L_EDD9_M0X0:
      |   ^~~~~~~~~~~
D:/l4t/DKC3Recomp/generated/snesrecomp/bankb2_part6e2_v2.c: In function 'unknown_sprite_00A0_main_M0X0':
D:/l4t/DKC3Recomp/generated/snesrecomp/bankb2_part6e2_v2.c:51:3: warning: label 'L_EE22_M0X0' defined but not used [-Wunused-label]
   51 |   L_EE22_M0X0:
      |   ^~~~~~~~~~~
D:/l4t/DKC3Recomp/generated/snesrecomp/bankb2_part6e2_v2.c: In function 'CODE_B2EE29_M0X0':
D:/l4t/DKC3Recomp/generated/snesrecomp/bankb2_part6e2_v2.c:129:3: warning: label 'L_EE29_M0X0' defined but not used [-Wunused-label]
  129 |   L_EE29_M0X0:
      |   ^~~~~~~~~~~
D:/l4t/DKC3Recomp/generated/snesrecomp/bankb2_part6e6_v2.c: In function 'unknown_sprite_00A4_main_M0X0':
D:/l4t/DKC3Recomp/generated/snesrecomp/bankb2_part6e6_v2.c:49:3: warning: label 'L_EE62_M0X0' defined but not used [-Wunused-label]
   49 |   L_EE62_M0X0:
      |   ^~~~~~~~~~~
D:/l4t/DKC3Recomp/generated/snesrecomp/bankb2_part6e7_v2.c: In function 'krosshair_main_M0X0':
D:/l4t/DKC3Recomp/generated/snesrecomp/bankb2_part6e7_v2.c:51:3: warning: label 'L_EE75_M0X0' defined but not used [-Wunused-label]
   51 |   L_EE75_M0X0:
      |   ^~~~~~~~~~~
D:/l4t/DKC3Recomp/generated/snesrecomp/bankb2_part6e8_v2.c: In function 'CODE_B2EE80_M0X0':
D:/l4t/DKC3Recomp/generated/snesrecomp/bankb2_part6e8_v2.c:51:3: warning: label 'L_EE80_M0X0' defined but not used [-Wunused-label]
   51 |   L_EE80_M0X0:
      |   ^~~~~~~~~~~
D:/l4t/DKC3Recomp/generated/snesrecomp/bankb2_part6f7_v2.c: In function 'CODE_B2EF7F_M0X0':
D:/l4t/DKC3Recomp/generated/snesrecomp/bankb2_part6f7_v2.c:51:3: warning: label 'L_EF7F_M0X0' defined but not used [-Wunused-label]
   51 |   L_EF7F_M0X0:
      |   ^~~~~~~~~~~
D:/l4t/DKC3Recomp/generated/snesrecomp/bankb2_part6fa_v2.c: In function 'CODE_B2EFA1_M0X0':
D:/l4t/DKC3Recomp/generated/snesrecomp/bankb2_part6fa_v2.c:50:3: warning: label 'L_EFA1_M0X0' defined but not used [-Wunused-label]
   50 |   L_EFA1_M0X0:
      |   ^~~~~~~~~~~
D:/l4t/DKC3Recomp/generated/snesrecomp/bankb2_part6fb_v2.c: In function 'CODE_B2EFB5_M0X0':
D:/l4t/DKC3Recomp/generated/snesrecomp/bankb2_part6fb_v2.c:50:3: warning: label 'L_EFB5_M0X0' defined but not used [-Wunused-label]
   50 |   L_EFB5_M0X0:
      |   ^~~~~~~~~~~
D:/l4t/DKC3Recomp/generated/snesrecomp/bankb2_part6fb_v2.c: In function 'CODE_B2EFBC_M0X0':
D:/l4t/DKC3Recomp/generated/snesrecomp/bankb2_part6fb_v2.c:188:3: warning: label 'L_EFBC_M0X0' defined but not used [-Wunused-label]
  188 |   L_EFBC_M0X0:
      |   ^~~~~~~~~~~
D:/l4t/DKC3Recomp/generated/snesrecomp/bankb2_part6fd_v2.c: In function 'CODE_B2EFDF_M0X0':
D:/l4t/DKC3Recomp/generated/snesrecomp/bankb2_part6fd_v2.c:49:3: warning: label 'L_EFDF_M0X0' defined but not used [-Wunused-label]
   49 |   L_EFDF_M0X0:
      |   ^~~~~~~~~~~
D:/l4t/DKC3Recomp/generated/snesrecomp/bankb2_part701_v2.c: In function 'CODE_B2F013_M0X0':
D:/l4t/DKC3Recomp/generated/snesrecomp/bankb2_part701_v2.c:50:3: warning: label 'L_F013_M0X0' defined but not used [-Wunused-label]
   50 |   L_F013_M0X0:
      |   ^~~~~~~~~~~
D:/l4t/DKC3Recomp/generated/snesrecomp/bankb2_part718_v2.c: In function 'CODE_B2F18F_M0X0':
D:/l4t/DKC3Recomp/generated/snesrecomp/bankb2_part718_v2.c:51:3: warning: label 'L_F18F_M0X0' defined but not used [-Wunused-label]
   51 |   L_F18F_M0X0:
      |   ^~~~~~~~~~~
D:/l4t/DKC3Recomp/generated/snesrecomp/bankb2_part71a_v2.c: In function 'CODE_B2F1A1_M0X0':
D:/l4t/DKC3Recomp/generated/snesrecomp/bankb2_part71a_v2.c:52:3: warning: label 'L_F1A1_M0X0' defined but not used [-Wunused-label]
   52 |   L_F1A1_M0X0:
      |   ^~~~~~~~~~~
D:/l4t/DKC3Recomp/generated/snesrecomp/bankb2_part71a_v2.c: In function 'CODE_B2F1A8_M0X0':
D:/l4t/DKC3Recomp/generated/snesrecomp/bankb2_part71a_v2.c:190:3: warning: label 'L_F1A8_M0X0' defined but not used [-Wunused-label]
  190 |   L_F1A8_M0X0:
      |   ^~~~~~~~~~~
D:/l4t/DKC3Recomp/generated/snesrecomp/bankb2_part71e_v2.c: In function 'CODE_B2F1E7_M0X0':
D:/l4t/DKC3Recomp/generated/snesrecomp/bankb2_part71e_v2.c:49:3: warning: label 'L_F1E7_M0X0' defined but not used [-Wunused-label]
   49 |   L_F1E7_M0X0:
      |   ^~~~~~~~~~~
D:/l4t/DKC3Recomp/generated/snesrecomp/bankb2_part724_v2.c: In function 'CODE_B2F245_M0X0':
D:/l4t/DKC3Recomp/generated/snesrecomp/bankb2_part724_v2.c:49:3: warning: label 'L_F245_M0X0' defined but not used [-Wunused-label]
   49 |   L_F245_M0X0:
      |   ^~~~~~~~~~~
D:/l4t/DKC3Recomp/generated/snesrecomp/bankb2_part732_v2.c: In function 'knautilus_main_M0X0':
D:/l4t/DKC3Recomp/generated/snesrecomp/bankb2_part732_v2.c:50:3: warning: label 'L_F323_M0X0' defined but not used [-Wunused-label]
   50 |   L_F323_M0X0:
      |   ^~~~~~~~~~~
D:/l4t/DKC3Recomp/generated/snesrecomp/bankb2_part73e_v2.c: In function 'CODE_B2F3EC_M0X0':
D:/l4t/DKC3Recomp/generated/snesrecomp/bankb2_part73e_v2.c:50:3: warning: label 'L_F3EC_M0X0' defined but not used [-Wunused-label]
   50 |   L_F3EC_M0X0:
      |   ^~~~~~~~~~~
D:/l4t/DKC3Recomp/generated/snesrecomp/bankb2_part73f_v2.c: In function 'krematoa_bridge_main_M0X0':
D:/l4t/DKC3Recomp/generated/snesrecomp/bankb2_part73f_v2.c:50:3: warning: label 'L_F3F2_M0X0' defined but not used [-Wunused-label]
   50 |   L_F3F2_M0X0:
      |   ^~~~~~~~~~~
D:/l4t/DKC3Recomp/generated/snesrecomp/bankb2_part742_v2.c: In function 'CODE_B2F420_M0X0':
D:/l4t/DKC3Recomp/generated/snesrecomp/bankb2_part742_v2.c:50:3: warning: label 'L_F420_M0X0' defined but not used [-Wunused-label]
   50 |   L_F420_M0X0:
      |   ^~~~~~~~~~~
D:/l4t/DKC3Recomp/generated/snesrecomp/bankb2_part747_v2.c: In function 'CODE_B2F471_M0X0':
D:/l4t/DKC3Recomp/generated/snesrecomp/bankb2_part747_v2.c:49:3: warning: label 'L_F471_M0X0' defined but not used [-Wunused-label]
   49 |   L_F471_M0X0:
      |   ^~~~~~~~~~~
D:/l4t/DKC3Recomp/generated/snesrecomp/bankb2_part74f_v2.c: In function 'unknown_sprite_01DC_main_M0X0':
D:/l4t/DKC3Recomp/generated/snesrecomp/bankb2_part74f_v2.c:50:3: warning: label 'L_F4F1_M0X0' defined but not used [-Wunused-label]
   50 |   L_F4F1_M0X0:
      |   ^~~~~~~~~~~
D:/l4t/DKC3Recomp/generated/snesrecomp/bankb2_part752_v2.c: In function 'CODE_B2F527_M0X0':
D:/l4t/DKC3Recomp/generated/snesrecomp/bankb2_part752_v2.c:49:3: warning: label 'L_F527_M0X0' defined but not used [-Wunused-label]
   49 |   L_F527_M0X0:
      |   ^~~~~~~~~~~
D:/l4t/DKC3Recomp/generated/snesrecomp/bankb2_part755_v2.c: In function 'CODE_B2F552_M0X0':
D:/l4t/DKC3Recomp/generated/snesrecomp/bankb2_part755_v2.c:50:3: warning: label 'L_F552_M0X0' defined but not used [-Wunused-label]
   50 |   L_F552_M0X0:
      |   ^~~~~~~~~~~
D:/l4t/DKC3Recomp/generated/snesrecomp/bankb2_part758_v2.c: In function 'unknown_sprite_01E0_main_M0X0':
D:/l4t/DKC3Recomp/generated/snesrecomp/bankb2_part758_v2.c:51:3: warning: label 'L_F582_M0X0' defined but not used [-Wunused-label]
   51 |   L_F582_M0X0:
      |   ^~~~~~~~~~~
D:/l4t/DKC3Recomp/generated/snesrecomp/bankb2_part75b_v2.c: In function 'CODE_B2F5B1_M0X0':
D:/l4t/DKC3Recomp/generated/snesrecomp/bankb2_part75b_v2.c:49:3: warning: label 'L_F5B1_M0X0' defined but not used [-Wunused-label]
   49 |   L_F5B1_M0X0:
      |   ^~~~~~~~~~~
D:/l4t/DKC3Recomp/generated/snesrecomp/bankb2_part760_v2.c: In function 'CODE_B2F606_M0X0':
D:/l4t/DKC3Recomp/generated/snesrecomp/bankb2_part760_v2.c:52:3: warning: label 'L_F606_M0X0' defined but not used [-Wunused-label]
   52 |   L_F606_M0X0:
      |   ^~~~~~~~~~~
D:/l4t/DKC3Recomp/generated/snesrecomp/bankb2_part764_v2.c: In function 'mama_bird_barrier_gem_main_M0X0':
D:/l4t/DKC3Recomp/generated/snesrecomp/bankb2_part764_v2.c:52:3: warning: label 'L_F64E_M0X0' defined but not used [-Wunused-label]
   52 |   L_F64E_M0X0:
      |   ^~~~~~~~~~~
D:/l4t/DKC3Recomp/generated/snesrecomp/bankb2_part769_v2.c: In function 'krool_head_main_M0X0':
D:/l4t/DKC3Recomp/generated/snesrecomp/bankb2_part769_v2.c:50:3: warning: label 'L_F691_M0X0' defined but not used [-Wunused-label]
   50 |   L_F691_M0X0:
      |   ^~~~~~~~~~~
D:/l4t/DKC3Recomp/generated/snesrecomp/bankb2_part769_v2.c: In function 'CODE_B2F69C_M0X0':
D:/l4t/DKC3Recomp/generated/snesrecomp/bankb2_part769_v2.c:152:3: warning: label 'L_F69C_M0X0' defined but not used [-Wunused-label]
  152 |   L_F69C_M0X0:
      |   ^~~~~~~~~~~
D:/l4t/DKC3Recomp/generated/snesrecomp/bankb2_part77b_v2.c: In function 'mama_bird_egg_M0X0':
D:/l4t/DKC3Recomp/generated/snesrecomp/bankb2_part77b_v2.c:49:3: warning: label 'L_F7BE_M0X0' defined but not used [-Wunused-label]
   49 |   L_F7BE_M0X0:
      |   ^~~~~~~~~~~
D:/l4t/DKC3Recomp/generated/snesrecomp/bankb2_part788_v2.c: In function 'CODE_B2F881_M0X0':
D:/l4t/DKC3Recomp/generated/snesrecomp/bankb2_part788_v2.c:50:3: warning: label 'L_F881_M0X0' defined but not used [-Wunused-label]
   50 |   L_F881_M0X0:
      |   ^~~~~~~~~~~
D:/l4t/DKC3Recomp/generated/snesrecomp/bankb2_part788_v2.c: In function 'funky_cranky_secret_ending_main_M0X0':
D:/l4t/DKC3Recomp/generated/snesrecomp/bankb2_part788_v2.c:171:3: warning: label 'L_F88E_M0X0' defined but not used [-Wunused-label]
  171 |   L_F88E_M0X0:
      |   ^~~~~~~~~~~
D:/l4t/DKC3Recomp/generated/snesrecomp/bankb2_part795_v2.c: In function 'CODE_B2F955_M0X0':
D:/l4t/DKC3Recomp/generated/snesrecomp/bankb2_part795_v2.c:49:3: warning: label 'L_F955_M0X0' defined but not used [-Wunused-label]
   49 |   L_F955_M0X0:
      |   ^~~~~~~~~~~
D:/l4t/DKC3Recomp/generated/snesrecomp/bankb2_part79a_v2.c: In function 'CODE_B2F9A2_M0X0':
D:/l4t/DKC3Recomp/generated/snesrecomp/bankb2_part79a_v2.c:49:3: warning: label 'L_F9A2_M0X0' defined but not used [-Wunused-label]
   49 |   L_F9A2_M0X0:
      |   ^~~~~~~~~~~
D:/l4t/DKC3Recomp/generated/snesrecomp/bankb2_part79b_v2.c: In function 'map_banana_bird_main_M0X0':
D:/l4t/DKC3Recomp/generated/snesrecomp/bankb2_part79b_v2.c:50:3: warning: label 'L_F9B4_M0X0' defined but not used [-Wunused-label]
   50 |   L_F9B4_M0X0:
      |   ^~~~~~~~~~~
D:/l4t/DKC3Recomp/generated/snesrecomp/bankb2_part79d_v2.c: In function 'CODE_B2F9DB_M0X0':
D:/l4t/DKC3Recomp/generated/snesrecomp/bankb2_part79d_v2.c:51:3: warning: label 'L_F9DB_M0X0' defined but not used [-Wunused-label]
   51 |   L_F9DB_M0X0:
      |   ^~~~~~~~~~~
D:/l4t/DKC3Recomp/generated/snesrecomp/bankb2_part79f_v2.c: In function 'CODE_B2F9F1_M0X0':
D:/l4t/DKC3Recomp/generated/snesrecomp/bankb2_part79f_v2.c:52:3: warning: label 'L_F9F1_M0X0' defined but not used [-Wunused-label]
   52 |   L_F9F1_M0X0:
      |   ^~~~~~~~~~~
D:/l4t/DKC3Recomp/generated/snesrecomp/bankb2_part79f_v2.c: In function 'map_mama_bird_main_M0X0':
D:/l4t/DKC3Recomp/generated/snesrecomp/bankb2_part79f_v2.c:223:3: warning: label 'L_F9FE_M0X0' defined but not used [-Wunused-label]
  223 |   L_F9FE_M0X0:
      |   ^~~~~~~~~~~
D:/l4t/DKC3Recomp/generated/snesrecomp/bankb2_part7a0_v2.c: In function 'CODE_B2FA07_M0X0':
D:/l4t/DKC3Recomp/generated/snesrecomp/bankb2_part7a0_v2.c:49:3: warning: label 'L_FA07_M0X0' defined but not used [-Wunused-label]
   49 |   L_FA07_M0X0:
      |   ^~~~~~~~~~~
D:/l4t/DKC3Recomp/generated/snesrecomp/bankb2_part7a5_v2.c: In function 'CODE_B2FA58_M0X0':
D:/l4t/DKC3Recomp/generated/snesrecomp/bankb2_part7a5_v2.c:51:3: warning: label 'L_FA58_M0X0' defined but not used [-Wunused-label]
   51 |   L_FA58_M0X0:
      |   ^~~~~~~~~~~
D:/l4t/DKC3Recomp/generated/snesrecomp/bankb2_part7a6_v2.c: In function 'CODE_B2FA6E_M0X0':
D:/l4t/DKC3Recomp/generated/snesrecomp/bankb2_part7a6_v2.c:49:3: warning: label 'L_FA6E_M0X0' defined but not used [-Wunused-label]
   49 |   L_FA6E_M0X0:
      |   ^~~~~~~~~~~
D:/l4t/DKC3Recomp/generated/snesrecomp/bankb2_part7a8_v2.c: In function 'CODE_B2FA85_M0X0':
D:/l4t/DKC3Recomp/generated/snesrecomp/bankb2_part7a8_v2.c:49:3: warning: label 'L_FA85_M0X0' defined but not used [-Wunused-label]
   49 |   L_FA85_M0X0:
      |   ^~~~~~~~~~~
D:/l4t/DKC3Recomp/generated/snesrecomp/bankb2_part7aa_v2.c: In function 'squirt_pupil_main_M0X0':
D:/l4t/DKC3Recomp/generated/snesrecomp/bankb2_part7aa_v2.c:50:3: warning: label 'L_FAA6_M0X0' defined but not used [-Wunused-label]
   50 |   L_FAA6_M0X0:
      |   ^~~~~~~~~~~
D:/l4t/DKC3Recomp/generated/snesrecomp/bankb2_part7aa_v2.c: In function 'CODE_B2FAAD_M0X0':
D:/l4t/DKC3Recomp/generated/snesrecomp/bankb2_part7aa_v2.c:128:3: warning: label 'L_FAAD_M0X0' defined but not used [-Wunused-label]
  128 |   L_FAAD_M0X0:
      |   ^~~~~~~~~~~
D:/l4t/DKC3Recomp/generated/snesrecomp/bankb2_part7b1_v2.c: In function 'unknown_sprite_01A0_main_M0X0':
D:/l4t/DKC3Recomp/generated/snesrecomp/bankb2_part7b1_v2.c:49:3: warning: label 'L_FB18_M0X0' defined but not used [-Wunused-label]
   49 |   L_FB18_M0X0:
      |   ^~~~~~~~~~~
D:/l4t/DKC3Recomp/generated/snesrecomp/bankb2_part7b3_v2.c: In function 'CODE_B2FB3A_M0X0':
D:/l4t/DKC3Recomp/generated/snesrecomp/bankb2_part7b3_v2.c:50:3: warning: label 'L_FB3A_M0X0' defined but not used [-Wunused-label]
   50 |   L_FB3A_M0X0:
      |   ^~~~~~~~~~~
D:/l4t/DKC3Recomp/generated/snesrecomp/bankb2_part7b6_v2.c: In function 'CODE_B2FB61_M0X0':
D:/l4t/DKC3Recomp/generated/snesrecomp/bankb2_part7b6_v2.c:49:3: warning: label 'L_FB61_M0X0' defined but not used [-Wunused-label]
   49 |   L_FB61_M0X0:
      |   ^~~~~~~~~~~
D:/l4t/DKC3Recomp/generated/snesrecomp/bankb2_part7b9_v2.c: In function 'CODE_B2FB9A_M0X0':
D:/l4t/DKC3Recomp/generated/snesrecomp/bankb2_part7b9_v2.c:49:3: warning: label 'L_FB9A_M0X0' defined but not used [-Wunused-label]
   49 |   L_FB9A_M0X0:
      |   ^~~~~~~~~~~
D:/l4t/DKC3Recomp/generated/snesrecomp/bankb2_part7bd_v2.c: In function 'CODE_B2FBD6_M0X0':
D:/l4t/DKC3Recomp/generated/snesrecomp/bankb2_part7bd_v2.c:49:3: warning: label 'L_FBD6_M0X0' defined but not used [-Wunused-label]
   49 |   L_FBD6_M0X0:
      |   ^~~~~~~~~~~
D:/l4t/DKC3Recomp/generated/snesrecomp/bankb2_part80_v2.c: In function 'CODE_B28800_M0X0':
D:/l4t/DKC3Recomp/generated/snesrecomp/bankb2_part80_v2.c:51:3: warning: label 'L_8800_M0X0' defined but not used [-Wunused-label]
   51 |   L_8800_M0X0:
      |   ^~~~~~~~~~~
D:/l4t/DKC3Recomp/generated/snesrecomp/bankb2_part83_v2.c: In function 'CODE_B28830_M0X0':
D:/l4t/DKC3Recomp/generated/snesrecomp/bankb2_part83_v2.c:54:3: warning: label 'L_8830_M0X0' defined but not used [-Wunused-label]
   54 |   L_8830_M0X0:
      |   ^~~~~~~~~~~
D:/l4t/DKC3Recomp/generated/snesrecomp/bankb2_part83_v2.c: In function 'CODE_B28830_M1X1':
D:/l4t/DKC3Recomp/generated/snesrecomp/bankb2_part83_v2.c:427:3: warning: label 'L_8830_M1X1' defined but not used [-Wunused-label]
  427 |   L_8830_M1X1:
      |   ^~~~~~~~~~~
D:/l4t/DKC3Recomp/generated/snesrecomp/bankb2_part87_v2.c: In function 'CODE_B28871_M0X0':
D:/l4t/DKC3Recomp/generated/snesrecomp/bankb2_part87_v2.c:52:3: warning: label 'L_8871_M0X0' defined but not used [-Wunused-label]
   52 |   L_8871_M0X0:
      |   ^~~~~~~~~~~
D:/l4t/DKC3Recomp/generated/snesrecomp/bankb2_part87_v2.c: In function 'CODE_B28871_M1X1':
D:/l4t/DKC3Recomp/generated/snesrecomp/bankb2_part87_v2.c:266:3: warning: label 'L_8871_M1X1' defined but not used [-Wunused-label]
  266 |   L_8871_M1X1:
      |   ^~~~~~~~~~~
D:/l4t/DKC3Recomp/generated/snesrecomp/bankb2_part88_v2.c: In function 'CODE_B2888E_M0X0':
D:/l4t/DKC3Recomp/generated/snesrecomp/bankb2_part88_v2.c:52:3: warning: label 'L_888E_M0X0' defined but not used [-Wunused-label]
   52 |   L_888E_M0X0:
      |   ^~~~~~~~~~~
D:/l4t/DKC3Recomp/generated/snesrecomp/bankb2_part88_v2.c: In function 'CODE_B2888E_M1X1':
D:/l4t/DKC3Recomp/generated/snesrecomp/bankb2_part88_v2.c:266:3: warning: label 'L_888E_M1X1' defined but not used [-Wunused-label]
  266 |   L_888E_M1X1:
      |   ^~~~~~~~~~~
D:/l4t/DKC3Recomp/generated/snesrecomp/bankb2_part8a_v2.c: In function 'CODE_B288AB_M0X0':
D:/l4t/DKC3Recomp/generated/snesrecomp/bankb2_part8a_v2.c:53:3: warning: label 'L_88AB_M0X0' defined but not used [-Wunused-label]
   53 |   L_88AB_M0X0:
      |   ^~~~~~~~~~~
D:/l4t/DKC3Recomp/generated/snesrecomp/bankb2_part8a_v2.c: In function 'CODE_B288AB_M1X1':
D:/l4t/DKC3Recomp/generated/snesrecomp/bankb2_part8a_v2.c:123:3: warning: label 'L_88AB_M1X1' defined but not used [-Wunused-label]
  123 |   L_88AB_M1X1:
      |   ^~~~~~~~~~~
D:/l4t/DKC3Recomp/generated/snesrecomp/bankb2_part8a_v2.c: In function 'CODE_B288AE_M0X0':
D:/l4t/DKC3Recomp/generated/snesrecomp/bankb2_part8a_v2.c:189:3: warning: label 'L_88AE_M0X0' defined but not used [-Wunused-label]
  189 |   L_88AE_M0X0:
      |   ^~~~~~~~~~~
D:/l4t/DKC3Recomp/generated/snesrecomp/bankb2_part8a_v2.c: In function 'CODE_B288AE_M1X1':
D:/l4t/DKC3Recomp/generated/snesrecomp/bankb2_part8a_v2.c:308:3: warning: label 'L_88AE_M1X1' defined but not used [-Wunused-label]
  308 |   L_88AE_M1X1:
      |   ^~~~~~~~~~~
D:/l4t/DKC3Recomp/generated/snesrecomp/bankb2_part8a_v2.c: In function 'bank_B2_88AF_M0X0':
D:/l4t/DKC3Recomp/generated/snesrecomp/bankb2_part8a_v2.c:454:3: warning: label 'L_88AF_M0X0' defined but not used [-Wunused-label]
  454 |   L_88AF_M0X0:
      |   ^~~~~~~~~~~
D:/l4t/DKC3Recomp/generated/snesrecomp/bankb2_partd8_v2.c: In function 'CODE_B28D82_M0X0':
D:/l4t/DKC3Recomp/generated/snesrecomp/bankb2_partd8_v2.c:50:3: warning: label 'L_8D82_M0X0' defined but not used [-Wunused-label]
   50 |   L_8D82_M0X0:
      |   ^~~~~~~~~~~
D:/l4t/DKC3Recomp/generated/snesrecomp/bankb2_partf5_v2.c: In function 'rotating_cylinder_handle_main_M0X0':
D:/l4t/DKC3Recomp/generated/snesrecomp/bankb2_partf5_v2.c:49:3: warning: label 'L_8F5C_M0X0' defined but not used [-Wunused-label]
   49 |   L_8F5C_M0X0:
      |   ^~~~~~~~~~~
D:/l4t/DKC3Recomp/generated/snesrecomp/bankb2_partfc_v2.c: In function 'unknown_sprite_00DC_main_M0X0':
D:/l4t/DKC3Recomp/generated/snesrecomp/bankb2_partfc_v2.c:49:3: warning: label 'L_8FC6_M0X0' defined but not used [-Wunused-label]
   49 |   L_8FC6_M0X0:
      |   ^~~~~~~~~~~
D:/l4t/DKC3Recomp/generated/snesrecomp/bankb3_part00_v2.c: In function 'CODE_B38003_M0X0':
D:/l4t/DKC3Recomp/generated/snesrecomp/bankb3_part00_v2.c:78:3: warning: label 'L_8003_M0X0' defined but not used [-Wunused-label]
   78 |   L_8003_M0X0:
      |   ^~~~~~~~~~~
D:/l4t/DKC3Recomp/generated/snesrecomp/bankb3_part00_v2.c: In function 'CODE_B38006_M0X0':
D:/l4t/DKC3Recomp/generated/snesrecomp/bankb3_part00_v2.c:737:3: warning: label 'L_8006_M0X0' defined but not used [-Wunused-label]
  737 |   L_8006_M0X0:
      |   ^~~~~~~~~~~
D:/l4t/DKC3Recomp/generated/snesrecomp/bankb3_part00_v2.c: In function 'CODE_B38009_M0X0':
D:/l4t/DKC3Recomp/generated/snesrecomp/bankb3_part00_v2.c:781:3: warning: label 'L_8009_M0X0' defined but not used [-Wunused-label]
  781 |   L_8009_M0X0:
      |   ^~~~~~~~~~~
D:/l4t/DKC3Recomp/generated/snesrecomp/bankb3_part00_v2.c: In function 'CODE_B3800C_M0X0':
D:/l4t/DKC3Recomp/generated/snesrecomp/bankb3_part00_v2.c:1144:3: warning: label 'L_800C_M0X0' defined but not used [-Wunused-label]
 1144 |   L_800C_M0X0:
      |   ^~~~~~~~~~~
D:/l4t/DKC3Recomp/generated/snesrecomp/bankb3_part00_v2.c: In function 'CODE_B3800F_M0X0':
D:/l4t/DKC3Recomp/generated/snesrecomp/bankb3_part00_v2.c:1317:3: warning: label 'L_800F_M0X0' defined but not used [-Wunused-label]
 1317 |   L_800F_M0X0:
      |   ^~~~~~~~~~~
D:/l4t/DKC3Recomp/generated/snesrecomp/bankb3_part09_v2.c: In function 'CODE_B38093_M0X0':
D:/l4t/DKC3Recomp/generated/snesrecomp/bankb3_part09_v2.c:49:3: warning: label 'L_8093_M0X0' defined but not used [-Wunused-label]
   49 |   L_8093_M0X0:
      |   ^~~~~~~~~~~
D:/l4t/DKC3Recomp/generated/snesrecomp/bankb3_part0f_v2.c: In function 'CODE_B380F4_M0X0':
D:/l4t/DKC3Recomp/generated/snesrecomp/bankb3_part0f_v2.c:53:3: warning: label 'L_80F4_M0X0' defined but not used [-Wunused-label]
   53 |   L_80F4_M0X0:
      |   ^~~~~~~~~~~
D:/l4t/DKC3Recomp/generated/snesrecomp/bankb3_part10_v2.c: In function 'CODE_B3810B_M0X0':
D:/l4t/DKC3Recomp/generated/snesrecomp/bankb3_part10_v2.c:50:3: warning: label 'L_810B_M0X0' defined but not used [-Wunused-label]
   50 |   L_810B_M0X0:
      |   ^~~~~~~~~~~
D:/l4t/DKC3Recomp/generated/snesrecomp/bankb3_part135_v2.c: In function 'CODE_B39359_M0X0':
D:/l4t/DKC3Recomp/generated/snesrecomp/bankb3_part135_v2.c:50:3: warning: label 'L_9359_M0X0' defined but not used [-Wunused-label]
   50 |   L_9359_M0X0:
      |   ^~~~~~~~~~~
D:/l4t/DKC3Recomp/generated/snesrecomp/bankb3_part139_v2.c: In function 'CODE_B3939E_M0X0':
D:/l4t/DKC3Recomp/generated/snesrecomp/bankb3_part139_v2.c:56:3: warning: label 'L_939E_M0X0' defined but not used [-Wunused-label]
   56 |   L_939E_M0X0:
      |   ^~~~~~~~~~~
D:/l4t/DKC3Recomp/generated/snesrecomp/bankb3_part13_v2.c: In function 'CODE_B3813E_M0X0':
D:/l4t/DKC3Recomp/generated/snesrecomp/bankb3_part13_v2.c:51:3: warning: label 'L_813E_M0X0' defined but not used [-Wunused-label]
   51 |   L_813E_M0X0:
      |   ^~~~~~~~~~~
D:/l4t/DKC3Recomp/generated/snesrecomp/bankb3_part152_v2.c: In function 'CODE_B39520_M0X0':
D:/l4t/DKC3Recomp/generated/snesrecomp/bankb3_part152_v2.c:49:3: warning: label 'L_9520_M0X0' defined but not used [-Wunused-label]
   49 |   L_9520_M0X0:
      |   ^~~~~~~~~~~
D:/l4t/DKC3Recomp/generated/snesrecomp/bankb3_part15_v2.c: In function 'CODE_B38158_M0X0':
D:/l4t/DKC3Recomp/generated/snesrecomp/bankb3_part15_v2.c:49:3: warning: label 'L_8158_M0X0' defined but not used [-Wunused-label]
   49 |   L_8158_M0X0:
      |   ^~~~~~~~~~~
D:/l4t/DKC3Recomp/generated/snesrecomp/bankb3_part163_v2.c: In function 'CODE_B39631_M0X0':
D:/l4t/DKC3Recomp/generated/snesrecomp/bankb3_part163_v2.c:52:3: warning: label 'L_9631_M0X0' defined but not used [-Wunused-label]
   52 |   L_9631_M0X0:
      |   ^~~~~~~~~~~
D:/l4t/DKC3Recomp/generated/snesrecomp/bankb3_part163_v2.c: In function 'CODE_B39637_M0X0':
D:/l4t/DKC3Recomp/generated/snesrecomp/bankb3_part163_v2.c:334:3: warning: label 'L_9637_M0X0' defined but not used [-Wunused-label]
  334 |   L_9637_M0X0:
      |   ^~~~~~~~~~~
D:/l4t/DKC3Recomp/generated/snesrecomp/bankb3_part174_v2.c: In function 'CODE_B39741_M0X0':
D:/l4t/DKC3Recomp/generated/snesrecomp/bankb3_part174_v2.c:49:3: warning: label 'L_9741_M0X0' defined but not used [-Wunused-label]
   49 |   L_9741_M0X0:
      |   ^~~~~~~~~~~
D:/l4t/DKC3Recomp/generated/snesrecomp/bankb3_part178_v2.c: In function 'CODE_B39781_M0X0':
D:/l4t/DKC3Recomp/generated/snesrecomp/bankb3_part178_v2.c:50:3: warning: label 'L_9781_M0X0' defined but not used [-Wunused-label]
   50 |   L_9781_M0X0:
      |   ^~~~~~~~~~~
D:/l4t/DKC3Recomp/generated/snesrecomp/bankb3_part17a_v2.c: In function 'CODE_B397A2_M0X0':
D:/l4t/DKC3Recomp/generated/snesrecomp/bankb3_part17a_v2.c:51:3: warning: label 'L_97A2_M0X0' defined but not used [-Wunused-label]
   51 |   L_97A2_M0X0:
      |   ^~~~~~~~~~~
D:/l4t/DKC3Recomp/generated/snesrecomp/bankb3_part181_v2.c: In function 'CODE_B39816_M0X0':
D:/l4t/DKC3Recomp/generated/snesrecomp/bankb3_part181_v2.c:50:3: warning: label 'L_9816_M0X0' defined but not used [-Wunused-label]
   50 |   L_9816_M0X0:
      |   ^~~~~~~~~~~
D:/l4t/DKC3Recomp/generated/snesrecomp/bankb3_part186_v2.c: In function 'CODE_B39863_M0X0':
D:/l4t/DKC3Recomp/generated/snesrecomp/bankb3_part186_v2.c:50:3: warning: label 'L_9863_M0X0' defined but not used [-Wunused-label]
   50 |   L_9863_M0X0:
      |   ^~~~~~~~~~~
D:/l4t/DKC3Recomp/generated/snesrecomp/bankb3_part1ba_v2.c: In function 'CODE_B39BA5_M0X0':
D:/l4t/DKC3Recomp/generated/snesrecomp/bankb3_part1ba_v2.c:51:3: warning: label 'L_9BA5_M0X0' defined but not used [-Wunused-label]
   51 |   L_9BA5_M0X0:
      |   ^~~~~~~~~~~
D:/l4t/DKC3Recomp/generated/snesrecomp/bankb3_part1be_v2.c: In function 'CODE_B39BEA_M0X0':
D:/l4t/DKC3Recomp/generated/snesrecomp/bankb3_part1be_v2.c:51:3: warning: label 'L_9BEA_M0X0' defined but not used [-Wunused-label]
   51 |   L_9BEA_M0X0:
      |   ^~~~~~~~~~~
D:/l4t/DKC3Recomp/generated/snesrecomp/bankb3_part1da_v2.c: In function 'CODE_B39DA5_M0X0':
D:/l4t/DKC3Recomp/generated/snesrecomp/bankb3_part1da_v2.c:49:3: warning: label 'L_9DA5_M0X0' defined but not used [-Wunused-label]
   49 |   L_9DA5_M0X0:
      |   ^~~~~~~~~~~
D:/l4t/DKC3Recomp/generated/snesrecomp/bankb3_part1e4_v2.c: In function 'CODE_B39E49_M0X0':
D:/l4t/DKC3Recomp/generated/snesrecomp/bankb3_part1e4_v2.c:49:3: warning: label 'L_9E49_M0X0' defined but not used [-Wunused-label]
   49 |   L_9E49_M0X0:
      |   ^~~~~~~~~~~
D:/l4t/DKC3Recomp/generated/snesrecomp/bankb3_part1e6_v2.c: In function 'CODE_B39E6A_M0X0':
D:/l4t/DKC3Recomp/generated/snesrecomp/bankb3_part1e6_v2.c:51:3: warning: label 'L_9E6A_M0X0' defined but not used [-Wunused-label]
   51 |   L_9E6A_M0X0:
      |   ^~~~~~~~~~~
D:/l4t/DKC3Recomp/generated/snesrecomp/bankb3_part1eb_v2.c: In function 'CODE_B39EB1_M0X0':
D:/l4t/DKC3Recomp/generated/snesrecomp/bankb3_part1eb_v2.c:50:3: warning: label 'L_9EB1_M0X0' defined but not used [-Wunused-label]
   50 |   L_9EB1_M0X0:
      |   ^~~~~~~~~~~
D:/l4t/DKC3Recomp/generated/snesrecomp/bankb3_part1f1_v2.c: In function 'CODE_B39F19_M0X0':
D:/l4t/DKC3Recomp/generated/snesrecomp/bankb3_part1f1_v2.c:50:3: warning: label 'L_9F19_M0X0' defined but not used [-Wunused-label]
   50 |   L_9F19_M0X0:
      |   ^~~~~~~~~~~
D:/l4t/DKC3Recomp/generated/snesrecomp/bankb3_part20a_v2.c: In function 'CODE_B3A0AD_M0X0':
D:/l4t/DKC3Recomp/generated/snesrecomp/bankb3_part20a_v2.c:52:3: warning: label 'L_A0AD_M0X0' defined but not used [-Wunused-label]
   52 |   L_A0AD_M0X0:
      |   ^~~~~~~~~~~
D:/l4t/DKC3Recomp/generated/snesrecomp/bankb3_part223_v2.c: In function 'CODE_B3A237_M0X0':
D:/l4t/DKC3Recomp/generated/snesrecomp/bankb3_part223_v2.c:50:3: warning: label 'L_A237_M0X0' defined but not used [-Wunused-label]
   50 |   L_A237_M0X0:
      |   ^~~~~~~~~~~
D:/l4t/DKC3Recomp/generated/snesrecomp/bankb3_part23a_v2.c: In function 'CODE_B3A3A4_M0X0':
D:/l4t/DKC3Recomp/generated/snesrecomp/bankb3_part23a_v2.c:51:3: warning: label 'L_A3A4_M0X0' defined but not used [-Wunused-label]
   51 |   L_A3A4_M0X0:
      |   ^~~~~~~~~~~
D:/l4t/DKC3Recomp/generated/snesrecomp/bankb3_part23b_v2.c: In function 'CODE_B3A3BD_M0X0':
D:/l4t/DKC3Recomp/generated/snesrecomp/bankb3_part23b_v2.c:52:3: warning: label 'L_A3BD_M0X0' defined but not used [-Wunused-label]
   52 |   L_A3BD_M0X0:
      |   ^~~~~~~~~~~
D:/l4t/DKC3Recomp/generated/snesrecomp/bankb3_part23e_v2.c: In function 'CODE_B3A3EC_M0X0':
D:/l4t/DKC3Recomp/generated/snesrecomp/bankb3_part23e_v2.c:52:3: warning: label 'L_A3EC_M0X0' defined but not used [-Wunused-label]
   52 |   L_A3EC_M0X0:
      |   ^~~~~~~~~~~
D:/l4t/DKC3Recomp/generated/snesrecomp/bankb3_part25_v2.c: In function 'CODE_B38259_M0X0':
D:/l4t/DKC3Recomp/generated/snesrecomp/bankb3_part25_v2.c:50:3: warning: label 'L_8259_M0X0' defined but not used [-Wunused-label]
   50 |   L_8259_M0X0:
      |   ^~~~~~~~~~~
D:/l4t/DKC3Recomp/generated/snesrecomp/bankb3_part26f_v2.c: In function 'CODE_B3A6F7_M0X0':
D:/l4t/DKC3Recomp/generated/snesrecomp/bankb3_part26f_v2.c:50:3: warning: label 'L_A6F7_M0X0' defined but not used [-Wunused-label]
   50 |   L_A6F7_M0X0:
      |   ^~~~~~~~~~~
D:/l4t/DKC3Recomp/generated/snesrecomp/bankb3_part28e_v2.c: In function 'CODE_B3A8E4_M0X0':
D:/l4t/DKC3Recomp/generated/snesrecomp/bankb3_part28e_v2.c:49:3: warning: label 'L_A8E4_M0X0' defined but not used [-Wunused-label]
   49 |   L_A8E4_M0X0:
      |   ^~~~~~~~~~~
D:/l4t/DKC3Recomp/generated/snesrecomp/bankb3_part2cf_v2.c: In function 'CODE_B3ACF8_M0X0':
D:/l4t/DKC3Recomp/generated/snesrecomp/bankb3_part2cf_v2.c:49:3: warning: label 'L_ACF8_M0X0' defined but not used [-Wunused-label]
   49 |   L_ACF8_M0X0:
      |   ^~~~~~~~~~~
D:/l4t/DKC3Recomp/generated/snesrecomp/bankb3_part2e_v2.c: In function 'CODE_B382EC_M0X0':
D:/l4t/DKC3Recomp/generated/snesrecomp/bankb3_part2e_v2.c:50:3: warning: label 'L_82EC_M0X0' defined but not used [-Wunused-label]
   50 |   L_82EC_M0X0:
      |   ^~~~~~~~~~~
D:/l4t/DKC3Recomp/generated/snesrecomp/bankb3_part336_v2.c: In function 'CODE_B3B36F_M0X0':
D:/l4t/DKC3Recomp/generated/snesrecomp/bankb3_part336_v2.c:50:3: warning: label 'L_B36F_M0X0' defined but not used [-Wunused-label]
   50 |   L_B36F_M0X0:
      |   ^~~~~~~~~~~
D:/l4t/DKC3Recomp/generated/snesrecomp/bankb3_part342_v2.c: In function 'CODE_B3B42E_M0X0':
D:/l4t/DKC3Recomp/generated/snesrecomp/bankb3_part342_v2.c:51:3: warning: label 'L_B42E_M0X0' defined but not used [-Wunused-label]
   51 |   L_B42E_M0X0:
      |   ^~~~~~~~~~~
D:/l4t/DKC3Recomp/generated/snesrecomp/bankb3_part358_v2.c: In function 'CODE_B3B58A_M0X0':
D:/l4t/DKC3Recomp/generated/snesrecomp/bankb3_part358_v2.c:50:3: warning: label 'L_B58A_M0X0' defined but not used [-Wunused-label]
   50 |   L_B58A_M0X0:
      |   ^~~~~~~~~~~
D:/l4t/DKC3Recomp/generated/snesrecomp/bankb3_part35_v2.c: In function 'CODE_B38351_M0X0':
D:/l4t/DKC3Recomp/generated/snesrecomp/bankb3_part35_v2.c:50:3: warning: label 'L_8351_M0X0' defined but not used [-Wunused-label]
   50 |   L_8351_M0X0:
      |   ^~~~~~~~~~~
D:/l4t/DKC3Recomp/generated/snesrecomp/bankb3_part36d_v2.c: In function 'CODE_B3B6D6_M0X0':
D:/l4t/DKC3Recomp/generated/snesrecomp/bankb3_part36d_v2.c:51:3: warning: label 'L_B6D6_M0X0' defined but not used [-Wunused-label]
   51 |   L_B6D6_M0X0:
      |   ^~~~~~~~~~~
D:/l4t/DKC3Recomp/generated/snesrecomp/bankb3_part379_v2.c: In function 'CODE_B3B79A_M0X0':
D:/l4t/DKC3Recomp/generated/snesrecomp/bankb3_part379_v2.c:49:3: warning: label 'L_B79A_M0X0' defined but not used [-Wunused-label]
   49 |   L_B79A_M0X0:
      |   ^~~~~~~~~~~
D:/l4t/DKC3Recomp/generated/snesrecomp/bankb3_part397_v2.c: In function 'CODE_B3B971_M0X0':
D:/l4t/DKC3Recomp/generated/snesrecomp/bankb3_part397_v2.c:49:3: warning: label 'L_B971_M0X0' defined but not used [-Wunused-label]
   49 |   L_B971_M0X0:
      |   ^~~~~~~~~~~
D:/l4t/DKC3Recomp/generated/snesrecomp/bankb3_part3c7_v2.c: In function 'CODE_B3BC7C_M0X0':
D:/l4t/DKC3Recomp/generated/snesrecomp/bankb3_part3c7_v2.c:50:3: warning: label 'L_BC7C_M0X0' defined but not used [-Wunused-label]
   50 |   L_BC7C_M0X0:
      |   ^~~~~~~~~~~
D:/l4t/DKC3Recomp/generated/snesrecomp/bankb3_part3f_v2.c: In function 'CODE_B383F8_M0X0':
D:/l4t/DKC3Recomp/generated/snesrecomp/bankb3_part3f_v2.c:50:3: warning: label 'L_83F8_M0X0' defined but not used [-Wunused-label]
   50 |   L_83F8_M0X0:
      |   ^~~~~~~~~~~
D:/l4t/DKC3Recomp/generated/snesrecomp/bankb3_part3fb_v2.c: In function 'CODE_B3BFB1_M0X0':
D:/l4t/DKC3Recomp/generated/snesrecomp/bankb3_part3fb_v2.c:50:3: warning: label 'L_BFB1_M0X0' defined but not used [-Wunused-label]
   50 |   L_BFB1_M0X0:
      |   ^~~~~~~~~~~
D:/l4t/DKC3Recomp/generated/snesrecomp/bankb3_part40f_v2.c: In function 'CODE_B3C0F4_M0X0':
D:/l4t/DKC3Recomp/generated/snesrecomp/bankb3_part40f_v2.c:51:3: warning: label 'L_C0F4_M0X0' defined but not used [-Wunused-label]
   51 |   L_C0F4_M0X0:
      |   ^~~~~~~~~~~
D:/l4t/DKC3Recomp/generated/snesrecomp/bankb3_part41f_v2.c: In function 'CODE_B3C1F4_M0X0':
D:/l4t/DKC3Recomp/generated/snesrecomp/bankb3_part41f_v2.c:49:3: warning: label 'L_C1F4_M0X0' defined but not used [-Wunused-label]
   49 |   L_C1F4_M0X0:
      |   ^~~~~~~~~~~
D:/l4t/DKC3Recomp/generated/snesrecomp/bankb3_part423_v2.c: In function 'CODE_B3C23E_M0X0':
D:/l4t/DKC3Recomp/generated/snesrecomp/bankb3_part423_v2.c:50:3: warning: label 'L_C23E_M0X0' defined but not used [-Wunused-label]
   50 |   L_C23E_M0X0:
      |   ^~~~~~~~~~~
D:/l4t/DKC3Recomp/generated/snesrecomp/bankb3_part42c_v2.c: In function 'CODE_B3C2C4_M0X0':
D:/l4t/DKC3Recomp/generated/snesrecomp/bankb3_part42c_v2.c:51:3: warning: label 'L_C2C4_M0X0' defined but not used [-Wunused-label]
   51 |   L_C2C4_M0X0:
      |   ^~~~~~~~~~~
D:/l4t/DKC3Recomp/generated/snesrecomp/bankb3_part437_v2.c: In function 'CODE_B3C371_M0X0':
D:/l4t/DKC3Recomp/generated/snesrecomp/bankb3_part437_v2.c:49:3: warning: label 'L_C371_M0X0' defined but not used [-Wunused-label]
   49 |   L_C371_M0X0:
      |   ^~~~~~~~~~~
D:/l4t/DKC3Recomp/generated/snesrecomp/bankb3_part438_v2.c: In function 'CODE_B3C381_M0X0':
D:/l4t/DKC3Recomp/generated/snesrecomp/bankb3_part438_v2.c:49:3: warning: label 'L_C381_M0X0' defined but not used [-Wunused-label]
   49 |   L_C381_M0X0:
      |   ^~~~~~~~~~~
D:/l4t/DKC3Recomp/generated/snesrecomp/bankb3_part444_v2.c: In function 'CODE_B3C44B_M0X0':
D:/l4t/DKC3Recomp/generated/snesrecomp/bankb3_part444_v2.c:49:3: warning: label 'L_C44B_M0X0' defined but not used [-Wunused-label]
   49 |   L_C44B_M0X0:
      |   ^~~~~~~~~~~
D:/l4t/DKC3Recomp/generated/snesrecomp/bankb3_part44e_v2.c: In function 'CODE_B3C4E0_M0X0':
D:/l4t/DKC3Recomp/generated/snesrecomp/bankb3_part44e_v2.c:50:3: warning: label 'L_C4E0_M0X0' defined but not used [-Wunused-label]
   50 |   L_C4E0_M0X0:
      |   ^~~~~~~~~~~
D:/l4t/DKC3Recomp/generated/snesrecomp/bankb3_part466_v2.c: In function 'CODE_B3C66B_M0X0':
D:/l4t/DKC3Recomp/generated/snesrecomp/bankb3_part466_v2.c:50:3: warning: label 'L_C66B_M0X0' defined but not used [-Wunused-label]
   50 |   L_C66B_M0X0:
      |   ^~~~~~~~~~~
D:/l4t/DKC3Recomp/generated/snesrecomp/bankb3_part471_v2.c: In function 'CODE_B3C716_M0X0':
D:/l4t/DKC3Recomp/generated/snesrecomp/bankb3_part471_v2.c:49:3: warning: label 'L_C716_M0X0' defined but not used [-Wunused-label]
   49 |   L_C716_M0X0:
      |   ^~~~~~~~~~~
D:/l4t/DKC3Recomp/generated/snesrecomp/bankb3_part4b7_v2.c: In function 'CODE_B3CB76_M0X0':
D:/l4t/DKC3Recomp/generated/snesrecomp/bankb3_part4b7_v2.c:50:3: warning: label 'L_CB76_M0X0' defined but not used [-Wunused-label]
   50 |   L_CB76_M0X0:
      |   ^~~~~~~~~~~
D:/l4t/DKC3Recomp/generated/snesrecomp/bankb3_part4b_v2.c: In function 'CODE_B384B5_M0X0':
D:/l4t/DKC3Recomp/generated/snesrecomp/bankb3_part4b_v2.c:51:3: warning: label 'L_84B5_M0X0' defined but not used [-Wunused-label]
   51 |   L_84B5_M0X0:
      |   ^~~~~~~~~~~
D:/l4t/DKC3Recomp/generated/snesrecomp/bankb3_part4bf_v2.c: In function 'CODE_B3CBF1_M0X0':
D:/l4t/DKC3Recomp/generated/snesrecomp/bankb3_part4bf_v2.c:55:3: warning: label 'L_CBF1_M0X0' defined but not used [-Wunused-label]
   55 |   L_CBF1_M0X0:
      |   ^~~~~~~~~~~
D:/l4t/DKC3Recomp/generated/snesrecomp/bankb3_part4f2_v2.c: In function 'CODE_B3CF20_M0X0':
D:/l4t/DKC3Recomp/generated/snesrecomp/bankb3_part4f2_v2.c:49:3: warning: label 'L_CF20_M0X0' defined but not used [-Wunused-label]
   49 |   L_CF20_M0X0:
      |   ^~~~~~~~~~~
D:/l4t/DKC3Recomp/generated/snesrecomp/bankb3_part4f3_v2.c: In function 'CODE_B3CF3A_M0X0':
D:/l4t/DKC3Recomp/generated/snesrecomp/bankb3_part4f3_v2.c:50:3: warning: label 'L_CF3A_M0X0' defined but not used [-Wunused-label]
   50 |   L_CF3A_M0X0:
      |   ^~~~~~~~~~~
D:/l4t/DKC3Recomp/generated/snesrecomp/bankb3_part4fb_v2.c: In function 'CODE_B3CFBE_M0X0':
D:/l4t/DKC3Recomp/generated/snesrecomp/bankb3_part4fb_v2.c:49:3: warning: label 'L_CFBE_M0X0' defined but not used [-Wunused-label]
   49 |   L_CFBE_M0X0:
      |   ^~~~~~~~~~~
D:/l4t/DKC3Recomp/generated/snesrecomp/bankb3_part51d_v2.c: In function 'CODE_B3D1D4_M0X0':
D:/l4t/DKC3Recomp/generated/snesrecomp/bankb3_part51d_v2.c:49:3: warning: label 'L_D1D4_M0X0' defined but not used [-Wunused-label]
   49 |   L_D1D4_M0X0:
      |   ^~~~~~~~~~~
D:/l4t/DKC3Recomp/generated/snesrecomp/bankb3_part523_v2.c: In function 'CODE_B3D23C_M0X0':
D:/l4t/DKC3Recomp/generated/snesrecomp/bankb3_part523_v2.c:50:3: warning: label 'L_D23C_M0X0' defined but not used [-Wunused-label]
   50 |   L_D23C_M0X0:
      |   ^~~~~~~~~~~
D:/l4t/DKC3Recomp/generated/snesrecomp/bankb3_part525_v2.c: In function 'CODE_B3D257_M0X0':
D:/l4t/DKC3Recomp/generated/snesrecomp/bankb3_part525_v2.c:49:3: warning: label 'L_D257_M0X0' defined but not used [-Wunused-label]
   49 |   L_D257_M0X0:
      |   ^~~~~~~~~~~
D:/l4t/DKC3Recomp/generated/snesrecomp/bankb3_part52_v2.c: In function 'CODE_B38523_M0X0':
D:/l4t/DKC3Recomp/generated/snesrecomp/bankb3_part52_v2.c:49:3: warning: label 'L_8523_M0X0' defined but not used [-Wunused-label]
   49 |   L_8523_M0X0:
      |   ^~~~~~~~~~~
D:/l4t/DKC3Recomp/generated/snesrecomp/bankb3_part530_v2.c: In function 'CODE_B3D305_M0X0':
D:/l4t/DKC3Recomp/generated/snesrecomp/bankb3_part530_v2.c:50:3: warning: label 'L_D305_M0X0' defined but not used [-Wunused-label]
   50 |   L_D305_M0X0:
      |   ^~~~~~~~~~~
D:/l4t/DKC3Recomp/generated/snesrecomp/bankb3_part53_v2.c: In function 'CODE_B3853C_M0X0':
D:/l4t/DKC3Recomp/generated/snesrecomp/bankb3_part53_v2.c:52:3: warning: label 'L_853C_M0X0' defined but not used [-Wunused-label]
   52 |   L_853C_M0X0:
      |   ^~~~~~~~~~~
D:/l4t/DKC3Recomp/generated/snesrecomp/bankb3_part55d_v2.c: In function 'CODE_B3D5DC_M0X0':
D:/l4t/DKC3Recomp/generated/snesrecomp/bankb3_part55d_v2.c:52:3: warning: label 'L_D5DC_M0X0' defined but not used [-Wunused-label]
   52 |   L_D5DC_M0X0:
      |   ^~~~~~~~~~~
D:/l4t/DKC3Recomp/generated/snesrecomp/bankb3_part575_v2.c: In function 'CODE_B3D75B_M0X0':
D:/l4t/DKC3Recomp/generated/snesrecomp/bankb3_part575_v2.c:50:3: warning: label 'L_D75B_M0X0' defined but not used [-Wunused-label]
   50 |   L_D75B_M0X0:
      |   ^~~~~~~~~~~
D:/l4t/DKC3Recomp/generated/snesrecomp/bankb3_part580_v2.c: In function 'CODE_B3D80F_M0X0':
D:/l4t/DKC3Recomp/generated/snesrecomp/bankb3_part580_v2.c:49:3: warning: label 'L_D80F_M0X0' defined but not used [-Wunused-label]
   49 |   L_D80F_M0X0:
      |   ^~~~~~~~~~~
D:/l4t/DKC3Recomp/generated/snesrecomp/bankb3_part584_v2.c: In function 'CODE_B3D843_M0X0':
D:/l4t/DKC3Recomp/generated/snesrecomp/bankb3_part584_v2.c:49:3: warning: label 'L_D843_M0X0' defined but not used [-Wunused-label]
   49 |   L_D843_M0X0:
      |   ^~~~~~~~~~~
D:/l4t/DKC3Recomp/generated/snesrecomp/bankb3_part58_v2.c: In function 'CODE_B3858F_M0X0':
D:/l4t/DKC3Recomp/generated/snesrecomp/bankb3_part58_v2.c:52:3: warning: label 'L_858F_M0X0' defined but not used [-Wunused-label]
   52 |   L_858F_M0X0:
      |   ^~~~~~~~~~~
D:/l4t/DKC3Recomp/generated/snesrecomp/bankb3_part590_v2.c: In function 'CODE_B3D90A_M0X0':
D:/l4t/DKC3Recomp/generated/snesrecomp/bankb3_part590_v2.c:49:3: warning: label 'L_D90A_M0X0' defined but not used [-Wunused-label]
   49 |   L_D90A_M0X0:
      |   ^~~~~~~~~~~
D:/l4t/DKC3Recomp/generated/snesrecomp/bankb3_part591_v2.c: In function 'CODE_B3D917_M0X0':
D:/l4t/DKC3Recomp/generated/snesrecomp/bankb3_part591_v2.c:49:3: warning: label 'L_D917_M0X0' defined but not used [-Wunused-label]
   49 |   L_D917_M0X0:
      |   ^~~~~~~~~~~
D:/l4t/DKC3Recomp/generated/snesrecomp/bankb3_part598_v2.c: In function 'CODE_B3D984_M0X0':
D:/l4t/DKC3Recomp/generated/snesrecomp/bankb3_part598_v2.c:51:3: warning: label 'L_D984_M0X0' defined but not used [-Wunused-label]
   51 |   L_D984_M0X0:
      |   ^~~~~~~~~~~
D:/l4t/DKC3Recomp/generated/snesrecomp/bankb3_part59e_v2.c: In function 'CODE_B3D9EB_M0X0':
D:/l4t/DKC3Recomp/generated/snesrecomp/bankb3_part59e_v2.c:50:3: warning: label 'L_D9EB_M0X0' defined but not used [-Wunused-label]
   50 |   L_D9EB_M0X0:
      |   ^~~~~~~~~~~
D:/l4t/DKC3Recomp/generated/snesrecomp/bankb3_part59f_v2.c: In function 'CODE_B3D9F4_M0X0':
D:/l4t/DKC3Recomp/generated/snesrecomp/bankb3_part59f_v2.c:55:3: warning: label 'L_D9F4_M0X0' defined but not used [-Wunused-label]
   55 |   L_D9F4_M0X0:
      |   ^~~~~~~~~~~
D:/l4t/DKC3Recomp/generated/snesrecomp/bankb3_part5aa_v2.c: In function 'CODE_B3DAA3_M0X0':
D:/l4t/DKC3Recomp/generated/snesrecomp/bankb3_part5aa_v2.c:49:3: warning: label 'L_DAA3_M0X0' defined but not used [-Wunused-label]
   49 |   L_DAA3_M0X0:
      |   ^~~~~~~~~~~
D:/l4t/DKC3Recomp/generated/snesrecomp/bankb3_part5ab_v2.c: In function 'CODE_B3DAB6_M0X0':
D:/l4t/DKC3Recomp/generated/snesrecomp/bankb3_part5ab_v2.c:49:3: warning: label 'L_DAB6_M0X0' defined but not used [-Wunused-label]
   49 |   L_DAB6_M0X0:
      |   ^~~~~~~~~~~
D:/l4t/DKC3Recomp/generated/snesrecomp/bankb3_part5ac_v2.c: In function 'CODE_B3DAC5_M0X0':
D:/l4t/DKC3Recomp/generated/snesrecomp/bankb3_part5ac_v2.c:50:3: warning: label 'L_DAC5_M0X0' defined but not used [-Wunused-label]
   50 |   L_DAC5_M0X0:
      |   ^~~~~~~~~~~
D:/l4t/DKC3Recomp/generated/snesrecomp/bankb3_part5ac_v2.c: In function 'CODE_B3DACD_M0X0':
D:/l4t/DKC3Recomp/generated/snesrecomp/bankb3_part5ac_v2.c:185:3: warning: label 'L_DACD_M0X0' defined but not used [-Wunused-label]
  185 |   L_DACD_M0X0:
      |   ^~~~~~~~~~~
D:/l4t/DKC3Recomp/generated/snesrecomp/bankb3_part5b6_v2.c: In function 'CODE_B3DB6D_M0X0':
D:/l4t/DKC3Recomp/generated/snesrecomp/bankb3_part5b6_v2.c:50:3: warning: label 'L_DB6D_M0X0' defined but not used [-Wunused-label]
   50 |   L_DB6D_M0X0:
      |   ^~~~~~~~~~~
D:/l4t/DKC3Recomp/generated/snesrecomp/bankb3_part5b9_v2.c: In function 'CODE_B3DB9A_M0X0':
D:/l4t/DKC3Recomp/generated/snesrecomp/bankb3_part5b9_v2.c:50:3: warning: label 'L_DB9A_M0X0' defined but not used [-Wunused-label]
   50 |   L_DB9A_M0X0:
      |   ^~~~~~~~~~~
D:/l4t/DKC3Recomp/generated/snesrecomp/bankb3_part5bc_v2.c: In function 'CODE_B3DBCB_M0X0':
D:/l4t/DKC3Recomp/generated/snesrecomp/bankb3_part5bc_v2.c:49:3: warning: label 'L_DBCB_M0X0' defined but not used [-Wunused-label]
   49 |   L_DBCB_M0X0:
      |   ^~~~~~~~~~~
D:/l4t/DKC3Recomp/generated/snesrecomp/bankb3_part5c8_v2.c: In function 'CODE_B3DC82_M0X0':
D:/l4t/DKC3Recomp/generated/snesrecomp/bankb3_part5c8_v2.c:50:3: warning: label 'L_DC82_M0X0' defined but not used [-Wunused-label]
   50 |   L_DC82_M0X0:
      |   ^~~~~~~~~~~
D:/l4t/DKC3Recomp/generated/snesrecomp/bankb3_part5e8_v2.c: In function 'CODE_B3DE89_M0X0':
D:/l4t/DKC3Recomp/generated/snesrecomp/bankb3_part5e8_v2.c:49:3: warning: label 'L_DE89_M0X0' defined but not used [-Wunused-label]
   49 |   L_DE89_M0X0:
      |   ^~~~~~~~~~~
D:/l4t/DKC3Recomp/generated/snesrecomp/bankb3_part5e_v2.c: In function 'CODE_B385EB_M0X0':
D:/l4t/DKC3Recomp/generated/snesrecomp/bankb3_part5e_v2.c:49:3: warning: label 'L_85EB_M0X0' defined but not used [-Wunused-label]
   49 |   L_85EB_M0X0:
      |   ^~~~~~~~~~~
D:/l4t/DKC3Recomp/generated/snesrecomp/bankb3_part5eb_v2.c: In function 'CODE_B3DEB6_M0X0':
D:/l4t/DKC3Recomp/generated/snesrecomp/bankb3_part5eb_v2.c:49:3: warning: label 'L_DEB6_M0X0' defined but not used [-Wunused-label]
   49 |   L_DEB6_M0X0:
      |   ^~~~~~~~~~~
D:/l4t/DKC3Recomp/generated/snesrecomp/bankb3_part5ec_v2.c: In function 'CODE_B3DECB_M0X0':
D:/l4t/DKC3Recomp/generated/snesrecomp/bankb3_part5ec_v2.c:49:3: warning: label 'L_DECB_M0X0' defined but not used [-Wunused-label]
   49 |   L_DECB_M0X0:
      |   ^~~~~~~~~~~
D:/l4t/DKC3Recomp/generated/snesrecomp/bankb3_part5ff_v2.c: In function 'CODE_B3DFF8_M0X0':
D:/l4t/DKC3Recomp/generated/snesrecomp/bankb3_part5ff_v2.c:50:3: warning: label 'L_DFF8_M0X0' defined but not used [-Wunused-label]
   50 |   L_DFF8_M0X0:
      |   ^~~~~~~~~~~
D:/l4t/DKC3Recomp/generated/snesrecomp/bankb3_part604_v2.c: In function 'CODE_B3E049_M0X0':
D:/l4t/DKC3Recomp/generated/snesrecomp/bankb3_part604_v2.c:50:3: warning: label 'L_E049_M0X0' defined but not used [-Wunused-label]
   50 |   L_E049_M0X0:
      |   ^~~~~~~~~~~
D:/l4t/DKC3Recomp/generated/snesrecomp/bankb3_part607_v2.c: In function 'CODE_B3E072_M0X0':
D:/l4t/DKC3Recomp/generated/snesrecomp/bankb3_part607_v2.c:49:3: warning: label 'L_E072_M0X0' defined but not used [-Wunused-label]
   49 |   L_E072_M0X0:
      |   ^~~~~~~~~~~
D:/l4t/DKC3Recomp/generated/snesrecomp/bankb3_part60_v2.c: In function 'CODE_B38609_M0X0':
D:/l4t/DKC3Recomp/generated/snesrecomp/bankb3_part60_v2.c:49:3: warning: label 'L_8609_M0X0' defined but not used [-Wunused-label]
   49 |   L_8609_M0X0:
      |   ^~~~~~~~~~~
D:/l4t/DKC3Recomp/generated/snesrecomp/bankb3_part60e_v2.c: In function 'CODE_B3E0E9_M0X0':
D:/l4t/DKC3Recomp/generated/snesrecomp/bankb3_part60e_v2.c:50:3: warning: label 'L_E0E9_M0X0' defined but not used [-Wunused-label]
   50 |   L_E0E9_M0X0:
      |   ^~~~~~~~~~~
D:/l4t/DKC3Recomp/generated/snesrecomp/bankb3_part613_v2.c: In function 'CODE_B3E130_M0X0':
D:/l4t/DKC3Recomp/generated/snesrecomp/bankb3_part613_v2.c:50:3: warning: label 'L_E130_M0X0' defined but not used [-Wunused-label]
   50 |   L_E130_M0X0:
      |   ^~~~~~~~~~~
D:/l4t/DKC3Recomp/generated/snesrecomp/bankb3_part61a_v2.c: In function 'CODE_B3E1A7_M0X0':
D:/l4t/DKC3Recomp/generated/snesrecomp/bankb3_part61a_v2.c:49:3: warning: label 'L_E1A7_M0X0' defined but not used [-Wunused-label]
   49 |   L_E1A7_M0X0:
      |   ^~~~~~~~~~~
D:/l4t/DKC3Recomp/generated/snesrecomp/bankb3_part623_v2.c: In function 'CODE_B3E233_M0X0':
D:/l4t/DKC3Recomp/generated/snesrecomp/bankb3_part623_v2.c:50:3: warning: label 'L_E233_M0X0' defined but not used [-Wunused-label]
   50 |   L_E233_M0X0:
      |   ^~~~~~~~~~~
D:/l4t/DKC3Recomp/generated/snesrecomp/bankb3_part65a_v2.c: In function 'CODE_B3E5AE_M0X0':
D:/l4t/DKC3Recomp/generated/snesrecomp/bankb3_part65a_v2.c:49:3: warning: label 'L_E5AE_M0X0' defined but not used [-Wunused-label]
   49 |   L_E5AE_M0X0:
      |   ^~~~~~~~~~~
D:/l4t/DKC3Recomp/generated/snesrecomp/bankb3_part674_v2.c: In function 'CODE_B3E74A_M0X0':
D:/l4t/DKC3Recomp/generated/snesrecomp/bankb3_part674_v2.c:50:3: warning: label 'L_E74A_M0X0' defined but not used [-Wunused-label]
   50 |   L_E74A_M0X0:
      |   ^~~~~~~~~~~
D:/l4t/DKC3Recomp/generated/snesrecomp/bankb3_part683_v2.c: In function 'CODE_B3E834_M0X0':
D:/l4t/DKC3Recomp/generated/snesrecomp/bankb3_part683_v2.c:51:3: warning: label 'L_E834_M0X0' defined but not used [-Wunused-label]
   51 |   L_E834_M0X0:
      |   ^~~~~~~~~~~
D:/l4t/DKC3Recomp/generated/snesrecomp/bankb3_part683_v2.c: In function 'CODE_B3E83E_M0X0':
D:/l4t/DKC3Recomp/generated/snesrecomp/bankb3_part683_v2.c:188:3: warning: label 'L_E83E_M0X0' defined but not used [-Wunused-label]
  188 |   L_E83E_M0X0:
      |   ^~~~~~~~~~~
D:/l4t/DKC3Recomp/generated/snesrecomp/bankb3_part684_v2.c: In function 'CODE_B3E84E_M0X0':
D:/l4t/DKC3Recomp/generated/snesrecomp/bankb3_part684_v2.c:50:3: warning: label 'L_E84E_M0X0' defined but not used [-Wunused-label]
   50 |   L_E84E_M0X0:
      |   ^~~~~~~~~~~
D:/l4t/DKC3Recomp/generated/snesrecomp/bankb3_part6a0_v2.c: In function 'CODE_B3EA00_M0X0':
D:/l4t/DKC3Recomp/generated/snesrecomp/bankb3_part6a0_v2.c:50:3: warning: label 'L_EA00_M0X0' defined but not used [-Wunused-label]
   50 |   L_EA00_M0X0:
      |   ^~~~~~~~~~~
D:/l4t/DKC3Recomp/generated/snesrecomp/bankb3_part6a7_v2.c: In function 'CODE_B3EA73_M0X0':
D:/l4t/DKC3Recomp/generated/snesrecomp/bankb3_part6a7_v2.c:51:3: warning: label 'L_EA73_M0X0' defined but not used [-Wunused-label]
   51 |   L_EA73_M0X0:
      |   ^~~~~~~~~~~
D:/l4t/DKC3Recomp/generated/snesrecomp/bankb3_part6ac_v2.c: In function 'CODE_B3EAC9_M0X0':
D:/l4t/DKC3Recomp/generated/snesrecomp/bankb3_part6ac_v2.c:50:3: warning: label 'L_EAC9_M0X0' defined but not used [-Wunused-label]
   50 |   L_EAC9_M0X0:
      |   ^~~~~~~~~~~
D:/l4t/DKC3Recomp/generated/snesrecomp/bankb3_part6ae_v2.c: In function 'CODE_B3EAEB_M0X0':
D:/l4t/DKC3Recomp/generated/snesrecomp/bankb3_part6ae_v2.c:49:3: warning: label 'L_EAEB_M0X0' defined but not used [-Wunused-label]
   49 |   L_EAEB_M0X0:
      |   ^~~~~~~~~~~
D:/l4t/DKC3Recomp/generated/snesrecomp/bankb3_part6cb_v2.c: In function 'CODE_B3ECB3_M0X0':
D:/l4t/DKC3Recomp/generated/snesrecomp/bankb3_part6cb_v2.c:51:3: warning: label 'L_ECB3_M0X0' defined but not used [-Wunused-label]
   51 |   L_ECB3_M0X0:
      |   ^~~~~~~~~~~
D:/l4t/DKC3Recomp/generated/snesrecomp/bankb3_part6cb_v2.c: In function 'CODE_B3ECB9_M0X0':
D:/l4t/DKC3Recomp/generated/snesrecomp/bankb3_part6cb_v2.c:102:3: warning: label 'L_ECB9_M0X0' defined but not used [-Wunused-label]
  102 |   L_ECB9_M0X0:
      |   ^~~~~~~~~~~
D:/l4t/DKC3Recomp/generated/snesrecomp/bankb3_part6cb_v2.c: In function 'CODE_B3ECBF_M0X0':
D:/l4t/DKC3Recomp/generated/snesrecomp/bankb3_part6cb_v2.c:209:3: warning: label 'L_ECBF_M0X0' defined but not used [-Wunused-label]
  209 |   L_ECBF_M0X0:
      |   ^~~~~~~~~~~
D:/l4t/DKC3Recomp/generated/snesrecomp/bankb3_part6ec_v2.c: In function 'CODE_B3EECF_M0X0':
D:/l4t/DKC3Recomp/generated/snesrecomp/bankb3_part6ec_v2.c:50:3: warning: label 'L_EECF_M0X0' defined but not used [-Wunused-label]
   50 |   L_EECF_M0X0:
      |   ^~~~~~~~~~~
D:/l4t/DKC3Recomp/generated/snesrecomp/bankb3_part6fa_v2.c: In function 'CODE_B3EFA0_M0X0':
D:/l4t/DKC3Recomp/generated/snesrecomp/bankb3_part6fa_v2.c:50:3: warning: label 'L_EFA0_M0X0' defined but not used [-Wunused-label]
   50 |   L_EFA0_M0X0:
      |   ^~~~~~~~~~~
D:/l4t/DKC3Recomp/generated/snesrecomp/bankb3_part707_v2.c: In function 'CODE_B3F071_M0X0':
D:/l4t/DKC3Recomp/generated/snesrecomp/bankb3_part707_v2.c:50:3: warning: label 'L_F071_M0X0' defined but not used [-Wunused-label]
   50 |   L_F071_M0X0:
      |   ^~~~~~~~~~~
D:/l4t/DKC3Recomp/generated/snesrecomp/bankb3_part71a_v2.c: In function 'CODE_B3F1AD_M0X0':
D:/l4t/DKC3Recomp/generated/snesrecomp/bankb3_part71a_v2.c:50:3: warning: label 'L_F1AD_M0X0' defined but not used [-Wunused-label]
   50 |   L_F1AD_M0X0:
      |   ^~~~~~~~~~~
D:/l4t/DKC3Recomp/generated/snesrecomp/bankb3_part780_v2.c: In function 'CODE_B3F80F_M0X0':
D:/l4t/DKC3Recomp/generated/snesrecomp/bankb3_part780_v2.c:49:3: warning: label 'L_F80F_M0X0' defined but not used [-Wunused-label]
   49 |   L_F80F_M0X0:
      |   ^~~~~~~~~~~
D:/l4t/DKC3Recomp/generated/snesrecomp/bankb3_part792_v2.c: In function 'CODE_B3F929_M0X0':
D:/l4t/DKC3Recomp/generated/snesrecomp/bankb3_part792_v2.c:50:3: warning: label 'L_F929_M0X0' defined but not used [-Wunused-label]
   50 |   L_F929_M0X0:
      |   ^~~~~~~~~~~
D:/l4t/DKC3Recomp/generated/snesrecomp/bankb3_partef_v2.c: In function 'CODE_B38EF6_M0X0':
D:/l4t/DKC3Recomp/generated/snesrecomp/bankb3_partef_v2.c:51:3: warning: label 'L_8EF6_M0X0' defined but not used [-Wunused-label]
   51 |   L_8EF6_M0X0:
      |   ^~~~~~~~~~~
D:/l4t/DKC3Recomp/generated/snesrecomp/bankb3_partef_v2.c: In function 'CODE_B38EFC_M0X0':
D:/l4t/DKC3Recomp/generated/snesrecomp/bankb3_partef_v2.c:970:3: warning: label 'L_8EFC_M0X0' defined but not used [-Wunused-label]
  970 |   L_8EFC_M0X0:
      |   ^~~~~~~~~~~
D:/l4t/DKC3Recomp/generated/snesrecomp/bankb4_part00_v2.c: In function 'CODE_B48003_M0X0':
D:/l4t/DKC3Recomp/generated/snesrecomp/bankb4_part00_v2.c:56:3: warning: label 'L_8003_M0X0' defined but not used [-Wunused-label]
   56 |   L_8003_M0X0:
      |   ^~~~~~~~~~~
D:/l4t/DKC3Recomp/generated/snesrecomp/bankb4_part00_v2.c: In function 'CODE_B48006_M0X0':
D:/l4t/DKC3Recomp/generated/snesrecomp/bankb4_part00_v2.c:228:3: warning: label 'L_8006_M0X0' defined but not used [-Wunused-label]
  228 |   L_8006_M0X0:
      |   ^~~~~~~~~~~
D:/l4t/DKC3Recomp/generated/snesrecomp/bankb4_part00_v2.c: In function 'CODE_B4800C_M0X0':
D:/l4t/DKC3Recomp/generated/snesrecomp/bankb4_part00_v2.c:400:3: warning: label 'L_800C_M0X0' defined but not used [-Wunused-label]
  400 |   L_800C_M0X0:
      |   ^~~~~~~~~~~
D:/l4t/DKC3Recomp/generated/snesrecomp/bankb4_part00_v2.c: In function 'CODE_B4800F_M0X0':
D:/l4t/DKC3Recomp/generated/snesrecomp/bankb4_part00_v2.c:887:3: warning: label 'L_800F_M0X0' defined but not used [-Wunused-label]
  887 |   L_800F_M0X0:
      |   ^~~~~~~~~~~
D:/l4t/DKC3Recomp/generated/snesrecomp/bankb4_part01_v2.c: In function 'CODE_B4801E_M0X0':
D:/l4t/DKC3Recomp/generated/snesrecomp/bankb4_part01_v2.c:49:3: warning: label 'L_801E_M0X0' defined but not used [-Wunused-label]
   49 |   L_801E_M0X0:
      |   ^~~~~~~~~~~
D:/l4t/DKC3Recomp/generated/snesrecomp/bankb4_part02_v2.c: In function 'CODE_B48021_M0X0':
D:/l4t/DKC3Recomp/generated/snesrecomp/bankb4_part02_v2.c:54:3: warning: label 'L_8021_M0X0' defined but not used [-Wunused-label]
   54 |   L_8021_M0X0:
      |   ^~~~~~~~~~~
D:/l4t/DKC3Recomp/generated/snesrecomp/bankb4_part101_v2.c: In function 'CODE_B4901A_M0X0':
D:/l4t/DKC3Recomp/generated/snesrecomp/bankb4_part101_v2.c:50:3: warning: label 'L_901A_M0X0' defined but not used [-Wunused-label]
   50 |   L_901A_M0X0:
      |   ^~~~~~~~~~~
D:/l4t/DKC3Recomp/generated/snesrecomp/bankb4_part10_v2.c: In function 'CODE_B4810B_M0X0':
D:/l4t/DKC3Recomp/generated/snesrecomp/bankb4_part10_v2.c:50:3: warning: label 'L_810B_M0X0' defined but not used [-Wunused-label]
   50 |   L_810B_M0X0:
      |   ^~~~~~~~~~~
D:/l4t/DKC3Recomp/generated/snesrecomp/bankb4_part10b_v2.c: In function 'CODE_B490B5_M0X0':
D:/l4t/DKC3Recomp/generated/snesrecomp/bankb4_part10b_v2.c:49:3: warning: label 'L_90B5_M0X0' defined but not used [-Wunused-label]
   49 |   L_90B5_M0X0:
      |   ^~~~~~~~~~~
D:/l4t/DKC3Recomp/generated/snesrecomp/bankb4_part10c_v2.c: In function 'CODE_B490C6_M0X0':
D:/l4t/DKC3Recomp/generated/snesrecomp/bankb4_part10c_v2.c:50:3: warning: label 'L_90C6_M0X0' defined but not used [-Wunused-label]
   50 |   L_90C6_M0X0:
      |   ^~~~~~~~~~~
D:/l4t/DKC3Recomp/generated/snesrecomp/bankb4_part10d_v2.c: In function 'CODE_B490D7_M0X0':
D:/l4t/DKC3Recomp/generated/snesrecomp/bankb4_part10d_v2.c:50:3: warning: label 'L_90D7_M0X0' defined but not used [-Wunused-label]
   50 |   L_90D7_M0X0:
      |   ^~~~~~~~~~~
D:/l4t/DKC3Recomp/generated/snesrecomp/bankb4_part10f_v2.c: In function 'CODE_B490F8_M0X0':
D:/l4t/DKC3Recomp/generated/snesrecomp/bankb4_part10f_v2.c:49:3: warning: label 'L_90F8_M0X0' defined but not used [-Wunused-label]
   49 |   L_90F8_M0X0:
      |   ^~~~~~~~~~~
D:/l4t/DKC3Recomp/generated/snesrecomp/bankb4_part110_v2.c: In function 'CODE_B49108_M0X0':
D:/l4t/DKC3Recomp/generated/snesrecomp/bankb4_part110_v2.c:49:3: warning: label 'L_9108_M0X0' defined but not used [-Wunused-label]
   49 |   L_9108_M0X0:
      |   ^~~~~~~~~~~
D:/l4t/DKC3Recomp/generated/snesrecomp/bankb4_part126_v2.c: In function 'CODE_B4926C_M0X0':
D:/l4t/DKC3Recomp/generated/snesrecomp/bankb4_part126_v2.c:49:3: warning: label 'L_926C_M0X0' defined but not used [-Wunused-label]
   49 |   L_926C_M0X0:
      |   ^~~~~~~~~~~
D:/l4t/DKC3Recomp/generated/snesrecomp/bankb4_part132_v2.c: In function 'CODE_B4932C_M0X0':
D:/l4t/DKC3Recomp/generated/snesrecomp/bankb4_part132_v2.c:50:3: warning: label 'L_932C_M0X0' defined but not used [-Wunused-label]
   50 |   L_932C_M0X0:
      |   ^~~~~~~~~~~
D:/l4t/DKC3Recomp/generated/snesrecomp/bankb4_part138_v2.c: In function 'CODE_B49384_M0X0':
D:/l4t/DKC3Recomp/generated/snesrecomp/bankb4_part138_v2.c:49:3: warning: label 'L_9384_M0X0' defined but not used [-Wunused-label]
   49 |   L_9384_M0X0:
      |   ^~~~~~~~~~~
D:/l4t/DKC3Recomp/generated/snesrecomp/bankb4_part148_v2.c: In function 'CODE_B49489_M0X0':
D:/l4t/DKC3Recomp/generated/snesrecomp/bankb4_part148_v2.c:51:3: warning: label 'L_9489_M0X0' defined but not used [-Wunused-label]
   51 |   L_9489_M0X0:
      |   ^~~~~~~~~~~
D:/l4t/DKC3Recomp/generated/snesrecomp/bankb4_part18c_v2.c: In function 'CODE_B498CE_M0X0':
D:/l4t/DKC3Recomp/generated/snesrecomp/bankb4_part18c_v2.c:49:3: warning: label 'L_98CE_M0X0' defined but not used [-Wunused-label]
   49 |   L_98CE_M0X0:
      |   ^~~~~~~~~~~
D:/l4t/DKC3Recomp/generated/snesrecomp/bankb4_part1bf_v2.c: In function 'CODE_B49BF3_M0X0':
D:/l4t/DKC3Recomp/generated/snesrecomp/bankb4_part1bf_v2.c:49:3: warning: label 'L_9BF3_M0X0' defined but not used [-Wunused-label]
   49 |   L_9BF3_M0X0:
      |   ^~~~~~~~~~~
D:/l4t/DKC3Recomp/generated/snesrecomp/bankb4_part1ca_v2.c: In function 'CODE_B49CA9_M0X0':
D:/l4t/DKC3Recomp/generated/snesrecomp/bankb4_part1ca_v2.c:49:3: warning: label 'L_9CA9_M0X0' defined but not used [-Wunused-label]
   49 |   L_9CA9_M0X0:
      |   ^~~~~~~~~~~
D:/l4t/DKC3Recomp/generated/snesrecomp/bankb4_part1d5_v2.c: In function 'CODE_B49D54_M0X0':
D:/l4t/DKC3Recomp/generated/snesrecomp/bankb4_part1d5_v2.c:50:3: warning: label 'L_9D54_M0X0' defined but not used [-Wunused-label]
   50 |   L_9D54_M0X0:
      |   ^~~~~~~~~~~
D:/l4t/DKC3Recomp/generated/snesrecomp/bankb4_part1db_v2.c: In function 'CODE_B49DBF_M0X0':
D:/l4t/DKC3Recomp/generated/snesrecomp/bankb4_part1db_v2.c:49:3: warning: label 'L_9DBF_M0X0' defined but not used [-Wunused-label]
   49 |   L_9DBF_M0X0:
      |   ^~~~~~~~~~~
D:/l4t/DKC3Recomp/generated/snesrecomp/bankb4_part1df_v2.c: In function 'CODE_B49DF9_M0X0':
D:/l4t/DKC3Recomp/generated/snesrecomp/bankb4_part1df_v2.c:50:3: warning: label 'L_9DF9_M0X0' defined but not used [-Wunused-label]
   50 |   L_9DF9_M0X0:
      |   ^~~~~~~~~~~
D:/l4t/DKC3Recomp/generated/snesrecomp/bankb4_part1f4_v2.c: In function 'CODE_B49F4B_M0X0':
D:/l4t/DKC3Recomp/generated/snesrecomp/bankb4_part1f4_v2.c:50:3: warning: label 'L_9F4B_M0X0' defined but not used [-Wunused-label]
   50 |   L_9F4B_M0X0:
      |   ^~~~~~~~~~~
D:/l4t/DKC3Recomp/generated/snesrecomp/bankb4_part1f6_v2.c: In function 'CODE_B49F63_M0X0':
D:/l4t/DKC3Recomp/generated/snesrecomp/bankb4_part1f6_v2.c:50:3: warning: label 'L_9F63_M0X0' defined but not used [-Wunused-label]
   50 |   L_9F63_M0X0:
      |   ^~~~~~~~~~~
D:/l4t/DKC3Recomp/generated/snesrecomp/bankb4_part1fa_v2.c: In function 'CODE_B49FAA_M0X0':
D:/l4t/DKC3Recomp/generated/snesrecomp/bankb4_part1fa_v2.c:51:3: warning: label 'L_9FAA_M0X0' defined but not used [-Wunused-label]
   51 |   L_9FAA_M0X0:
      |   ^~~~~~~~~~~
D:/l4t/DKC3Recomp/generated/snesrecomp/bankb4_part1ff_v2.c: In function 'CODE_B49FFE_M0X0':
D:/l4t/DKC3Recomp/generated/snesrecomp/bankb4_part1ff_v2.c:49:3: warning: label 'L_9FFE_M0X0' defined but not used [-Wunused-label]
   49 |   L_9FFE_M0X0:
      |   ^~~~~~~~~~~
D:/l4t/DKC3Recomp/generated/snesrecomp/bankb4_part201_v2.c: In function 'CODE_B4A016_M0X0':
D:/l4t/DKC3Recomp/generated/snesrecomp/bankb4_part201_v2.c:49:3: warning: label 'L_A016_M0X0' defined but not used [-Wunused-label]
   49 |   L_A016_M0X0:
      |   ^~~~~~~~~~~
D:/l4t/DKC3Recomp/generated/snesrecomp/bankb4_part20a_v2.c: In function 'CODE_B4A0AC_M0X0':
D:/l4t/DKC3Recomp/generated/snesrecomp/bankb4_part20a_v2.c:49:3: warning: label 'L_A0AC_M0X0' defined but not used [-Wunused-label]
   49 |   L_A0AC_M0X0:
      |   ^~~~~~~~~~~
D:/l4t/DKC3Recomp/generated/snesrecomp/bankb4_part20c_v2.c: In function 'CODE_B4A0C4_M0X0':
D:/l4t/DKC3Recomp/generated/snesrecomp/bankb4_part20c_v2.c:49:3: warning: label 'L_A0C4_M0X0' defined but not used [-Wunused-label]
   49 |   L_A0C4_M0X0:
      |   ^~~~~~~~~~~
D:/l4t/DKC3Recomp/generated/snesrecomp/bankb4_part20e_v2.c: In function 'CODE_B4A0E7_M0X0':
D:/l4t/DKC3Recomp/generated/snesrecomp/bankb4_part20e_v2.c:49:3: warning: label 'L_A0E7_M0X0' defined but not used [-Wunused-label]
   49 |   L_A0E7_M0X0:
      |   ^~~~~~~~~~~
D:/l4t/DKC3Recomp/generated/snesrecomp/bankb4_part22c_v2.c: In function 'CODE_B4A2CF_M0X0':
D:/l4t/DKC3Recomp/generated/snesrecomp/bankb4_part22c_v2.c:50:3: warning: label 'L_A2CF_M0X0' defined but not used [-Wunused-label]
   50 |   L_A2CF_M0X0:
      |   ^~~~~~~~~~~
D:/l4t/DKC3Recomp/generated/snesrecomp/bankb4_part234_v2.c: In function 'CODE_B4A347_M0X0':
D:/l4t/DKC3Recomp/generated/snesrecomp/bankb4_part234_v2.c:53:3: warning: label 'L_A347_M0X0' defined but not used [-Wunused-label]
   53 |   L_A347_M0X0:
      |   ^~~~~~~~~~~
D:/l4t/DKC3Recomp/generated/snesrecomp/bankb4_part23d_v2.c: In function 'CODE_B4A3DB_M0X0':
D:/l4t/DKC3Recomp/generated/snesrecomp/bankb4_part23d_v2.c:51:3: warning: label 'L_A3DB_M0X0' defined but not used [-Wunused-label]
   51 |   L_A3DB_M0X0:
      |   ^~~~~~~~~~~
D:/l4t/DKC3Recomp/generated/snesrecomp/bankb4_part23f_v2.c: In function 'CODE_B4A3FF_M0X0':
D:/l4t/DKC3Recomp/generated/snesrecomp/bankb4_part23f_v2.c:50:3: warning: label 'L_A3FF_M0X0' defined but not used [-Wunused-label]
   50 |   L_A3FF_M0X0:
      |   ^~~~~~~~~~~
D:/l4t/DKC3Recomp/generated/snesrecomp/bankb4_part241_v2.c: In function 'CODE_B4A410_M0X0':
D:/l4t/DKC3Recomp/generated/snesrecomp/bankb4_part241_v2.c:53:3: warning: label 'L_A410_M0X0' defined but not used [-Wunused-label]
   53 |   L_A410_M0X0:
      |   ^~~~~~~~~~~
D:/l4t/DKC3Recomp/generated/snesrecomp/bankb4_part24b_v2.c: In function 'CODE_B4A4B7_M0X0':
D:/l4t/DKC3Recomp/generated/snesrecomp/bankb4_part24b_v2.c:50:3: warning: label 'L_A4B7_M0X0' defined but not used [-Wunused-label]
   50 |   L_A4B7_M0X0:
      |   ^~~~~~~~~~~
D:/l4t/DKC3Recomp/generated/snesrecomp/bankb4_part24d_v2.c: In function 'CODE_B4A4D0_M0X0':
D:/l4t/DKC3Recomp/generated/snesrecomp/bankb4_part24d_v2.c:50:3: warning: label 'L_A4D0_M0X0' defined but not used [-Wunused-label]
   50 |   L_A4D0_M0X0:
      |   ^~~~~~~~~~~
D:/l4t/DKC3Recomp/generated/snesrecomp/bankb4_part250_v2.c: In function 'CODE_B4A501_M0X0':
D:/l4t/DKC3Recomp/generated/snesrecomp/bankb4_part250_v2.c:49:3: warning: label 'L_A501_M0X0' defined but not used [-Wunused-label]
   49 |   L_A501_M0X0:
      |   ^~~~~~~~~~~
D:/l4t/DKC3Recomp/generated/snesrecomp/bankb4_part25f_v2.c: In function 'CODE_B4A5F6_M0X0':
D:/l4t/DKC3Recomp/generated/snesrecomp/bankb4_part25f_v2.c:51:3: warning: label 'L_A5F6_M0X0' defined but not used [-Wunused-label]
   51 |   L_A5F6_M0X0:
      |   ^~~~~~~~~~~
D:/l4t/DKC3Recomp/generated/snesrecomp/bankb4_part262_v2.c: In function 'CODE_B4A629_M0X0':
D:/l4t/DKC3Recomp/generated/snesrecomp/bankb4_part262_v2.c:49:3: warning: label 'L_A629_M0X0' defined but not used [-Wunused-label]
   49 |   L_A629_M0X0:
      |   ^~~~~~~~~~~
D:/l4t/DKC3Recomp/generated/snesrecomp/bankb4_part26b_v2.c: In function 'CODE_B4A6B6_M0X0':
D:/l4t/DKC3Recomp/generated/snesrecomp/bankb4_part26b_v2.c:51:3: warning: label 'L_A6B6_M0X0' defined but not used [-Wunused-label]
   51 |   L_A6B6_M0X0:
      |   ^~~~~~~~~~~
D:/l4t/DKC3Recomp/generated/snesrecomp/bankb4_part26c_v2.c: In function 'CODE_B4A6C0_M0X0':
D:/l4t/DKC3Recomp/generated/snesrecomp/bankb4_part26c_v2.c:50:3: warning: label 'L_A6C0_M0X0' defined but not used [-Wunused-label]
   50 |   L_A6C0_M0X0:
      |   ^~~~~~~~~~~
D:/l4t/DKC3Recomp/generated/snesrecomp/bankb4_part26c_v2.c: In function 'CODE_B4A6CE_M0X0':
D:/l4t/DKC3Recomp/generated/snesrecomp/bankb4_part26c_v2.c:179:3: warning: label 'L_A6CE_M0X0' defined but not used [-Wunused-label]
  179 |   L_A6CE_M0X0:
      |   ^~~~~~~~~~~
D:/l4t/DKC3Recomp/generated/snesrecomp/bankb4_part26d_v2.c: In function 'CODE_B4A6DC_M0X0':
D:/l4t/DKC3Recomp/generated/snesrecomp/bankb4_part26d_v2.c:49:3: warning: label 'L_A6DC_M0X0' defined but not used [-Wunused-label]
   49 |   L_A6DC_M0X0:
      |   ^~~~~~~~~~~
D:/l4t/DKC3Recomp/generated/snesrecomp/bankb4_part27_v2.c: In function 'CODE_B48274_M0X0':
D:/l4t/DKC3Recomp/generated/snesrecomp/bankb4_part27_v2.c:50:3: warning: label 'L_8274_M0X0' defined but not used [-Wunused-label]
   50 |   L_8274_M0X0:
      |   ^~~~~~~~~~~
D:/l4t/DKC3Recomp/generated/snesrecomp/bankb4_part27c_v2.c: In function 'CODE_B4A7C9_M0X0':
D:/l4t/DKC3Recomp/generated/snesrecomp/bankb4_part27c_v2.c:49:3: warning: label 'L_A7C9_M0X0' defined but not used [-Wunused-label]
   49 |   L_A7C9_M0X0:
      |   ^~~~~~~~~~~
D:/l4t/DKC3Recomp/generated/snesrecomp/bankb4_part27f_v2.c: In function 'CODE_B4A7F8_M0X0':
D:/l4t/DKC3Recomp/generated/snesrecomp/bankb4_part27f_v2.c:50:3: warning: label 'L_A7F8_M0X0' defined but not used [-Wunused-label]
   50 |   L_A7F8_M0X0:
      |   ^~~~~~~~~~~
D:/l4t/DKC3Recomp/generated/snesrecomp/bankb4_part280_v2.c: In function 'CODE_B4A80C_M0X0':
D:/l4t/DKC3Recomp/generated/snesrecomp/bankb4_part280_v2.c:50:3: warning: label 'L_A80C_M0X0' defined but not used [-Wunused-label]
   50 |   L_A80C_M0X0:
      |   ^~~~~~~~~~~
D:/l4t/DKC3Recomp/generated/snesrecomp/bankb4_part281_v2.c: In function 'CODE_B4A812_M0X0':
D:/l4t/DKC3Recomp/generated/snesrecomp/bankb4_part281_v2.c:49:3: warning: label 'L_A812_M0X0' defined but not used [-Wunused-label]
   49 |   L_A812_M0X0:
      |   ^~~~~~~~~~~
D:/l4t/DKC3Recomp/generated/snesrecomp/bankb4_part282_v2.c: In function 'CODE_B4A82A_M0X0':
D:/l4t/DKC3Recomp/generated/snesrecomp/bankb4_part282_v2.c:49:3: warning: label 'L_A82A_M0X0' defined but not used [-Wunused-label]
   49 |   L_A82A_M0X0:
      |   ^~~~~~~~~~~
D:/l4t/DKC3Recomp/generated/snesrecomp/bankb4_part285_v2.c: In function 'CODE_B4A859_M0X0':
D:/l4t/DKC3Recomp/generated/snesrecomp/bankb4_part285_v2.c:49:3: warning: label 'L_A859_M0X0' defined but not used [-Wunused-label]
   49 |   L_A859_M0X0:
      |   ^~~~~~~~~~~
D:/l4t/DKC3Recomp/generated/snesrecomp/bankb4_part288_v2.c: In function 'CODE_B4A883_M0X0':
D:/l4t/DKC3Recomp/generated/snesrecomp/bankb4_part288_v2.c:51:3: warning: label 'L_A883_M0X0' defined but not used [-Wunused-label]
   51 |   L_A883_M0X0:
      |   ^~~~~~~~~~~
D:/l4t/DKC3Recomp/generated/snesrecomp/bankb4_part288_v2.c: In function 'CODE_B4A88C_M0X0':
D:/l4t/DKC3Recomp/generated/snesrecomp/bankb4_part288_v2.c:189:3: warning: label 'L_A88C_M0X0' defined but not used [-Wunused-label]
  189 |   L_A88C_M0X0:
      |   ^~~~~~~~~~~
D:/l4t/DKC3Recomp/generated/snesrecomp/bankb4_part289_v2.c: In function 'CODE_B4A895_M0X0':
D:/l4t/DKC3Recomp/generated/snesrecomp/bankb4_part289_v2.c:50:3: warning: label 'L_A895_M0X0' defined but not used [-Wunused-label]
   50 |   L_A895_M0X0:
      |   ^~~~~~~~~~~
D:/l4t/DKC3Recomp/generated/snesrecomp/bankb4_part289_v2.c: In function 'CODE_B4A89E_M0X0':
D:/l4t/DKC3Recomp/generated/snesrecomp/bankb4_part289_v2.c:188:3: warning: label 'L_A89E_M0X0' defined but not used [-Wunused-label]
  188 |   L_A89E_M0X0:
      |   ^~~~~~~~~~~
D:/l4t/DKC3Recomp/generated/snesrecomp/bankb4_part28c_v2.c: In function 'CODE_B4A8C6_M0X0':
D:/l4t/DKC3Recomp/generated/snesrecomp/bankb4_part28c_v2.c:50:3: warning: label 'L_A8C6_M0X0' defined but not used [-Wunused-label]
   50 |   L_A8C6_M0X0:
      |   ^~~~~~~~~~~
D:/l4t/DKC3Recomp/generated/snesrecomp/bankb4_part2b1_v2.c: In function 'CODE_B4AB1F_M0X0':
D:/l4t/DKC3Recomp/generated/snesrecomp/bankb4_part2b1_v2.c:49:3: warning: label 'L_AB1F_M0X0' defined but not used [-Wunused-label]
   49 |   L_AB1F_M0X0:
      |   ^~~~~~~~~~~
D:/l4t/DKC3Recomp/generated/snesrecomp/bankb4_part2d3_v2.c: In function 'CODE_B4AD34_M0X0':
D:/l4t/DKC3Recomp/generated/snesrecomp/bankb4_part2d3_v2.c:50:3: warning: label 'L_AD34_M0X0' defined but not used [-Wunused-label]
   50 |   L_AD34_M0X0:
      |   ^~~~~~~~~~~
D:/l4t/DKC3Recomp/generated/snesrecomp/bankb4_part2d4_v2.c: In function 'CODE_B4AD45_M0X0':
D:/l4t/DKC3Recomp/generated/snesrecomp/bankb4_part2d4_v2.c:49:3: warning: label 'L_AD45_M0X0' defined but not used [-Wunused-label]
   49 |   L_AD45_M0X0:
      |   ^~~~~~~~~~~
D:/l4t/DKC3Recomp/generated/snesrecomp/bankb4_part2d_v2.c: In function 'CODE_B482DE_M0X0':
D:/l4t/DKC3Recomp/generated/snesrecomp/bankb4_part2d_v2.c:51:3: warning: label 'L_82DE_M0X0' defined but not used [-Wunused-label]
   51 |   L_82DE_M0X0:
      |   ^~~~~~~~~~~
D:/l4t/DKC3Recomp/generated/snesrecomp/bankb4_part2ee_v2.c: In function 'CODE_B4AEE9_M0X0':
D:/l4t/DKC3Recomp/generated/snesrecomp/bankb4_part2ee_v2.c:50:3: warning: label 'L_AEE9_M0X0' defined but not used [-Wunused-label]
   50 |   L_AEE9_M0X0:
      |   ^~~~~~~~~~~
D:/l4t/DKC3Recomp/generated/snesrecomp/bankb4_part2f5_v2.c: In function 'CODE_B4AF56_M0X0':
D:/l4t/DKC3Recomp/generated/snesrecomp/bankb4_part2f5_v2.c:49:3: warning: label 'L_AF56_M0X0' defined but not used [-Wunused-label]
   49 |   L_AF56_M0X0:
      |   ^~~~~~~~~~~
D:/l4t/DKC3Recomp/generated/snesrecomp/bankb4_part300_v2.c: In function 'CODE_B4B00B_M0X0':
D:/l4t/DKC3Recomp/generated/snesrecomp/bankb4_part300_v2.c:49:3: warning: label 'L_B00B_M0X0' defined but not used [-Wunused-label]
   49 |   L_B00B_M0X0:
      |   ^~~~~~~~~~~
D:/l4t/DKC3Recomp/generated/snesrecomp/bankb4_part304_v2.c: In function 'CODE_B4B043_M0X0':
D:/l4t/DKC3Recomp/generated/snesrecomp/bankb4_part304_v2.c:49:3: warning: label 'L_B043_M0X0' defined but not used [-Wunused-label]
   49 |   L_B043_M0X0:
      |   ^~~~~~~~~~~
D:/l4t/DKC3Recomp/generated/snesrecomp/bankb4_part306_v2.c: In function 'CODE_B4B063_M0X0':
D:/l4t/DKC3Recomp/generated/snesrecomp/bankb4_part306_v2.c:49:3: warning: label 'L_B063_M0X0' defined but not used [-Wunused-label]
   49 |   L_B063_M0X0:
      |   ^~~~~~~~~~~
D:/l4t/DKC3Recomp/generated/snesrecomp/bankb4_part339_v2.c: In function 'CODE_B4B391_M0X0':
D:/l4t/DKC3Recomp/generated/snesrecomp/bankb4_part339_v2.c:49:3: warning: label 'L_B391_M0X0' defined but not used [-Wunused-label]
   49 |   L_B391_M0X0:
      |   ^~~~~~~~~~~
D:/l4t/DKC3Recomp/generated/snesrecomp/bankb4_part33_v2.c: In function 'CODE_B48338_M0X0':
D:/l4t/DKC3Recomp/generated/snesrecomp/bankb4_part33_v2.c:52:3: warning: label 'L_8338_M0X0' defined but not used [-Wunused-label]
   52 |   L_8338_M0X0:
      |   ^~~~~~~~~~~
D:/l4t/DKC3Recomp/generated/snesrecomp/bankb4_part33b_v2.c: In function 'CODE_B4B3B2_M0X0':
D:/l4t/DKC3Recomp/generated/snesrecomp/bankb4_part33b_v2.c:49:3: warning: label 'L_B3B2_M0X0' defined but not used [-Wunused-label]
   49 |   L_B3B2_M0X0:
      |   ^~~~~~~~~~~
D:/l4t/DKC3Recomp/generated/snesrecomp/bankb4_part33d_v2.c: In function 'CODE_B4B3DF_M0X0':
D:/l4t/DKC3Recomp/generated/snesrecomp/bankb4_part33d_v2.c:56:3: warning: label 'L_B3DF_M0X0' defined but not used [-Wunused-label]
   56 |   L_B3DF_M0X0:
      |   ^~~~~~~~~~~
D:/l4t/DKC3Recomp/generated/snesrecomp/bankb4_part344_v2.c: In function 'CODE_B4B44E_M0X0':
D:/l4t/DKC3Recomp/generated/snesrecomp/bankb4_part344_v2.c:51:3: warning: label 'L_B44E_M0X0' defined but not used [-Wunused-label]
   51 |   L_B44E_M0X0:
      |   ^~~~~~~~~~~
D:/l4t/DKC3Recomp/generated/snesrecomp/bankb4_part347_v2.c: In function 'CODE_B4B47A_M0X0':
D:/l4t/DKC3Recomp/generated/snesrecomp/bankb4_part347_v2.c:51:3: warning: label 'L_B47A_M0X0' defined but not used [-Wunused-label]
   51 |   L_B47A_M0X0:
      |   ^~~~~~~~~~~
D:/l4t/DKC3Recomp/generated/snesrecomp/bankb4_part34a_v2.c: In function 'CODE_B4B4A3_M0X0':
D:/l4t/DKC3Recomp/generated/snesrecomp/bankb4_part34a_v2.c:50:3: warning: label 'L_B4A3_M0X0' defined but not used [-Wunused-label]
   50 |   L_B4A3_M0X0:
      |   ^~~~~~~~~~~
D:/l4t/DKC3Recomp/generated/snesrecomp/bankb4_part34d_v2.c: In function 'CODE_B4B4DE_M0X0':
D:/l4t/DKC3Recomp/generated/snesrecomp/bankb4_part34d_v2.c:51:3: warning: label 'L_B4DE_M0X0' defined but not used [-Wunused-label]
   51 |   L_B4DE_M0X0:
      |   ^~~~~~~~~~~
D:/l4t/DKC3Recomp/generated/snesrecomp/bankb4_part34e_v2.c: In function 'CODE_B4B4EB_M0X0':
D:/l4t/DKC3Recomp/generated/snesrecomp/bankb4_part34e_v2.c:50:3: warning: label 'L_B4EB_M0X0' defined but not used [-Wunused-label]
   50 |   L_B4EB_M0X0:
      |   ^~~~~~~~~~~
D:/l4t/DKC3Recomp/generated/snesrecomp/bankb4_part352_v2.c: In function 'CODE_B4B523_M0X0':
D:/l4t/DKC3Recomp/generated/snesrecomp/bankb4_part352_v2.c:52:3: warning: label 'L_B523_M0X0' defined but not used [-Wunused-label]
   52 |   L_B523_M0X0:
      |   ^~~~~~~~~~~
D:/l4t/DKC3Recomp/generated/snesrecomp/bankb4_part359_v2.c: In function 'CODE_B4B59B_M0X0':
D:/l4t/DKC3Recomp/generated/snesrecomp/bankb4_part359_v2.c:49:3: warning: label 'L_B59B_M0X0' defined but not used [-Wunused-label]
   49 |   L_B59B_M0X0:
      |   ^~~~~~~~~~~
D:/l4t/DKC3Recomp/generated/snesrecomp/bankb4_part35c_v2.c: In function 'CODE_B4B5C5_M0X0':
D:/l4t/DKC3Recomp/generated/snesrecomp/bankb4_part35c_v2.c:49:3: warning: label 'L_B5C5_M0X0' defined but not used [-Wunused-label]
   49 |   L_B5C5_M0X0:
      |   ^~~~~~~~~~~
D:/l4t/DKC3Recomp/generated/snesrecomp/bankb4_part360_v2.c: In function 'CODE_B4B60B_M0X0':
D:/l4t/DKC3Recomp/generated/snesrecomp/bankb4_part360_v2.c:50:3: warning: label 'L_B60B_M0X0' defined but not used [-Wunused-label]
   50 |   L_B60B_M0X0:
      |   ^~~~~~~~~~~
D:/l4t/DKC3Recomp/generated/snesrecomp/bankb4_part364_v2.c: In function 'CODE_B4B640_M0X0':
D:/l4t/DKC3Recomp/generated/snesrecomp/bankb4_part364_v2.c:49:3: warning: label 'L_B640_M0X0' defined but not used [-Wunused-label]
   49 |   L_B640_M0X0:
      |   ^~~~~~~~~~~
D:/l4t/DKC3Recomp/generated/snesrecomp/bankb4_part367_v2.c: In function 'CODE_B4B67A_M0X0':
D:/l4t/DKC3Recomp/generated/snesrecomp/bankb4_part367_v2.c:49:3: warning: label 'L_B67A_M0X0' defined but not used [-Wunused-label]
   49 |   L_B67A_M0X0:
      |   ^~~~~~~~~~~
D:/l4t/DKC3Recomp/generated/snesrecomp/bankb4_part372_v2.c: In function 'CODE_B4B726_M0X0':
D:/l4t/DKC3Recomp/generated/snesrecomp/bankb4_part372_v2.c:50:3: warning: label 'L_B726_M0X0' defined but not used [-Wunused-label]
   50 |   L_B726_M0X0:
      |   ^~~~~~~~~~~
D:/l4t/DKC3Recomp/generated/snesrecomp/bankb4_part372_v2.c: In function 'CODE_B4B72F_M0X0':
D:/l4t/DKC3Recomp/generated/snesrecomp/bankb4_part372_v2.c:135:3: warning: label 'L_B72F_M0X0' defined but not used [-Wunused-label]
  135 |   L_B72F_M0X0:
      |   ^~~~~~~~~~~
D:/l4t/DKC3Recomp/generated/snesrecomp/bankb4_part373_v2.c: In function 'CODE_B4B735_M0X0':
D:/l4t/DKC3Recomp/generated/snesrecomp/bankb4_part373_v2.c:52:3: warning: label 'L_B735_M0X0' defined but not used [-Wunused-label]
   52 |   L_B735_M0X0:
      |   ^~~~~~~~~~~
D:/l4t/DKC3Recomp/generated/snesrecomp/bankb4_part375_v2.c: In function 'CODE_B4B75B_M0X0':
D:/l4t/DKC3Recomp/generated/snesrecomp/bankb4_part375_v2.c:49:3: warning: label 'L_B75B_M0X0' defined but not used [-Wunused-label]
   49 |   L_B75B_M0X0:
      |   ^~~~~~~~~~~
D:/l4t/DKC3Recomp/generated/snesrecomp/bankb4_part377_v2.c: In function 'CODE_B4B771_M0X0':
D:/l4t/DKC3Recomp/generated/snesrecomp/bankb4_part377_v2.c:51:3: warning: label 'L_B771_M0X0' defined but not used [-Wunused-label]
   51 |   L_B771_M0X0:
      |   ^~~~~~~~~~~
D:/l4t/DKC3Recomp/generated/snesrecomp/bankb4_part377_v2.c: In function 'CODE_B4B77D_M0X0':
D:/l4t/DKC3Recomp/generated/snesrecomp/bankb4_part377_v2.c:167:3: warning: label 'L_B77D_M0X0' defined but not used [-Wunused-label]
  167 |   L_B77D_M0X0:
      |   ^~~~~~~~~~~
D:/l4t/DKC3Recomp/generated/snesrecomp/bankb4_part378_v2.c: In function 'CODE_B4B783_M0X0':
D:/l4t/DKC3Recomp/generated/snesrecomp/bankb4_part378_v2.c:51:3: warning: label 'L_B783_M0X0' defined but not used [-Wunused-label]
   51 |   L_B783_M0X0:
      |   ^~~~~~~~~~~
D:/l4t/DKC3Recomp/generated/snesrecomp/bankb4_part37a_v2.c: In function 'CODE_B4B7A1_M0X0':
D:/l4t/DKC3Recomp/generated/snesrecomp/bankb4_part37a_v2.c:49:3: warning: label 'L_B7A1_M0X0' defined but not used [-Wunused-label]
   49 |   L_B7A1_M0X0:
      |   ^~~~~~~~~~~
D:/l4t/DKC3Recomp/generated/snesrecomp/bankb4_part37e_v2.c: In function 'CODE_B4B7EB_M0X0':
D:/l4t/DKC3Recomp/generated/snesrecomp/bankb4_part37e_v2.c:50:3: warning: label 'L_B7EB_M0X0' defined but not used [-Wunused-label]
   50 |   L_B7EB_M0X0:
      |   ^~~~~~~~~~~
D:/l4t/DKC3Recomp/generated/snesrecomp/bankb4_part37f_v2.c: In function 'CODE_B4B7F0_M0X0':
D:/l4t/DKC3Recomp/generated/snesrecomp/bankb4_part37f_v2.c:51:3: warning: label 'L_B7F0_M0X0' defined but not used [-Wunused-label]
   51 |   L_B7F0_M0X0:
      |   ^~~~~~~~~~~
D:/l4t/DKC3Recomp/generated/snesrecomp/bankb4_part37f_v2.c: In function 'CODE_B4B7F6_M0X0':
D:/l4t/DKC3Recomp/generated/snesrecomp/bankb4_part37f_v2.c:158:3: warning: label 'L_B7F6_M0X0' defined but not used [-Wunused-label]
  158 |   L_B7F6_M0X0:
      |   ^~~~~~~~~~~
D:/l4t/DKC3Recomp/generated/snesrecomp/bankb4_part380_v2.c: In function 'CODE_B4B804_M0X0':
D:/l4t/DKC3Recomp/generated/snesrecomp/bankb4_part380_v2.c:49:3: warning: label 'L_B804_M0X0' defined but not used [-Wunused-label]
   49 |   L_B804_M0X0:
      |   ^~~~~~~~~~~
D:/l4t/DKC3Recomp/generated/snesrecomp/bankb4_part382_v2.c: In function 'CODE_B4B82E_M0X0':
D:/l4t/DKC3Recomp/generated/snesrecomp/bankb4_part382_v2.c:50:3: warning: label 'L_B82E_M0X0' defined but not used [-Wunused-label]
   50 |   L_B82E_M0X0:
      |   ^~~~~~~~~~~
D:/l4t/DKC3Recomp/generated/snesrecomp/bankb4_part387_v2.c: In function 'CODE_B4B87C_M0X0':
D:/l4t/DKC3Recomp/generated/snesrecomp/bankb4_part387_v2.c:49:3: warning: label 'L_B87C_M0X0' defined but not used [-Wunused-label]
   49 |   L_B87C_M0X0:
      |   ^~~~~~~~~~~
D:/l4t/DKC3Recomp/generated/snesrecomp/bankb4_part390_v2.c: In function 'CODE_B4B906_M0X0':
D:/l4t/DKC3Recomp/generated/snesrecomp/bankb4_part390_v2.c:52:3: warning: label 'L_B906_M0X0' defined but not used [-Wunused-label]
   52 |   L_B906_M0X0:
      |   ^~~~~~~~~~~
D:/l4t/DKC3Recomp/generated/snesrecomp/bankb4_part390_v2.c: In function 'CODE_B4B909_M0X0':
D:/l4t/DKC3Recomp/generated/snesrecomp/bankb4_part390_v2.c:101:3: warning: label 'L_B909_M0X0' defined but not used [-Wunused-label]
  101 |   L_B909_M0X0:
      |   ^~~~~~~~~~~
D:/l4t/DKC3Recomp/generated/snesrecomp/bankb4_part39_v2.c: In function 'CODE_B48394_M0X0':
D:/l4t/DKC3Recomp/generated/snesrecomp/bankb4_part39_v2.c:49:3: warning: label 'L_8394_M0X0' defined but not used [-Wunused-label]
   49 |   L_8394_M0X0:
      |   ^~~~~~~~~~~
D:/l4t/DKC3Recomp/generated/snesrecomp/bankb4_part39f_v2.c: In function 'CODE_B4B9F3_M0X0':
D:/l4t/DKC3Recomp/generated/snesrecomp/bankb4_part39f_v2.c:49:3: warning: label 'L_B9F3_M0X0' defined but not used [-Wunused-label]
   49 |   L_B9F3_M0X0:
      |   ^~~~~~~~~~~
D:/l4t/DKC3Recomp/generated/snesrecomp/bankb4_part3aa_v2.c: In function 'CODE_B4BAAB_M0X0':
D:/l4t/DKC3Recomp/generated/snesrecomp/bankb4_part3aa_v2.c:49:3: warning: label 'L_BAAB_M0X0' defined but not used [-Wunused-label]
   49 |   L_BAAB_M0X0:
      |   ^~~~~~~~~~~
D:/l4t/DKC3Recomp/generated/snesrecomp/bankb4_part3bb_v2.c: In function 'CODE_B4BBB3_M0X0':
D:/l4t/DKC3Recomp/generated/snesrecomp/bankb4_part3bb_v2.c:49:3: warning: label 'L_BBB3_M0X0' defined but not used [-Wunused-label]
   49 |   L_BBB3_M0X0:
      |   ^~~~~~~~~~~
D:/l4t/DKC3Recomp/generated/snesrecomp/bankb4_part3bd_v2.c: In function 'CODE_B4BBDD_M0X0':
D:/l4t/DKC3Recomp/generated/snesrecomp/bankb4_part3bd_v2.c:49:3: warning: label 'L_BBDD_M0X0' defined but not used [-Wunused-label]
   49 |   L_BBDD_M0X0:
      |   ^~~~~~~~~~~
D:/l4t/DKC3Recomp/generated/snesrecomp/bankb4_part3bf_v2.c: In function 'CODE_B4BBF7_M0X0':
D:/l4t/DKC3Recomp/generated/snesrecomp/bankb4_part3bf_v2.c:58:3: warning: label 'L_BBF7_M0X0' defined but not used [-Wunused-label]
   58 |   L_BBF7_M0X0:
      |   ^~~~~~~~~~~
D:/l4t/DKC3Recomp/generated/snesrecomp/bankb4_part3c1_v2.c: In function 'CODE_B4BC11_M0X0':
D:/l4t/DKC3Recomp/generated/snesrecomp/bankb4_part3c1_v2.c:57:3: warning: label 'L_BC11_M0X0' defined but not used [-Wunused-label]
   57 |   L_BC11_M0X0:
      |   ^~~~~~~~~~~
D:/l4t/DKC3Recomp/generated/snesrecomp/bankb4_part3c_v2.c: In function 'CODE_B483C4_M0X0':
D:/l4t/DKC3Recomp/generated/snesrecomp/bankb4_part3c_v2.c:49:3: warning: label 'L_83C4_M0X0' defined but not used [-Wunused-label]
   49 |   L_83C4_M0X0:
      |   ^~~~~~~~~~~
D:/l4t/DKC3Recomp/generated/snesrecomp/bankb4_part3cc_v2.c: In function 'CODE_B4BCCD_M0X0':
D:/l4t/DKC3Recomp/generated/snesrecomp/bankb4_part3cc_v2.c:197:3: warning: label 'L_BCCD_M0X0' defined but not used [-Wunused-label]
  197 |   L_BCCD_M0X0:
      |   ^~~~~~~~~~~
D:/l4t/DKC3Recomp/generated/snesrecomp/bankb4_part3d1_v2.c: In function 'CODE_B4BD15_M0X0':
D:/l4t/DKC3Recomp/generated/snesrecomp/bankb4_part3d1_v2.c:51:3: warning: label 'L_BD15_M0X0' defined but not used [-Wunused-label]
   51 |   L_BD15_M0X0:
      |   ^~~~~~~~~~~
D:/l4t/DKC3Recomp/generated/snesrecomp/bankb4_part40d_v2.c: In function 'CODE_B4C0DE_M0X0':
D:/l4t/DKC3Recomp/generated/snesrecomp/bankb4_part40d_v2.c:50:3: warning: label 'L_C0DE_M0X0' defined but not used [-Wunused-label]
   50 |   L_C0DE_M0X0:
      |   ^~~~~~~~~~~
D:/l4t/DKC3Recomp/generated/snesrecomp/bankb4_part40e_v2.c: In function 'CODE_B4C0E7_M0X0':
D:/l4t/DKC3Recomp/generated/snesrecomp/bankb4_part40e_v2.c:50:3: warning: label 'L_C0E7_M0X0' defined but not used [-Wunused-label]
   50 |   L_C0E7_M0X0:
      |   ^~~~~~~~~~~
D:/l4t/DKC3Recomp/generated/snesrecomp/bankb4_part40e_v2.c: In function 'CODE_B4C0EF_M0X0':
D:/l4t/DKC3Recomp/generated/snesrecomp/bankb4_part40e_v2.c:164:3: warning: label 'L_C0EF_M0X0' defined but not used [-Wunused-label]
  164 |   L_C0EF_M0X0:
      |   ^~~~~~~~~~~
D:/l4t/DKC3Recomp/generated/snesrecomp/bankb4_part42e_v2.c: In function 'CODE_B4C2E8_M0X0':
D:/l4t/DKC3Recomp/generated/snesrecomp/bankb4_part42e_v2.c:50:3: warning: label 'L_C2E8_M0X0' defined but not used [-Wunused-label]
   50 |   L_C2E8_M0X0:
      |   ^~~~~~~~~~~
D:/l4t/DKC3Recomp/generated/snesrecomp/bankb4_part42f_v2.c: In function 'CODE_B4C2F1_M0X0':
D:/l4t/DKC3Recomp/generated/snesrecomp/bankb4_part42f_v2.c:49:3: warning: label 'L_C2F1_M0X0' defined but not used [-Wunused-label]
   49 |   L_C2F1_M0X0:
      |   ^~~~~~~~~~~
D:/l4t/DKC3Recomp/generated/snesrecomp/bankb4_part43a_v2.c: In function 'CODE_B4C3AB_M0X0':
D:/l4t/DKC3Recomp/generated/snesrecomp/bankb4_part43a_v2.c:49:3: warning: label 'L_C3AB_M0X0' defined but not used [-Wunused-label]
   49 |   L_C3AB_M0X0:
      |   ^~~~~~~~~~~
D:/l4t/DKC3Recomp/generated/snesrecomp/bankb4_part43e_v2.c: In function 'CODE_B4C3ED_M0X0':
D:/l4t/DKC3Recomp/generated/snesrecomp/bankb4_part43e_v2.c:49:3: warning: label 'L_C3ED_M0X0' defined but not used [-Wunused-label]
   49 |   L_C3ED_M0X0:
      |   ^~~~~~~~~~~
D:/l4t/DKC3Recomp/generated/snesrecomp/bankb4_part444_v2.c: In function 'CODE_B4C440_M0X0':
D:/l4t/DKC3Recomp/generated/snesrecomp/bankb4_part444_v2.c:49:3: warning: label 'L_C440_M0X0' defined but not used [-Wunused-label]
   49 |   L_C440_M0X0:
      |   ^~~~~~~~~~~
D:/l4t/DKC3Recomp/generated/snesrecomp/bankb4_part446_v2.c: In function 'CODE_B4C46D_M0X0':
D:/l4t/DKC3Recomp/generated/snesrecomp/bankb4_part446_v2.c:49:3: warning: label 'L_C46D_M0X0' defined but not used [-Wunused-label]
   49 |   L_C46D_M0X0:
      |   ^~~~~~~~~~~
D:/l4t/DKC3Recomp/generated/snesrecomp/bankb4_part454_v2.c: In function 'CODE_B4C549_M0X0':
D:/l4t/DKC3Recomp/generated/snesrecomp/bankb4_part454_v2.c:52:3: warning: label 'L_C549_M0X0' defined but not used [-Wunused-label]
   52 |   L_C549_M0X0:
      |   ^~~~~~~~~~~
D:/l4t/DKC3Recomp/generated/snesrecomp/bankb4_part469_v2.c: In function 'CODE_B4C699_M0X0':
D:/l4t/DKC3Recomp/generated/snesrecomp/bankb4_part469_v2.c:49:3: warning: label 'L_C699_M0X0' defined but not used [-Wunused-label]
   49 |   L_C699_M0X0:
      |   ^~~~~~~~~~~
D:/l4t/DKC3Recomp/generated/snesrecomp/bankb4_part46c_v2.c: In function 'CODE_B4C6C9_M0X0':
D:/l4t/DKC3Recomp/generated/snesrecomp/bankb4_part46c_v2.c:50:3: warning: label 'L_C6C9_M0X0' defined but not used [-Wunused-label]
   50 |   L_C6C9_M0X0:
      |   ^~~~~~~~~~~
D:/l4t/DKC3Recomp/generated/snesrecomp/bankb4_part46e_v2.c: In function 'CODE_B4C6EF_M0X0':
D:/l4t/DKC3Recomp/generated/snesrecomp/bankb4_part46e_v2.c:50:3: warning: label 'L_C6EF_M0X0' defined but not used [-Wunused-label]
   50 |   L_C6EF_M0X0:
      |   ^~~~~~~~~~~
D:/l4t/DKC3Recomp/generated/snesrecomp/bankb4_part46f_v2.c: In function 'CODE_B4C6F3_M0X0':
D:/l4t/DKC3Recomp/generated/snesrecomp/bankb4_part46f_v2.c:50:3: warning: label 'L_C6F3_M0X0' defined but not used [-Wunused-label]
   50 |   L_C6F3_M0X0:
      |   ^~~~~~~~~~~
D:/l4t/DKC3Recomp/generated/snesrecomp/bankb4_part46f_v2.c: In function 'CODE_B4C6F7_M0X0':
D:/l4t/DKC3Recomp/generated/snesrecomp/bankb4_part46f_v2.c:180:3: warning: label 'L_C6F7_M0X0' defined but not used [-Wunused-label]
  180 |   L_C6F7_M0X0:
      |   ^~~~~~~~~~~
D:/l4t/DKC3Recomp/generated/snesrecomp/bankb4_part473_v2.c: In function 'CODE_B4C739_M0X0':
D:/l4t/DKC3Recomp/generated/snesrecomp/bankb4_part473_v2.c:50:3: warning: label 'L_C739_M0X0' defined but not used [-Wunused-label]
   50 |   L_C739_M0X0:
      |   ^~~~~~~~~~~
D:/l4t/DKC3Recomp/generated/snesrecomp/bankb4_part47c_v2.c: In function 'CODE_B4C7CE_M0X0':
D:/l4t/DKC3Recomp/generated/snesrecomp/bankb4_part47c_v2.c:50:3: warning: label 'L_C7CE_M0X0' defined but not used [-Wunused-label]
   50 |   L_C7CE_M0X0:
      |   ^~~~~~~~~~~
D:/l4t/DKC3Recomp/generated/snesrecomp/bankb4_part47d_v2.c: In function 'CODE_B4C7D2_M0X0':
D:/l4t/DKC3Recomp/generated/snesrecomp/bankb4_part47d_v2.c:49:3: warning: label 'L_C7D2_M0X0' defined but not used [-Wunused-label]
   49 |   L_C7D2_M0X0:
      |   ^~~~~~~~~~~
D:/l4t/DKC3Recomp/generated/snesrecomp/bankb4_part480_v2.c: In function 'CODE_B4C808_M0X0':
D:/l4t/DKC3Recomp/generated/snesrecomp/bankb4_part480_v2.c:50:3: warning: label 'L_C808_M0X0' defined but not used [-Wunused-label]
   50 |   L_C808_M0X0:
      |   ^~~~~~~~~~~
D:/l4t/DKC3Recomp/generated/snesrecomp/bankb4_part481_v2.c: In function 'CODE_B4C81A_M0X0':
D:/l4t/DKC3Recomp/generated/snesrecomp/bankb4_part481_v2.c:51:3: warning: label 'L_C81A_M0X0' defined but not used [-Wunused-label]
   51 |   L_C81A_M0X0:
      |   ^~~~~~~~~~~
D:/l4t/DKC3Recomp/generated/snesrecomp/bankb4_part488_v2.c: In function 'CODE_B4C883_M0X0':
D:/l4t/DKC3Recomp/generated/snesrecomp/bankb4_part488_v2.c:51:3: warning: label 'L_C883_M0X0' defined but not used [-Wunused-label]
   51 |   L_C883_M0X0:
      |   ^~~~~~~~~~~
D:/l4t/DKC3Recomp/generated/snesrecomp/bankb4_part48d_v2.c: In function 'CODE_B4C8DD_M0X0':
D:/l4t/DKC3Recomp/generated/snesrecomp/bankb4_part48d_v2.c:49:3: warning: label 'L_C8DD_M0X0' defined but not used [-Wunused-label]
   49 |   L_C8DD_M0X0:
      |   ^~~~~~~~~~~
D:/l4t/DKC3Recomp/generated/snesrecomp/bankb4_part48e_v2.c: In function 'CODE_B4C8E5_M0X0':
D:/l4t/DKC3Recomp/generated/snesrecomp/bankb4_part48e_v2.c:49:3: warning: label 'L_C8E5_M0X0' defined but not used [-Wunused-label]
   49 |   L_C8E5_M0X0:
      |   ^~~~~~~~~~~
D:/l4t/DKC3Recomp/generated/snesrecomp/bankb4_part48f_v2.c: In function 'CODE_B4C8F9_M0X0':
D:/l4t/DKC3Recomp/generated/snesrecomp/bankb4_part48f_v2.c:49:3: warning: label 'L_C8F9_M0X0' defined but not used [-Wunused-label]
   49 |   L_C8F9_M0X0:
      |   ^~~~~~~~~~~
D:/l4t/DKC3Recomp/generated/snesrecomp/bankb4_part490_v2.c: In function 'CODE_B4C90D_M0X0':
D:/l4t/DKC3Recomp/generated/snesrecomp/bankb4_part490_v2.c:49:3: warning: label 'L_C90D_M0X0' defined but not used [-Wunused-label]
   49 |   L_C90D_M0X0:
      |   ^~~~~~~~~~~
D:/l4t/DKC3Recomp/generated/snesrecomp/bankb4_part49d_v2.c: In function 'CODE_B4C9DD_M0X0':
D:/l4t/DKC3Recomp/generated/snesrecomp/bankb4_part49d_v2.c:49:3: warning: label 'L_C9DD_M0X0' defined but not used [-Wunused-label]
   49 |   L_C9DD_M0X0:
      |   ^~~~~~~~~~~
D:/l4t/DKC3Recomp/generated/snesrecomp/bankb4_part4a7_v2.c: In function 'CODE_B4CA7D_M0X0':
D:/l4t/DKC3Recomp/generated/snesrecomp/bankb4_part4a7_v2.c:50:3: warning: label 'L_CA7D_M0X0' defined but not used [-Wunused-label]
   50 |   L_CA7D_M0X0:
      |   ^~~~~~~~~~~
D:/l4t/DKC3Recomp/generated/snesrecomp/bankb4_part4a8_v2.c: In function 'CODE_B4CA8C_M0X0':
D:/l4t/DKC3Recomp/generated/snesrecomp/bankb4_part4a8_v2.c:49:3: warning: label 'L_CA8C_M0X0' defined but not used [-Wunused-label]
   49 |   L_CA8C_M0X0:
      |   ^~~~~~~~~~~
D:/l4t/DKC3Recomp/generated/snesrecomp/bankb4_part4c4_v2.c: In function 'CODE_B4CC42_M0X0':
D:/l4t/DKC3Recomp/generated/snesrecomp/bankb4_part4c4_v2.c:50:3: warning: label 'L_CC42_M0X0' defined but not used [-Wunused-label]
   50 |   L_CC42_M0X0:
      |   ^~~~~~~~~~~
D:/l4t/DKC3Recomp/generated/snesrecomp/bankb4_part4c5_v2.c: In function 'CODE_B4CC56_M0X0':
D:/l4t/DKC3Recomp/generated/snesrecomp/bankb4_part4c5_v2.c:50:3: warning: label 'L_CC56_M0X0' defined but not used [-Wunused-label]
   50 |   L_CC56_M0X0:
      |   ^~~~~~~~~~~
D:/l4t/DKC3Recomp/generated/snesrecomp/bankb4_part4c5_v2.c: In function 'CODE_B4CC57_M0X0':
D:/l4t/DKC3Recomp/generated/snesrecomp/bankb4_part4c5_v2.c:149:3: warning: label 'L_CC57_M0X0' defined but not used [-Wunused-label]
  149 |   L_CC57_M0X0:
      |   ^~~~~~~~~~~
D:/l4t/DKC3Recomp/generated/snesrecomp/bankb4_part4cb_v2.c: In function 'CODE_B4CCB3_M0X0':
D:/l4t/DKC3Recomp/generated/snesrecomp/bankb4_part4cb_v2.c:50:3: warning: label 'L_CCB3_M0X0' defined but not used [-Wunused-label]
   50 |   L_CCB3_M0X0:
      |   ^~~~~~~~~~~
D:/l4t/DKC3Recomp/generated/snesrecomp/bankb4_part4d0_v2.c: In function 'CODE_B4CD0A_M0X0':
D:/l4t/DKC3Recomp/generated/snesrecomp/bankb4_part4d0_v2.c:50:3: warning: label 'L_CD0A_M0X0' defined but not used [-Wunused-label]
   50 |   L_CD0A_M0X0:
      |   ^~~~~~~~~~~
D:/l4t/DKC3Recomp/generated/snesrecomp/bankb4_part4d0_v2.c: In function 'CODE_B4CD0B_M0X0':
D:/l4t/DKC3Recomp/generated/snesrecomp/bankb4_part4d0_v2.c:149:3: warning: label 'L_CD0B_M0X0' defined but not used [-Wunused-label]
  149 |   L_CD0B_M0X0:
      |   ^~~~~~~~~~~
D:/l4t/DKC3Recomp/generated/snesrecomp/bankb4_part4d9_v2.c: In function 'CODE_B4CD9D_M0X0':
D:/l4t/DKC3Recomp/generated/snesrecomp/bankb4_part4d9_v2.c:49:3: warning: label 'L_CD9D_M0X0' defined but not used [-Wunused-label]
   49 |   L_CD9D_M0X0:
      |   ^~~~~~~~~~~
D:/l4t/DKC3Recomp/generated/snesrecomp/bankb4_part4dc_v2.c: In function 'CODE_B4CDC0_M0X0':
D:/l4t/DKC3Recomp/generated/snesrecomp/bankb4_part4dc_v2.c:51:3: warning: label 'L_CDC0_M0X0' defined but not used [-Wunused-label]
   51 |   L_CDC0_M0X0:
      |   ^~~~~~~~~~~
D:/l4t/DKC3Recomp/generated/snesrecomp/bankb4_part4dd_v2.c: In function 'CODE_B4CDDD_M0X0':
D:/l4t/DKC3Recomp/generated/snesrecomp/bankb4_part4dd_v2.c:49:3: warning: label 'L_CDDD_M0X0' defined but not used [-Wunused-label]
   49 |   L_CDDD_M0X0:
      |   ^~~~~~~~~~~
D:/l4t/DKC3Recomp/generated/snesrecomp/bankb4_part60_v2.c: In function 'CODE_B4860B_M0X0':
D:/l4t/DKC3Recomp/generated/snesrecomp/bankb4_part60_v2.c:50:3: warning: label 'L_860B_M0X0' defined but not used [-Wunused-label]
   50 |   L_860B_M0X0:
      |   ^~~~~~~~~~~
D:/l4t/DKC3Recomp/generated/snesrecomp/bankb4_part6a_v2.c: In function 'CODE_B486A9_M0X0':
D:/l4t/DKC3Recomp/generated/snesrecomp/bankb4_part6a_v2.c:49:3: warning: label 'L_86A9_M0X0' defined but not used [-Wunused-label]
   49 |   L_86A9_M0X0:
      |   ^~~~~~~~~~~
D:/l4t/DKC3Recomp/generated/snesrecomp/bankb4_part6b_v2.c: In function 'CODE_B486BC_M0X0':
D:/l4t/DKC3Recomp/generated/snesrecomp/bankb4_part6b_v2.c:50:3: warning: label 'L_86BC_M0X0' defined but not used [-Wunused-label]
   50 |   L_86BC_M0X0:
      |   ^~~~~~~~~~~
D:/l4t/DKC3Recomp/generated/snesrecomp/bankb4_part6e_v2.c: In function 'CODE_B486EB_M0X0':
D:/l4t/DKC3Recomp/generated/snesrecomp/bankb4_part6e_v2.c:49:3: warning: label 'L_86EB_M0X0' defined but not used [-Wunused-label]
   49 |   L_86EB_M0X0:
      |   ^~~~~~~~~~~
D:/l4t/DKC3Recomp/generated/snesrecomp/bankb4_part70_v2.c: In function 'CODE_B48701_M0X0':
D:/l4t/DKC3Recomp/generated/snesrecomp/bankb4_part70_v2.c:54:3: warning: label 'L_8701_M0X0' defined but not used [-Wunused-label]
   54 |   L_8701_M0X0:
      |   ^~~~~~~~~~~
D:/l4t/DKC3Recomp/generated/snesrecomp/bankb4_part8d_v2.c: In function 'CODE_B488DA_M0X0':
D:/l4t/DKC3Recomp/generated/snesrecomp/bankb4_part8d_v2.c:50:3: warning: label 'L_88DA_M0X0' defined but not used [-Wunused-label]
   50 |   L_88DA_M0X0:
      |   ^~~~~~~~~~~
D:/l4t/DKC3Recomp/generated/snesrecomp/bankb4_part93_v2.c: In function 'CODE_B48935_M0X0':
D:/l4t/DKC3Recomp/generated/snesrecomp/bankb4_part93_v2.c:50:3: warning: label 'L_8935_M0X0' defined but not used [-Wunused-label]
   50 |   L_8935_M0X0:
      |   ^~~~~~~~~~~
D:/l4t/DKC3Recomp/generated/snesrecomp/bankb4_part98_v2.c: In function 'CODE_B48983_M0X0':
D:/l4t/DKC3Recomp/generated/snesrecomp/bankb4_part98_v2.c:50:3: warning: label 'L_8983_M0X0' defined but not used [-Wunused-label]
   50 |   L_8983_M0X0:
      |   ^~~~~~~~~~~
D:/l4t/DKC3Recomp/generated/snesrecomp/bankb4_part9c_v2.c: In function 'CODE_B489CA_M0X0':
D:/l4t/DKC3Recomp/generated/snesrecomp/bankb4_part9c_v2.c:51:3: warning: label 'L_89CA_M0X0' defined but not used [-Wunused-label]
   51 |   L_89CA_M0X0:
      |   ^~~~~~~~~~~
D:/l4t/DKC3Recomp/generated/snesrecomp/bankb4_partad_v2.c: In function 'CODE_B48AD1_M0X0':
D:/l4t/DKC3Recomp/generated/snesrecomp/bankb4_partad_v2.c:49:3: warning: label 'L_8AD1_M0X0' defined but not used [-Wunused-label]
   49 |   L_8AD1_M0X0:
      |   ^~~~~~~~~~~
D:/l4t/DKC3Recomp/generated/snesrecomp/bankb4_partcf_v2.c: In function 'CODE_B48CF2_M0X0':
D:/l4t/DKC3Recomp/generated/snesrecomp/bankb4_partcf_v2.c:49:3: warning: label 'L_8CF2_M0X0' defined but not used [-Wunused-label]
   49 |   L_8CF2_M0X0:
      |   ^~~~~~~~~~~
D:/l4t/DKC3Recomp/generated/snesrecomp/bankb4_partd0_v2.c: In function 'CODE_B48D06_M0X0':
D:/l4t/DKC3Recomp/generated/snesrecomp/bankb4_partd0_v2.c:49:3: warning: label 'L_8D06_M0X0' defined but not used [-Wunused-label]
   49 |   L_8D06_M0X0:
      |   ^~~~~~~~~~~
D:/l4t/DKC3Recomp/generated/snesrecomp/bankb4_partd3_v2.c: In function 'CODE_B48D33_M0X0':
D:/l4t/DKC3Recomp/generated/snesrecomp/bankb4_partd3_v2.c:49:3: warning: label 'L_8D33_M0X0' defined but not used [-Wunused-label]
   49 |   L_8D33_M0X0:
      |   ^~~~~~~~~~~
D:/l4t/DKC3Recomp/generated/snesrecomp/bankb4_partd5_v2.c: In function 'CODE_B48D55_M0X0':
D:/l4t/DKC3Recomp/generated/snesrecomp/bankb4_partd5_v2.c:49:3: warning: label 'L_8D55_M0X0' defined but not used [-Wunused-label]
   49 |   L_8D55_M0X0:
      |   ^~~~~~~~~~~
D:/l4t/DKC3Recomp/generated/snesrecomp/bankb4_parte6_v2.c: In function 'CODE_B48E65_M0X0':
D:/l4t/DKC3Recomp/generated/snesrecomp/bankb4_parte6_v2.c:49:3: warning: label 'L_8E65_M0X0' defined but not used [-Wunused-label]
   49 |   L_8E65_M0X0:
      |   ^~~~~~~~~~~
D:/l4t/DKC3Recomp/generated/snesrecomp/bankb4_partf1_v2.c: In function 'CODE_B48F1E_M0X0':
D:/l4t/DKC3Recomp/generated/snesrecomp/bankb4_partf1_v2.c:49:3: warning: label 'L_8F1E_M0X0' defined but not used [-Wunused-label]
   49 |   L_8F1E_M0X0:
      |   ^~~~~~~~~~~
D:/l4t/DKC3Recomp/generated/snesrecomp/bankb4_partfc_v2.c: In function 'CODE_B48FC7_M0X0':
D:/l4t/DKC3Recomp/generated/snesrecomp/bankb4_partfc_v2.c:54:3: warning: label 'L_8FC7_M0X0' defined but not used [-Wunused-label]
   54 |   L_8FC7_M0X0:
      |   ^~~~~~~~~~~
D:/l4t/DKC3Recomp/generated/snesrecomp/bankb5_part00_v2.c: In function 'stall_cpu_time_M0X0':
D:/l4t/DKC3Recomp/generated/snesrecomp/bankb5_part00_v2.c:53:3: warning: label 'L_8003_M0X0' defined but not used [-Wunused-label]
   53 |   L_8003_M0X0:
      |   ^~~~~~~~~~~
D:/l4t/DKC3Recomp/generated/snesrecomp/bankb5_part00_v2.c: In function 'CODE_B58006_M0X0':
D:/l4t/DKC3Recomp/generated/snesrecomp/bankb5_part00_v2.c:97:3: warning: label 'L_8006_M0X0' defined but not used [-Wunused-label]
   97 |   L_8006_M0X0:
      |   ^~~~~~~~~~~
D:/l4t/DKC3Recomp/generated/snesrecomp/bankb5_part00_v2.c: In function 'CODE_B5800F_M0X0':
D:/l4t/DKC3Recomp/generated/snesrecomp/bankb5_part00_v2.c:141:3: warning: label 'L_800F_M0X0' defined but not used [-Wunused-label]
  141 |   L_800F_M0X0:
      |   ^~~~~~~~~~~
D:/l4t/DKC3Recomp/generated/snesrecomp/bankb5_part01_v2.c: In function 'CODE_B5801E_M0X0':
D:/l4t/DKC3Recomp/generated/snesrecomp/bankb5_part01_v2.c:50:3: warning: label 'L_801E_M0X0' defined but not used [-Wunused-label]
   50 |   L_801E_M0X0:
      |   ^~~~~~~~~~~
D:/l4t/DKC3Recomp/generated/snesrecomp/bankb5_part02_v2.c: In function 'CODE_B58021_M0X0':
D:/l4t/DKC3Recomp/generated/snesrecomp/bankb5_part02_v2.c:53:3: warning: label 'L_8021_M0X0' defined but not used [-Wunused-label]
   53 |   L_8021_M0X0:
      |   ^~~~~~~~~~~
D:/l4t/DKC3Recomp/generated/snesrecomp/bankb5_part02_v2.c: In function 'CODE_B58024_M0X0':
D:/l4t/DKC3Recomp/generated/snesrecomp/bankb5_part02_v2.c:97:3: warning: label 'L_8024_M0X0' defined but not used [-Wunused-label]
   97 |   L_8024_M0X0:
      |   ^~~~~~~~~~~
D:/l4t/DKC3Recomp/generated/snesrecomp/bankb5_part02_v2.c: In function 'CODE_B5802A_M0X0':
D:/l4t/DKC3Recomp/generated/snesrecomp/bankb5_part02_v2.c:241:3: warning: label 'L_802A_M0X0' defined but not used [-Wunused-label]
  241 |   L_802A_M0X0:
      |   ^~~~~~~~~~~
D:/l4t/DKC3Recomp/generated/snesrecomp/bankb5_part02_v2.c: In function 'CODE_B5802D_M0X0':
D:/l4t/DKC3Recomp/generated/snesrecomp/bankb5_part02_v2.c:367:3: warning: label 'L_802D_M0X0' defined but not used [-Wunused-label]
  367 |   L_802D_M0X0:
      |   ^~~~~~~~~~~
D:/l4t/DKC3Recomp/generated/snesrecomp/bankb5_part04_v2.c: In function 'CODE_B58042_M0X0':
D:/l4t/DKC3Recomp/generated/snesrecomp/bankb5_part04_v2.c:54:3: warning: label 'L_8042_M0X0' defined but not used [-Wunused-label]
   54 |   L_8042_M0X0:
      |   ^~~~~~~~~~~
D:/l4t/DKC3Recomp/generated/snesrecomp/bankb5_part04_v2.c: In function 'CODE_B58045_M0X0':
D:/l4t/DKC3Recomp/generated/snesrecomp/bankb5_part04_v2.c:98:3: warning: label 'L_8045_M0X0' defined but not used [-Wunused-label]
   98 |   L_8045_M0X0:
      |   ^~~~~~~~~~~
D:/l4t/DKC3Recomp/generated/snesrecomp/bankb5_part04_v2.c: In function 'CODE_B58048_M0X0':
D:/l4t/DKC3Recomp/generated/snesrecomp/bankb5_part04_v2.c:240:3: warning: label 'L_8048_M0X0' defined but not used [-Wunused-label]
  240 |   L_8048_M0X0:
      |   ^~~~~~~~~~~
D:/l4t/DKC3Recomp/generated/snesrecomp/bankb5_part108_v2.c: In function 'CODE_B59088_M0X0':
D:/l4t/DKC3Recomp/generated/snesrecomp/bankb5_part108_v2.c:49:3: warning: label 'L_9088_M0X0' defined but not used [-Wunused-label]
   49 |   L_9088_M0X0:
      |   ^~~~~~~~~~~
D:/l4t/DKC3Recomp/generated/snesrecomp/bankb5_part10a_v2.c: In function 'bank_B5_90A0_M0X0':
D:/l4t/DKC3Recomp/generated/snesrecomp/bankb5_part10a_v2.c:49:3: warning: label 'L_90A0_M0X0' defined but not used [-Wunused-label]
   49 |   L_90A0_M0X0:
      |   ^~~~~~~~~~~
D:/l4t/DKC3Recomp/generated/snesrecomp/bankb5_part10d_v2.c: In function 'CODE_B590D1_M0X0':
D:/l4t/DKC3Recomp/generated/snesrecomp/bankb5_part10d_v2.c:51:3: warning: label 'L_90D1_M0X0' defined but not used [-Wunused-label]
   51 |   L_90D1_M0X0:
      |   ^~~~~~~~~~~
D:/l4t/DKC3Recomp/generated/snesrecomp/bankb5_part10e_v2.c: In function 'CODE_B590EA_M0X0':
D:/l4t/DKC3Recomp/generated/snesrecomp/bankb5_part10e_v2.c:49:3: warning: label 'L_90EA_M0X0' defined but not used [-Wunused-label]
   49 |   L_90EA_M0X0:
      |   ^~~~~~~~~~~
D:/l4t/DKC3Recomp/generated/snesrecomp/bankb5_part10f_v2.c: In function 'CODE_B590FE_M0X0':
D:/l4t/DKC3Recomp/generated/snesrecomp/bankb5_part10f_v2.c:49:3: warning: label 'L_90FE_M0X0' defined but not used [-Wunused-label]
   49 |   L_90FE_M0X0:
      |   ^~~~~~~~~~~
D:/l4t/DKC3Recomp/generated/snesrecomp/bankb5_part111_v2.c: In function 'CODE_B59112_M0X0':
D:/l4t/DKC3Recomp/generated/snesrecomp/bankb5_part111_v2.c:50:3: warning: label 'L_9112_M0X0' defined but not used [-Wunused-label]
   50 |   L_9112_M0X0:
      |   ^~~~~~~~~~~
D:/l4t/DKC3Recomp/generated/snesrecomp/bankb5_part112_v2.c: In function 'arich_head_main_M0X0':
D:/l4t/DKC3Recomp/generated/snesrecomp/bankb5_part112_v2.c:50:3: warning: label 'L_9124_M0X0' defined but not used [-Wunused-label]
   50 |   L_9124_M0X0:
      |   ^~~~~~~~~~~
D:/l4t/DKC3Recomp/generated/snesrecomp/bankb5_part123_v2.c: In function 'CODE_B59237_M0X0':
D:/l4t/DKC3Recomp/generated/snesrecomp/bankb5_part123_v2.c:50:3: warning: label 'L_9237_M0X0' defined but not used [-Wunused-label]
   50 |   L_9237_M0X0:
      |   ^~~~~~~~~~~
D:/l4t/DKC3Recomp/generated/snesrecomp/bankb5_part14a_v2.c: In function 'CODE_B594A2_M0X0':
D:/l4t/DKC3Recomp/generated/snesrecomp/bankb5_part14a_v2.c:50:3: warning: label 'L_94A2_M0X0' defined but not used [-Wunused-label]
   50 |   L_94A2_M0X0:
      |   ^~~~~~~~~~~
D:/l4t/DKC3Recomp/generated/snesrecomp/bankb5_part14a_v2.c: In function 'CODE_B594AC_M0X0':
D:/l4t/DKC3Recomp/generated/snesrecomp/bankb5_part14a_v2.c:163:3: warning: label 'L_94AC_M0X0' defined but not used [-Wunused-label]
  163 |   L_94AC_M0X0:
      |   ^~~~~~~~~~~
D:/l4t/DKC3Recomp/generated/snesrecomp/bankb5_part167_v2.c: In function 'CODE_B59671_M0X0':
D:/l4t/DKC3Recomp/generated/snesrecomp/bankb5_part167_v2.c:50:3: warning: label 'L_9671_M0X0' defined but not used [-Wunused-label]
   50 |   L_9671_M0X0:
      |   ^~~~~~~~~~~
D:/l4t/DKC3Recomp/generated/snesrecomp/bankb5_part169_v2.c: In function 'CODE_B59690_M0X0':
D:/l4t/DKC3Recomp/generated/snesrecomp/bankb5_part169_v2.c:50:3: warning: label 'L_9690_M0X0' defined but not used [-Wunused-label]
   50 |   L_9690_M0X0:
      |   ^~~~~~~~~~~
D:/l4t/DKC3Recomp/generated/snesrecomp/bankb5_part177_v2.c: In function 'CODE_B5977F_M0X0':
D:/l4t/DKC3Recomp/generated/snesrecomp/bankb5_part177_v2.c:49:3: warning: label 'L_977F_M0X0' defined but not used [-Wunused-label]
   49 |   L_977F_M0X0:
      |   ^~~~~~~~~~~
D:/l4t/DKC3Recomp/generated/snesrecomp/bankb5_part17e_v2.c: In function 'CODE_B597EC_M0X0':
D:/l4t/DKC3Recomp/generated/snesrecomp/bankb5_part17e_v2.c:49:3: warning: label 'L_97EC_M0X0' defined but not used [-Wunused-label]
   49 |   L_97EC_M0X0:
      |   ^~~~~~~~~~~
D:/l4t/DKC3Recomp/generated/snesrecomp/bankb5_part181_v2.c: In function 'CODE_B59816_M0X0':
D:/l4t/DKC3Recomp/generated/snesrecomp/bankb5_part181_v2.c:50:3: warning: label 'L_9816_M0X0' defined but not used [-Wunused-label]
   50 |   L_9816_M0X0:
      |   ^~~~~~~~~~~
D:/l4t/DKC3Recomp/generated/snesrecomp/bankb5_part190_v2.c: In function 'CODE_B5990E_M0X0':
D:/l4t/DKC3Recomp/generated/snesrecomp/bankb5_part190_v2.c:50:3: warning: label 'L_990E_M0X0' defined but not used [-Wunused-label]
   50 |   L_990E_M0X0:
      |   ^~~~~~~~~~~
D:/l4t/DKC3Recomp/generated/snesrecomp/bankb5_part194_v2.c: In function 'CODE_B5994F_M0X0':
D:/l4t/DKC3Recomp/generated/snesrecomp/bankb5_part194_v2.c:49:3: warning: label 'L_994F_M0X0' defined but not used [-Wunused-label]
   49 |   L_994F_M0X0:
      |   ^~~~~~~~~~~
D:/l4t/DKC3Recomp/generated/snesrecomp/bankb5_part1ac_v2.c: In function 'bleak_main_M0X0':
D:/l4t/DKC3Recomp/generated/snesrecomp/bankb5_part1ac_v2.c:54:3: warning: label 'L_9AC8_M0X0' defined but not used [-Wunused-label]
   54 |   L_9AC8_M0X0:
      |   ^~~~~~~~~~~
D:/l4t/DKC3Recomp/generated/snesrecomp/bankb5_part1af_v2.c: In function 'CODE_B59AF7_M0X0':
D:/l4t/DKC3Recomp/generated/snesrecomp/bankb5_part1af_v2.c:50:3: warning: label 'L_9AF7_M0X0' defined but not used [-Wunused-label]
   50 |   L_9AF7_M0X0:
      |   ^~~~~~~~~~~
D:/l4t/DKC3Recomp/generated/snesrecomp/bankb5_part1e8_v2.c: In function 'CODE_B59E8D_M0X0':
D:/l4t/DKC3Recomp/generated/snesrecomp/bankb5_part1e8_v2.c:51:3: warning: label 'L_9E8D_M0X0' defined but not used [-Wunused-label]
   51 |   L_9E8D_M0X0:
      |   ^~~~~~~~~~~
D:/l4t/DKC3Recomp/generated/snesrecomp/bankb5_part1ea_v2.c: In function 'CODE_B59EAA_M0X0':
D:/l4t/DKC3Recomp/generated/snesrecomp/bankb5_part1ea_v2.c:50:3: warning: label 'L_9EAA_M0X0' defined but not used [-Wunused-label]
   50 |   L_9EAA_M0X0:
      |   ^~~~~~~~~~~
D:/l4t/DKC3Recomp/generated/snesrecomp/bankb5_part1f5_v2.c: In function 'CODE_B59F51_M0X0':
D:/l4t/DKC3Recomp/generated/snesrecomp/bankb5_part1f5_v2.c:49:3: warning: label 'L_9F51_M0X0' defined but not used [-Wunused-label]
   49 |   L_9F51_M0X0:
      |   ^~~~~~~~~~~
D:/l4t/DKC3Recomp/generated/snesrecomp/bankb5_part1f9_v2.c: In function 'CODE_B59F9B_M0X0':
D:/l4t/DKC3Recomp/generated/snesrecomp/bankb5_part1f9_v2.c:50:3: warning: label 'L_9F9B_M0X0' defined but not used [-Wunused-label]
   50 |   L_9F9B_M0X0:
      |   ^~~~~~~~~~~
D:/l4t/DKC3Recomp/generated/snesrecomp/bankb5_part1fe_v2.c: In function 'CODE_B59FE8_M0X0':
D:/l4t/DKC3Recomp/generated/snesrecomp/bankb5_part1fe_v2.c:52:3: warning: label 'L_9FE8_M0X0' defined but not used [-Wunused-label]
   52 |   L_9FE8_M0X0:
      |   ^~~~~~~~~~~
D:/l4t/DKC3Recomp/generated/snesrecomp/bankb5_part1ff_v2.c: In function 'CODE_B59FFF_M0X0':
D:/l4t/DKC3Recomp/generated/snesrecomp/bankb5_part1ff_v2.c:49:3: warning: label 'L_9FFF_M0X0' defined but not used [-Wunused-label]
   49 |   L_9FFF_M0X0:
      |   ^~~~~~~~~~~
D:/l4t/DKC3Recomp/generated/snesrecomp/bankb5_part207_v2.c: In function 'CODE_B5A074_M0X0':
D:/l4t/DKC3Recomp/generated/snesrecomp/bankb5_part207_v2.c:50:3: warning: label 'L_A074_M0X0' defined but not used [-Wunused-label]
   50 |   L_A074_M0X0:
      |   ^~~~~~~~~~~
D:/l4t/DKC3Recomp/generated/snesrecomp/bankb5_part208_v2.c: In function 'CODE_B5A080_M0X0':
D:/l4t/DKC3Recomp/generated/snesrecomp/bankb5_part208_v2.c:49:3: warning: label 'L_A080_M0X0' defined but not used [-Wunused-label]
   49 |   L_A080_M0X0:
      |   ^~~~~~~~~~~
D:/l4t/DKC3Recomp/generated/snesrecomp/bankb5_part20a_v2.c: In function 'CODE_B5A0A4_M0X0':
D:/l4t/DKC3Recomp/generated/snesrecomp/bankb5_part20a_v2.c:52:3: warning: label 'L_A0A4_M0X0' defined but not used [-Wunused-label]
   52 |   L_A0A4_M0X0:
      |   ^~~~~~~~~~~
D:/l4t/DKC3Recomp/generated/snesrecomp/bankb5_part20b_v2.c: In function 'CODE_B5A0B8_M0X0':
D:/l4t/DKC3Recomp/generated/snesrecomp/bankb5_part20b_v2.c:51:3: warning: label 'L_A0B8_M0X0' defined but not used [-Wunused-label]
   51 |   L_A0B8_M0X0:
      |   ^~~~~~~~~~~
D:/l4t/DKC3Recomp/generated/snesrecomp/bankb5_part20f_v2.c: In function 'CODE_B5A0F4_M0X0':
D:/l4t/DKC3Recomp/generated/snesrecomp/bankb5_part20f_v2.c:50:3: warning: label 'L_A0F4_M0X0' defined but not used [-Wunused-label]
   50 |   L_A0F4_M0X0:
      |   ^~~~~~~~~~~
D:/l4t/DKC3Recomp/generated/snesrecomp/bankb5_part212_v2.c: In function 'CODE_B5A12F_M0X0':
D:/l4t/DKC3Recomp/generated/snesrecomp/bankb5_part212_v2.c:49:3: warning: label 'L_A12F_M0X0' defined but not used [-Wunused-label]
   49 |   L_A12F_M0X0:
      |   ^~~~~~~~~~~
D:/l4t/DKC3Recomp/generated/snesrecomp/bankb5_part215_v2.c: In function 'CODE_B5A150_M0X0':
D:/l4t/DKC3Recomp/generated/snesrecomp/bankb5_part215_v2.c:51:3: warning: label 'L_A150_M0X0' defined but not used [-Wunused-label]
   51 |   L_A150_M0X0:
      |   ^~~~~~~~~~~
D:/l4t/DKC3Recomp/generated/snesrecomp/bankb5_part215_v2.c: In function 'CODE_B5A15A_M0X0':
D:/l4t/DKC3Recomp/generated/snesrecomp/bankb5_part215_v2.c:173:3: warning: label 'L_A15A_M0X0' defined but not used [-Wunused-label]
  173 |   L_A15A_M0X0:
      |   ^~~~~~~~~~~
D:/l4t/DKC3Recomp/generated/snesrecomp/bankb5_part218_v2.c: In function 'bleak_fight_kong_main_M0X0':
D:/l4t/DKC3Recomp/generated/snesrecomp/bankb5_part218_v2.c:50:3: warning: label 'L_A189_M0X0' defined but not used [-Wunused-label]
   50 |   L_A189_M0X0:
      |   ^~~~~~~~~~~
D:/l4t/DKC3Recomp/generated/snesrecomp/bankb5_part221_v2.c: In function 'CODE_B5A218_M0X0':
D:/l4t/DKC3Recomp/generated/snesrecomp/bankb5_part221_v2.c:51:3: warning: label 'L_A218_M0X0' defined but not used [-Wunused-label]
   51 |   L_A218_M0X0:
      |   ^~~~~~~~~~~
D:/l4t/DKC3Recomp/generated/snesrecomp/bankb5_part227_v2.c: In function 'CODE_B5A277_M0X0':
D:/l4t/DKC3Recomp/generated/snesrecomp/bankb5_part227_v2.c:49:3: warning: label 'L_A277_M0X0' defined but not used [-Wunused-label]
   49 |   L_A277_M0X0:
      |   ^~~~~~~~~~~
D:/l4t/DKC3Recomp/generated/snesrecomp/bankb5_part229_v2.c: In function 'CODE_B5A295_M0X0':
D:/l4t/DKC3Recomp/generated/snesrecomp/bankb5_part229_v2.c:49:3: warning: label 'L_A295_M0X0' defined but not used [-Wunused-label]
   49 |   L_A295_M0X0:
      |   ^~~~~~~~~~~
D:/l4t/DKC3Recomp/generated/snesrecomp/bankb5_part22a_v2.c: In function 'CODE_B5A2AE_M0X0':
D:/l4t/DKC3Recomp/generated/snesrecomp/bankb5_part22a_v2.c:49:3: warning: label 'L_A2AE_M0X0' defined but not used [-Wunused-label]
   49 |   L_A2AE_M0X0:
      |   ^~~~~~~~~~~
D:/l4t/DKC3Recomp/generated/snesrecomp/bankb5_part22c_v2.c: In function 'CODE_B5A2CC_M0X0':
D:/l4t/DKC3Recomp/generated/snesrecomp/bankb5_part22c_v2.c:49:3: warning: label 'L_A2CC_M0X0' defined but not used [-Wunused-label]
   49 |   L_A2CC_M0X0:
      |   ^~~~~~~~~~~
D:/l4t/DKC3Recomp/generated/snesrecomp/bankb5_part234_v2.c: In function 'bleak_fight_cursor_main_M0X0':
D:/l4t/DKC3Recomp/generated/snesrecomp/bankb5_part234_v2.c:49:3: warning: label 'L_A344_M0X0' defined but not used [-Wunused-label]
   49 |   L_A344_M0X0:
      |   ^~~~~~~~~~~
D:/l4t/DKC3Recomp/generated/snesrecomp/bankb5_part238_v2.c: In function 'CODE_B5A38B_M0X0':
D:/l4t/DKC3Recomp/generated/snesrecomp/bankb5_part238_v2.c:49:3: warning: label 'L_A38B_M0X0' defined but not used [-Wunused-label]
   49 |   L_A38B_M0X0:
      |   ^~~~~~~~~~~
D:/l4t/DKC3Recomp/generated/snesrecomp/bankb5_part23_v2.c: In function 'CODE_B58233_M0X0':
D:/l4t/DKC3Recomp/generated/snesrecomp/bankb5_part23_v2.c:49:3: warning: label 'L_8233_M0X0' defined but not used [-Wunused-label]
   49 |   L_8233_M0X0:
      |   ^~~~~~~~~~~
D:/l4t/DKC3Recomp/generated/snesrecomp/bankb5_part24_v2.c: In function 'CODE_B58244_M0X0':
D:/l4t/DKC3Recomp/generated/snesrecomp/bankb5_part24_v2.c:54:3: warning: label 'L_8244_M0X0' defined but not used [-Wunused-label]
   54 |   L_8244_M0X0:
      |   ^~~~~~~~~~~
D:/l4t/DKC3Recomp/generated/snesrecomp/bankb5_part24_v2.c: In function 'CODE_B5824C_M0X0':
D:/l4t/DKC3Recomp/generated/snesrecomp/bankb5_part24_v2.c:217:3: warning: label 'L_824C_M0X0' defined but not used [-Wunused-label]
  217 |   L_824C_M0X0:
      |   ^~~~~~~~~~~
D:/l4t/DKC3Recomp/generated/snesrecomp/bankb5_part251_v2.c: In function 'barbos_main_M0X0':
D:/l4t/DKC3Recomp/generated/snesrecomp/bankb5_part251_v2.c:53:3: warning: label 'L_A511_M0X0' defined but not used [-Wunused-label]
   53 |   L_A511_M0X0:
      |   ^~~~~~~~~~~
D:/l4t/DKC3Recomp/generated/snesrecomp/bankb5_part263_v2.c: In function 'CODE_B5A631_M0X0':
D:/l4t/DKC3Recomp/generated/snesrecomp/bankb5_part263_v2.c:49:3: warning: label 'L_A631_M0X0' defined but not used [-Wunused-label]
   49 |   L_A631_M0X0:
      |   ^~~~~~~~~~~
D:/l4t/DKC3Recomp/generated/snesrecomp/bankb5_part273_v2.c: In function 'CODE_B5A735_M0X0':
D:/l4t/DKC3Recomp/generated/snesrecomp/bankb5_part273_v2.c:49:3: warning: label 'L_A735_M0X0' defined but not used [-Wunused-label]
   49 |   L_A735_M0X0:
      |   ^~~~~~~~~~~
D:/l4t/DKC3Recomp/generated/snesrecomp/bankb5_part27d_v2.c: In function 'CODE_B5A7D7_M0X0':
D:/l4t/DKC3Recomp/generated/snesrecomp/bankb5_part27d_v2.c:49:3: warning: label 'L_A7D7_M0X0' defined but not used [-Wunused-label]
   49 |   L_A7D7_M0X0:
      |   ^~~~~~~~~~~
D:/l4t/DKC3Recomp/generated/snesrecomp/bankb5_part284_v2.c: In function 'CODE_B5A845_M0X0':
D:/l4t/DKC3Recomp/generated/snesrecomp/bankb5_part284_v2.c:50:3: warning: label 'L_A845_M0X0' defined but not used [-Wunused-label]
   50 |   L_A845_M0X0:
      |   ^~~~~~~~~~~
D:/l4t/DKC3Recomp/generated/snesrecomp/bankb5_part28_v2.c: In function 'CODE_B5828F_M0X0':
D:/l4t/DKC3Recomp/generated/snesrecomp/bankb5_part28_v2.c:49:3: warning: label 'L_828F_M0X0' defined but not used [-Wunused-label]
   49 |   L_828F_M0X0:
      |   ^~~~~~~~~~~
D:/l4t/DKC3Recomp/generated/snesrecomp/bankb5_part29_v2.c: In function 'CODE_B5829D_M0X0':
D:/l4t/DKC3Recomp/generated/snesrecomp/bankb5_part29_v2.c:49:3: warning: label 'L_829D_M0X0' defined but not used [-Wunused-label]
   49 |   L_829D_M0X0:
      |   ^~~~~~~~~~~
D:/l4t/DKC3Recomp/generated/snesrecomp/bankb5_part2a3_v2.c: In function 'CODE_B5AA31_M0X0':
D:/l4t/DKC3Recomp/generated/snesrecomp/bankb5_part2a3_v2.c:57:3: warning: label 'L_AA31_M0X0' defined but not used [-Wunused-label]
   57 |   L_AA31_M0X0:
      |   ^~~~~~~~~~~
D:/l4t/DKC3Recomp/generated/snesrecomp/bankb5_part2a4_v2.c: In function 'CODE_B5AA4E_M0X0':
D:/l4t/DKC3Recomp/generated/snesrecomp/bankb5_part2a4_v2.c:50:3: warning: label 'L_AA4E_M0X0' defined but not used [-Wunused-label]
   50 |   L_AA4E_M0X0:
      |   ^~~~~~~~~~~
D:/l4t/DKC3Recomp/generated/snesrecomp/bankb5_part2a8_v2.c: In function 'CODE_B5AA88_M0X0':
D:/l4t/DKC3Recomp/generated/snesrecomp/bankb5_part2a8_v2.c:51:3: warning: label 'L_AA88_M0X0' defined but not used [-Wunused-label]
   51 |   L_AA88_M0X0:
      |   ^~~~~~~~~~~
D:/l4t/DKC3Recomp/generated/snesrecomp/bankb5_part2a9_v2.c: In function 'CODE_B5AA93_M0X0':
D:/l4t/DKC3Recomp/generated/snesrecomp/bankb5_part2a9_v2.c:50:3: warning: label 'L_AA93_M0X0' defined but not used [-Wunused-label]
   50 |   L_AA93_M0X0:
      |   ^~~~~~~~~~~
D:/l4t/DKC3Recomp/generated/snesrecomp/bankb5_part2ac_v2.c: In function 'CODE_B5AAC1_M0X0':
D:/l4t/DKC3Recomp/generated/snesrecomp/bankb5_part2ac_v2.c:50:3: warning: label 'L_AAC1_M0X0' defined but not used [-Wunused-label]
   50 |   L_AAC1_M0X0:
      |   ^~~~~~~~~~~
D:/l4t/DKC3Recomp/generated/snesrecomp/bankb5_part2ad_v2.c: In function 'CODE_B5AADC_M0X0':
D:/l4t/DKC3Recomp/generated/snesrecomp/bankb5_part2ad_v2.c:50:3: warning: label 'L_AADC_M0X0' defined but not used [-Wunused-label]
   50 |   L_AADC_M0X0:
      |   ^~~~~~~~~~~
D:/l4t/DKC3Recomp/generated/snesrecomp/bankb5_part2ae_v2.c: In function 'CODE_B5AAEB_M0X0':
D:/l4t/DKC3Recomp/generated/snesrecomp/bankb5_part2ae_v2.c:51:3: warning: label 'L_AAEB_M0X0' defined but not used [-Wunused-label]
   51 |   L_AAEB_M0X0:
      |   ^~~~~~~~~~~
D:/l4t/DKC3Recomp/generated/snesrecomp/bankb5_part2b1_v2.c: In function 'CODE_B5AB10_M0X0':
D:/l4t/DKC3Recomp/generated/snesrecomp/bankb5_part2b1_v2.c:51:3: warning: label 'L_AB10_M0X0' defined but not used [-Wunused-label]
   51 |   L_AB10_M0X0:
      |   ^~~~~~~~~~~
D:/l4t/DKC3Recomp/generated/snesrecomp/bankb5_part2b1_v2.c: In function 'CODE_B5AB1C_M0X0':
D:/l4t/DKC3Recomp/generated/snesrecomp/bankb5_part2b1_v2.c:477:3: warning: label 'L_AB1C_M0X0' defined but not used [-Wunused-label]
  477 |   L_AB1C_M0X0:
      |   ^~~~~~~~~~~
D:/l4t/DKC3Recomp/generated/snesrecomp/bankb5_part2b2_v2.c: In function 'CODE_B5AB25_M0X0':
D:/l4t/DKC3Recomp/generated/snesrecomp/bankb5_part2b2_v2.c:53:3: warning: label 'L_AB25_M0X0' defined but not used [-Wunused-label]
   53 |   L_AB25_M0X0:
      |   ^~~~~~~~~~~
D:/l4t/DKC3Recomp/generated/snesrecomp/bankb5_part2c_v2.c: In function 'CODE_B582C3_M0X0':
D:/l4t/DKC3Recomp/generated/snesrecomp/bankb5_part2c_v2.c:49:3: warning: label 'L_82C3_M0X0' defined but not used [-Wunused-label]
   49 |   L_82C3_M0X0:
      |   ^~~~~~~~~~~
D:/l4t/DKC3Recomp/generated/snesrecomp/bankb5_part2cb_v2.c: In function 'CODE_B5ACBF_M0X0':
D:/l4t/DKC3Recomp/generated/snesrecomp/bankb5_part2cb_v2.c:49:3: warning: label 'L_ACBF_M0X0' defined but not used [-Wunused-label]
   49 |   L_ACBF_M0X0:
      |   ^~~~~~~~~~~
D:/l4t/DKC3Recomp/generated/snesrecomp/bankb5_part2cd_v2.c: In function 'CODE_B5ACD1_M0X0':
D:/l4t/DKC3Recomp/generated/snesrecomp/bankb5_part2cd_v2.c:50:3: warning: label 'L_ACD1_M0X0' defined but not used [-Wunused-label]
   50 |   L_ACD1_M0X0:
      |   ^~~~~~~~~~~
D:/l4t/DKC3Recomp/generated/snesrecomp/bankb5_part2cf_v2.c: In function 'barbos_eye_main_M0X0':
D:/l4t/DKC3Recomp/generated/snesrecomp/bankb5_part2cf_v2.c:57:3: warning: label 'L_ACF7_M0X0' defined but not used [-Wunused-label]
   57 |   L_ACF7_M0X0:
      |   ^~~~~~~~~~~
D:/l4t/DKC3Recomp/generated/snesrecomp/bankb5_part2d0_v2.c: In function 'CODE_B5AD0A_M0X0':
D:/l4t/DKC3Recomp/generated/snesrecomp/bankb5_part2d0_v2.c:53:3: warning: label 'L_AD0A_M0X0' defined but not used [-Wunused-label]
   53 |   L_AD0A_M0X0:
      |   ^~~~~~~~~~~
D:/l4t/DKC3Recomp/generated/snesrecomp/bankb5_part2d0_v2.c: In function 'CODE_B5AD0D_M0X0':
D:/l4t/DKC3Recomp/generated/snesrecomp/bankb5_part2d0_v2.c:99:3: warning: label 'L_AD0D_M0X0' defined but not used [-Wunused-label]
   99 |   L_AD0D_M0X0:
      |   ^~~~~~~~~~~
D:/l4t/DKC3Recomp/generated/snesrecomp/bankb5_part2d3_v2.c: In function 'CODE_B5AD38_M0X0':
D:/l4t/DKC3Recomp/generated/snesrecomp/bankb5_part2d3_v2.c:51:3: warning: label 'L_AD38_M0X0' defined but not used [-Wunused-label]
   51 |   L_AD38_M0X0:
      |   ^~~~~~~~~~~
D:/l4t/DKC3Recomp/generated/snesrecomp/bankb5_part2d5_v2.c: In function 'CODE_B5AD52_M0X0':
D:/l4t/DKC3Recomp/generated/snesrecomp/bankb5_part2d5_v2.c:50:3: warning: label 'L_AD52_M0X0' defined but not used [-Wunused-label]
   50 |   L_AD52_M0X0:
      |   ^~~~~~~~~~~
D:/l4t/DKC3Recomp/generated/snesrecomp/bankb5_part2d6_v2.c: In function 'CODE_B5AD64_M0X0':
D:/l4t/DKC3Recomp/generated/snesrecomp/bankb5_part2d6_v2.c:51:3: warning: label 'L_AD64_M0X0' defined but not used [-Wunused-label]
   51 |   L_AD64_M0X0:
      |   ^~~~~~~~~~~
D:/l4t/DKC3Recomp/generated/snesrecomp/bankb5_part2d7_v2.c: In function 'CODE_B5AD7E_M0X0':
D:/l4t/DKC3Recomp/generated/snesrecomp/bankb5_part2d7_v2.c:50:3: warning: label 'L_AD7E_M0X0' defined but not used [-Wunused-label]
   50 |   L_AD7E_M0X0:
      |   ^~~~~~~~~~~
D:/l4t/DKC3Recomp/generated/snesrecomp/bankb5_part2d8_v2.c: In function 'CODE_B5AD8D_M0X0':
D:/l4t/DKC3Recomp/generated/snesrecomp/bankb5_part2d8_v2.c:50:3: warning: label 'L_AD8D_M0X0' defined but not used [-Wunused-label]
   50 |   L_AD8D_M0X0:
      |   ^~~~~~~~~~~
D:/l4t/DKC3Recomp/generated/snesrecomp/bankb5_part2d9_v2.c: In function 'CODE_B5AD9C_M0X0':
D:/l4t/DKC3Recomp/generated/snesrecomp/bankb5_part2d9_v2.c:50:3: warning: label 'L_AD9C_M0X0' defined but not used [-Wunused-label]
   50 |   L_AD9C_M0X0:
      |   ^~~~~~~~~~~
D:/l4t/DKC3Recomp/generated/snesrecomp/bankb5_part2d_v2.c: In function 'CODE_B582D2_M0X0':
D:/l4t/DKC3Recomp/generated/snesrecomp/bankb5_part2d_v2.c:50:3: warning: label 'L_82D2_M0X0' defined but not used [-Wunused-label]
   50 |   L_82D2_M0X0:
      |   ^~~~~~~~~~~
D:/l4t/DKC3Recomp/generated/snesrecomp/bankb5_part2d_v2.c: In function 'CODE_B582DD_M0X0':
D:/l4t/DKC3Recomp/generated/snesrecomp/bankb5_part2d_v2.c:197:3: warning: label 'L_82DD_M0X0' defined but not used [-Wunused-label]
  197 |   L_82DD_M0X0:
      |   ^~~~~~~~~~~
D:/l4t/DKC3Recomp/generated/snesrecomp/bankb5_part2da_v2.c: In function 'CODE_B5ADA8_M0X0':
D:/l4t/DKC3Recomp/generated/snesrecomp/bankb5_part2da_v2.c:51:3: warning: label 'L_ADA8_M0X0' defined but not used [-Wunused-label]
   51 |   L_ADA8_M0X0:
      |   ^~~~~~~~~~~
D:/l4t/DKC3Recomp/generated/snesrecomp/bankb5_part2da_v2.c: In function 'CODE_B5ADAD_M0X0':
D:/l4t/DKC3Recomp/generated/snesrecomp/bankb5_part2da_v2.c:100:3: warning: label 'L_ADAD_M0X0' defined but not used [-Wunused-label]
  100 |   L_ADAD_M0X0:
      |   ^~~~~~~~~~~
D:/l4t/DKC3Recomp/generated/snesrecomp/bankb5_part2db_v2.c: In function 'CODE_B5ADB0_M0X0':
D:/l4t/DKC3Recomp/generated/snesrecomp/bankb5_part2db_v2.c:51:3: warning: label 'L_ADB0_M0X0' defined but not used [-Wunused-label]
   51 |   L_ADB0_M0X0:
      |   ^~~~~~~~~~~
D:/l4t/DKC3Recomp/generated/snesrecomp/bankb5_part2db_v2.c: In function 'CODE_B5ADBD_M0X0':
D:/l4t/DKC3Recomp/generated/snesrecomp/bankb5_part2db_v2.c:164:3: warning: label 'L_ADBD_M0X0' defined but not used [-Wunused-label]
  164 |   L_ADBD_M0X0:
      |   ^~~~~~~~~~~
D:/l4t/DKC3Recomp/generated/snesrecomp/bankb5_part2de_v2.c: In function 'barbos_pupil_main_M0X0':
D:/l4t/DKC3Recomp/generated/snesrecomp/bankb5_part2de_v2.c:52:3: warning: label 'L_ADE9_M0X0' defined but not used [-Wunused-label]
   52 |   L_ADE9_M0X0:
      |   ^~~~~~~~~~~
D:/l4t/DKC3Recomp/generated/snesrecomp/bankb5_part2df_v2.c: In function 'CODE_B5ADFC_M0X0':
D:/l4t/DKC3Recomp/generated/snesrecomp/bankb5_part2df_v2.c:49:3: warning: label 'L_ADFC_M0X0' defined but not used [-Wunused-label]
   49 |   L_ADFC_M0X0:
      |   ^~~~~~~~~~~
D:/l4t/DKC3Recomp/generated/snesrecomp/bankb5_part2e1_v2.c: In function 'CODE_B5AE13_M0X0':
D:/l4t/DKC3Recomp/generated/snesrecomp/bankb5_part2e1_v2.c:49:3: warning: label 'L_AE13_M0X0' defined but not used [-Wunused-label]
   49 |   L_AE13_M0X0:
      |   ^~~~~~~~~~~
D:/l4t/DKC3Recomp/generated/snesrecomp/bankb5_part2e7_v2.c: In function 'CODE_B5AE71_M0X0':
D:/l4t/DKC3Recomp/generated/snesrecomp/bankb5_part2e7_v2.c:53:3: warning: label 'L_AE71_M0X0' defined but not used [-Wunused-label]
   53 |   L_AE71_M0X0:
      |   ^~~~~~~~~~~
D:/l4t/DKC3Recomp/generated/snesrecomp/bankb5_part2e7_v2.c: In function 'CODE_B5AE7A_M0X0':
D:/l4t/DKC3Recomp/generated/snesrecomp/bankb5_part2e7_v2.c:106:3: warning: label 'L_AE7A_M0X0' defined but not used [-Wunused-label]
  106 |   L_AE7A_M0X0:
      |   ^~~~~~~~~~~
D:/l4t/DKC3Recomp/generated/snesrecomp/bankb5_part2e_v2.c: In function 'head_to_head_icon_main_M0X0':
D:/l4t/DKC3Recomp/generated/snesrecomp/bankb5_part2e_v2.c:51:3: warning: label 'L_82E8_M0X0' defined but not used [-Wunused-label]
   51 |   L_82E8_M0X0:
      |   ^~~~~~~~~~~
D:/l4t/DKC3Recomp/generated/snesrecomp/bankb5_part2e_v2.c: In function 'head_to_head_dot_main_M0X0':
D:/l4t/DKC3Recomp/generated/snesrecomp/bankb5_part2e_v2.c:97:3: warning: label 'L_82EB_M0X0' defined but not used [-Wunused-label]
   97 |   L_82EB_M0X0:
      |   ^~~~~~~~~~~
D:/l4t/DKC3Recomp/generated/snesrecomp/bankb5_part2e_v2.c: In function 'CODE_B582EE_M0X0':
D:/l4t/DKC3Recomp/generated/snesrecomp/bankb5_part2e_v2.c:143:3: warning: label 'L_82EE_M0X0' defined but not used [-Wunused-label]
  143 |   L_82EE_M0X0:
      |   ^~~~~~~~~~~
D:/l4t/DKC3Recomp/generated/snesrecomp/bankb5_part2f_v2.c: In function 'CODE_B582FF_M0X0':
D:/l4t/DKC3Recomp/generated/snesrecomp/bankb5_part2f_v2.c:49:3: warning: label 'L_82FF_M0X0' defined but not used [-Wunused-label]
   49 |   L_82FF_M0X0:
      |   ^~~~~~~~~~~
D:/l4t/DKC3Recomp/generated/snesrecomp/bankb5_part2fb_v2.c: In function 'purple_lurchin_main_M0X0':
D:/l4t/DKC3Recomp/generated/snesrecomp/bankb5_part2fb_v2.c:50:3: warning: label 'L_AFBF_M0X0' defined but not used [-Wunused-label]
   50 |   L_AFBF_M0X0:
      |   ^~~~~~~~~~~
D:/l4t/DKC3Recomp/generated/snesrecomp/bankb5_part2fc_v2.c: In function 'CODE_B5AFCC_M0X0':
D:/l4t/DKC3Recomp/generated/snesrecomp/bankb5_part2fc_v2.c:50:3: warning: label 'L_AFCC_M0X0' defined but not used [-Wunused-label]
   50 |   L_AFCC_M0X0:
      |   ^~~~~~~~~~~
D:/l4t/DKC3Recomp/generated/snesrecomp/bankb5_part316_v2.c: In function 'CODE_B5B168_M0X0':
D:/l4t/DKC3Recomp/generated/snesrecomp/bankb5_part316_v2.c:50:3: warning: label 'L_B168_M0X0' defined but not used [-Wunused-label]
   50 |   L_B168_M0X0:
      |   ^~~~~~~~~~~
D:/l4t/DKC3Recomp/generated/snesrecomp/bankb5_part319_v2.c: In function 'barbos_green_lurchin_main_M0X0':
D:/l4t/DKC3Recomp/generated/snesrecomp/bankb5_part319_v2.c:49:3: warning: label 'L_B194_M0X0' defined but not used [-Wunused-label]
   49 |   L_B194_M0X0:
      |   ^~~~~~~~~~~
D:/l4t/DKC3Recomp/generated/snesrecomp/bankb5_part332_v2.c: In function 'CODE_B5B321_M0X0':
D:/l4t/DKC3Recomp/generated/snesrecomp/bankb5_part332_v2.c:50:3: warning: label 'L_B321_M0X0' defined but not used [-Wunused-label]
   50 |   L_B321_M0X0:
      |   ^~~~~~~~~~~
D:/l4t/DKC3Recomp/generated/snesrecomp/bankb5_part33_v2.c: In function 'CODE_B58331_M0X0':
D:/l4t/DKC3Recomp/generated/snesrecomp/bankb5_part33_v2.c:52:3: warning: label 'L_8331_M0X0' defined but not used [-Wunused-label]
   52 |   L_8331_M0X0:
      |   ^~~~~~~~~~~
D:/l4t/DKC3Recomp/generated/snesrecomp/bankb5_part33_v2.c: In function 'CODE_B58335_M0X0':
D:/l4t/DKC3Recomp/generated/snesrecomp/bankb5_part33_v2.c:154:3: warning: label 'L_8335_M0X0' defined but not used [-Wunused-label]
  154 |   L_8335_M0X0:
      |   ^~~~~~~~~~~
D:/l4t/DKC3Recomp/generated/snesrecomp/bankb5_part342_v2.c: In function 'CODE_B5B425_M0X0':
D:/l4t/DKC3Recomp/generated/snesrecomp/bankb5_part342_v2.c:51:3: warning: label 'L_B425_M0X0' defined but not used [-Wunused-label]
   51 |   L_B425_M0X0:
      |   ^~~~~~~~~~~
D:/l4t/DKC3Recomp/generated/snesrecomp/bankb5_part342_v2.c: In function 'barbos_spike_projectile_main_M0X0':
D:/l4t/DKC3Recomp/generated/snesrecomp/bankb5_part342_v2.c:175:3: warning: label 'L_B42E_M0X0' defined but not used [-Wunused-label]
  175 |   L_B42E_M0X0:
      |   ^~~~~~~~~~~
D:/l4t/DKC3Recomp/generated/snesrecomp/bankb5_part343_v2.c: In function 'CODE_B5B435_M0X0':
D:/l4t/DKC3Recomp/generated/snesrecomp/bankb5_part343_v2.c:49:3: warning: label 'L_B435_M0X0' defined but not used [-Wunused-label]
   49 |   L_B435_M0X0:
      |   ^~~~~~~~~~~
D:/l4t/DKC3Recomp/generated/snesrecomp/bankb5_part346_v2.c: In function 'seashell_missle_main_M0X0':
D:/l4t/DKC3Recomp/generated/snesrecomp/bankb5_part346_v2.c:50:3: warning: label 'L_B462_M0X0' defined but not used [-Wunused-label]
   50 |   L_B462_M0X0:
      |   ^~~~~~~~~~~
D:/l4t/DKC3Recomp/generated/snesrecomp/bankb5_part347_v2.c: In function 'CODE_B5B471_M0X0':
D:/l4t/DKC3Recomp/generated/snesrecomp/bankb5_part347_v2.c:51:3: warning: label 'L_B471_M0X0' defined but not used [-Wunused-label]
   51 |   L_B471_M0X0:
      |   ^~~~~~~~~~~
D:/l4t/DKC3Recomp/generated/snesrecomp/bankb5_part35_v2.c: In function 'CODE_B58354_M0X0':
D:/l4t/DKC3Recomp/generated/snesrecomp/bankb5_part35_v2.c:53:3: warning: label 'L_8354_M0X0' defined but not used [-Wunused-label]
   53 |   L_8354_M0X0:
      |   ^~~~~~~~~~~
D:/l4t/DKC3Recomp/generated/snesrecomp/bankb5_part35_v2.c: In function 'CODE_B58355_M0X0':
D:/l4t/DKC3Recomp/generated/snesrecomp/bankb5_part35_v2.c:152:3: warning: label 'L_8355_M0X0' defined but not used [-Wunused-label]
  152 |   L_8355_M0X0:
      |   ^~~~~~~~~~~
D:/l4t/DKC3Recomp/generated/snesrecomp/bankb5_part35_v2.c: In function 'CODE_B5835D_M0X0':
D:/l4t/DKC3Recomp/generated/snesrecomp/bankb5_part35_v2.c:265:3: warning: label 'L_835D_M0X0' defined but not used [-Wunused-label]
  265 |   L_835D_M0X0:
      |   ^~~~~~~~~~~
D:/l4t/DKC3Recomp/generated/snesrecomp/bankb5_part35_v2.c: In function 'CODE_B5835E_M0X0':
D:/l4t/DKC3Recomp/generated/snesrecomp/bankb5_part35_v2.c:364:3: warning: label 'L_835E_M0X0' defined but not used [-Wunused-label]
  364 |   L_835E_M0X0:
      |   ^~~~~~~~~~~
D:/l4t/DKC3Recomp/generated/snesrecomp/bankb5_part375_v2.c: In function 'CODE_B5B758_M0X0':
D:/l4t/DKC3Recomp/generated/snesrecomp/bankb5_part375_v2.c:50:3: warning: label 'L_B758_M0X0' defined but not used [-Wunused-label]
   50 |   L_B758_M0X0:
      |   ^~~~~~~~~~~
D:/l4t/DKC3Recomp/generated/snesrecomp/bankb5_part38_v2.c: In function 'CODE_B58389_M0X0':
D:/l4t/DKC3Recomp/generated/snesrecomp/bankb5_part38_v2.c:51:3: warning: label 'L_8389_M0X0' defined but not used [-Wunused-label]
   51 |   L_8389_M0X0:
      |   ^~~~~~~~~~~
D:/l4t/DKC3Recomp/generated/snesrecomp/bankb5_part38c_v2.c: In function 'CODE_B5B8CA_M0X0':
D:/l4t/DKC3Recomp/generated/snesrecomp/bankb5_part38c_v2.c:55:3: warning: label 'L_B8CA_M0X0' defined but not used [-Wunused-label]
   55 |   L_B8CA_M0X0:
      |   ^~~~~~~~~~~
D:/l4t/DKC3Recomp/generated/snesrecomp/bankb5_part390_v2.c: In function 'CODE_B5B90A_M0X0':
D:/l4t/DKC3Recomp/generated/snesrecomp/bankb5_part390_v2.c:52:3: warning: label 'L_B90A_M0X0' defined but not used [-Wunused-label]
   52 |   L_B90A_M0X0:
      |   ^~~~~~~~~~~
D:/l4t/DKC3Recomp/generated/snesrecomp/bankb5_part390_v2.c: In function 'CODE_B5B90E_M0X0':
D:/l4t/DKC3Recomp/generated/snesrecomp/bankb5_part390_v2.c:156:3: warning: label 'L_B90E_M0X0' defined but not used [-Wunused-label]
  156 |   L_B90E_M0X0:
      |   ^~~~~~~~~~~
D:/l4t/DKC3Recomp/generated/snesrecomp/bankb5_part390_v2.c: In function 'CODE_B5B90F_M0X0':
D:/l4t/DKC3Recomp/generated/snesrecomp/bankb5_part390_v2.c:206:3: warning: label 'L_B90F_M0X0' defined but not used [-Wunused-label]
  206 |   L_B90F_M0X0:
      |   ^~~~~~~~~~~
D:/l4t/DKC3Recomp/generated/snesrecomp/bankb5_part391_v2.c: In function 'CODE_B5B910_M0X0':
D:/l4t/DKC3Recomp/generated/snesrecomp/bankb5_part391_v2.c:50:3: warning: label 'L_B910_M0X0' defined but not used [-Wunused-label]
   50 |   L_B910_M0X0:
      |   ^~~~~~~~~~~
D:/l4t/DKC3Recomp/generated/snesrecomp/bankb5_part391_v2.c: In function 'CODE_B5B911_M0X0':
D:/l4t/DKC3Recomp/generated/snesrecomp/bankb5_part391_v2.c:149:3: warning: label 'L_B911_M0X0' defined but not used [-Wunused-label]
  149 |   L_B911_M0X0:
      |   ^~~~~~~~~~~
D:/l4t/DKC3Recomp/generated/snesrecomp/bankb5_part395_v2.c: In function 'CODE_B5B959_M0X0':
D:/l4t/DKC3Recomp/generated/snesrecomp/bankb5_part395_v2.c:49:3: warning: label 'L_B959_M0X0' defined but not used [-Wunused-label]
   49 |   L_B959_M0X0:
      |   ^~~~~~~~~~~
D:/l4t/DKC3Recomp/generated/snesrecomp/bankb5_part397_v2.c: In function 'CODE_B5B97A_M0X0':
D:/l4t/DKC3Recomp/generated/snesrecomp/bankb5_part397_v2.c:49:3: warning: label 'L_B97A_M0X0' defined but not used [-Wunused-label]
   49 |   L_B97A_M0X0:
      |   ^~~~~~~~~~~
D:/l4t/DKC3Recomp/generated/snesrecomp/bankb5_part399_v2.c: In function 'CODE_B5B993_M0X0':
D:/l4t/DKC3Recomp/generated/snesrecomp/bankb5_part399_v2.c:50:3: warning: label 'L_B993_M0X0' defined but not used [-Wunused-label]
   50 |   L_B993_M0X0:
      |   ^~~~~~~~~~~
D:/l4t/DKC3Recomp/generated/snesrecomp/bankb5_part399_v2.c: In function 'CODE_B5B99A_M0X0':
D:/l4t/DKC3Recomp/generated/snesrecomp/bankb5_part399_v2.c:156:3: warning: label 'L_B99A_M0X0' defined but not used [-Wunused-label]
  156 |   L_B99A_M0X0:
      |   ^~~~~~~~~~~
D:/l4t/DKC3Recomp/generated/snesrecomp/bankb5_part39a_v2.c: In function 'CODE_B5B9A5_M0X0':
D:/l4t/DKC3Recomp/generated/snesrecomp/bankb5_part39a_v2.c:49:3: warning: label 'L_B9A5_M0X0' defined but not used [-Wunused-label]
   49 |   L_B9A5_M0X0:
      |   ^~~~~~~~~~~
D:/l4t/DKC3Recomp/generated/snesrecomp/bankb5_part3aa_v2.c: In function 'kaos_main_M0X0':
D:/l4t/DKC3Recomp/generated/snesrecomp/bankb5_part3aa_v2.c:57:3: warning: label 'L_BAA9_M0X0' defined but not used [-Wunused-label]
   57 |   L_BAA9_M0X0:
      |   ^~~~~~~~~~~
D:/l4t/DKC3Recomp/generated/snesrecomp/bankb5_part3b_v2.c: In function 'CODE_B583BE_M0X0':
D:/l4t/DKC3Recomp/generated/snesrecomp/bankb5_part3b_v2.c:50:3: warning: label 'L_83BE_M0X0' defined but not used [-Wunused-label]
   50 |   L_83BE_M0X0:
      |   ^~~~~~~~~~~
D:/l4t/DKC3Recomp/generated/snesrecomp/bankb5_part3c8_v2.c: In function 'CODE_B5BC8B_M0X0':
D:/l4t/DKC3Recomp/generated/snesrecomp/bankb5_part3c8_v2.c:49:3: warning: label 'L_BC8B_M0X0' defined but not used [-Wunused-label]
   49 |   L_BC8B_M0X0:
      |   ^~~~~~~~~~~
D:/l4t/DKC3Recomp/generated/snesrecomp/bankb5_part3d4_v2.c: In function 'CODE_B5BD4D_M0X0':
D:/l4t/DKC3Recomp/generated/snesrecomp/bankb5_part3d4_v2.c:51:3: warning: label 'L_BD4D_M0X0' defined but not used [-Wunused-label]
   51 |   L_BD4D_M0X0:
      |   ^~~~~~~~~~~
D:/l4t/DKC3Recomp/generated/snesrecomp/bankb5_part3d_v2.c: In function 'CODE_B583D5_M0X0':
D:/l4t/DKC3Recomp/generated/snesrecomp/bankb5_part3d_v2.c:50:3: warning: label 'L_83D5_M0X0' defined but not used [-Wunused-label]
   50 |   L_83D5_M0X0:
      |   ^~~~~~~~~~~
D:/l4t/DKC3Recomp/generated/snesrecomp/bankb5_part3dc_v2.c: In function 'CODE_B5BDC0_M0X0':
D:/l4t/DKC3Recomp/generated/snesrecomp/bankb5_part3dc_v2.c:51:3: warning: label 'L_BDC0_M0X0' defined but not used [-Wunused-label]
   51 |   L_BDC0_M0X0:
      |   ^~~~~~~~~~~
D:/l4t/DKC3Recomp/generated/snesrecomp/bankb5_part3ec_v2.c: In function 'CODE_B5BEC4_M0X0':
D:/l4t/DKC3Recomp/generated/snesrecomp/bankb5_part3ec_v2.c:49:3: warning: label 'L_BEC4_M0X0' defined but not used [-Wunused-label]
   49 |   L_BEC4_M0X0:
      |   ^~~~~~~~~~~
D:/l4t/DKC3Recomp/generated/snesrecomp/bankb5_part3f3_v2.c: In function 'CODE_B5BF3B_M0X0':
D:/l4t/DKC3Recomp/generated/snesrecomp/bankb5_part3f3_v2.c:49:3: warning: label 'L_BF3B_M0X0' defined but not used [-Wunused-label]
   49 |   L_BF3B_M0X0:
      |   ^~~~~~~~~~~
D:/l4t/DKC3Recomp/generated/snesrecomp/bankb5_part3f_v2.c: In function 'CODE_B583F0_M0X0':
D:/l4t/DKC3Recomp/generated/snesrecomp/bankb5_part3f_v2.c:50:3: warning: label 'L_83F0_M0X0' defined but not used [-Wunused-label]
   50 |   L_83F0_M0X0:
      |   ^~~~~~~~~~~
D:/l4t/DKC3Recomp/generated/snesrecomp/bankb5_part401_v2.c: In function 'CODE_B5C01A_M0X0':
D:/l4t/DKC3Recomp/generated/snesrecomp/bankb5_part401_v2.c:51:3: warning: label 'L_C01A_M0X0' defined but not used [-Wunused-label]
   51 |   L_C01A_M0X0:
      |   ^~~~~~~~~~~
D:/l4t/DKC3Recomp/generated/snesrecomp/bankb5_part403_v2.c: In function 'CODE_B5C03F_M0X0':
D:/l4t/DKC3Recomp/generated/snesrecomp/bankb5_part403_v2.c:50:3: warning: label 'L_C03F_M0X0' defined but not used [-Wunused-label]
   50 |   L_C03F_M0X0:
      |   ^~~~~~~~~~~
D:/l4t/DKC3Recomp/generated/snesrecomp/bankb5_part405_v2.c: In function 'CODE_B5C05F_M0X0':
D:/l4t/DKC3Recomp/generated/snesrecomp/bankb5_part405_v2.c:50:3: warning: label 'L_C05F_M0X0' defined but not used [-Wunused-label]
   50 |   L_C05F_M0X0:
      |   ^~~~~~~~~~~
D:/l4t/DKC3Recomp/generated/snesrecomp/bankb5_part40e_v2.c: In function 'CODE_B5C0E9_M0X0':
D:/l4t/DKC3Recomp/generated/snesrecomp/bankb5_part40e_v2.c:50:3: warning: label 'L_C0E9_M0X0' defined but not used [-Wunused-label]
   50 |   L_C0E9_M0X0:
      |   ^~~~~~~~~~~
D:/l4t/DKC3Recomp/generated/snesrecomp/bankb5_part40e_v2.c: In function 'CODE_B5C0ED_M0X0':
D:/l4t/DKC3Recomp/generated/snesrecomp/bankb5_part40e_v2.c:167:3: warning: label 'L_C0ED_M0X0' defined but not used [-Wunused-label]
  167 |   L_C0ED_M0X0:
      |   ^~~~~~~~~~~
D:/l4t/DKC3Recomp/generated/snesrecomp/bankb5_part40f_v2.c: In function 'CODE_B5C0FA_M0X0':
D:/l4t/DKC3Recomp/generated/snesrecomp/bankb5_part40f_v2.c:49:3: warning: label 'L_C0FA_M0X0' defined but not used [-Wunused-label]
   49 |   L_C0FA_M0X0:
      |   ^~~~~~~~~~~
D:/l4t/DKC3Recomp/generated/snesrecomp/bankb5_part410_v2.c: In function 'CODE_B5C10B_M0X0':
D:/l4t/DKC3Recomp/generated/snesrecomp/bankb5_part410_v2.c:49:3: warning: label 'L_C10B_M0X0' defined but not used [-Wunused-label]
   49 |   L_C10B_M0X0:
      |   ^~~~~~~~~~~
D:/l4t/DKC3Recomp/generated/snesrecomp/bankb5_part412_v2.c: In function 'CODE_B5C12B_M0X0':
D:/l4t/DKC3Recomp/generated/snesrecomp/bankb5_part412_v2.c:51:3: warning: label 'L_C12B_M0X0' defined but not used [-Wunused-label]
   51 |   L_C12B_M0X0:
      |   ^~~~~~~~~~~
D:/l4t/DKC3Recomp/generated/snesrecomp/bankb5_part42c_v2.c: In function 'CODE_B5C2C9_M0X0':
D:/l4t/DKC3Recomp/generated/snesrecomp/bankb5_part42c_v2.c:49:3: warning: label 'L_C2C9_M0X0' defined but not used [-Wunused-label]
   49 |   L_C2C9_M0X0:
      |   ^~~~~~~~~~~
D:/l4t/DKC3Recomp/generated/snesrecomp/bankb5_part42e_v2.c: In function 'CODE_B5C2EC_M0X0':
D:/l4t/DKC3Recomp/generated/snesrecomp/bankb5_part42e_v2.c:49:3: warning: label 'L_C2EC_M0X0' defined but not used [-Wunused-label]
   49 |   L_C2EC_M0X0:
      |   ^~~~~~~~~~~
D:/l4t/DKC3Recomp/generated/snesrecomp/bankb5_part42f_v2.c: In function 'CODE_B5C2F7_M0X0':
D:/l4t/DKC3Recomp/generated/snesrecomp/bankb5_part42f_v2.c:49:3: warning: label 'L_C2F7_M0X0' defined but not used [-Wunused-label]
   49 |   L_C2F7_M0X0:
      |   ^~~~~~~~~~~
D:/l4t/DKC3Recomp/generated/snesrecomp/bankb5_part430_v2.c: In function 'CODE_B5C30E_M0X0':
D:/l4t/DKC3Recomp/generated/snesrecomp/bankb5_part430_v2.c:49:3: warning: label 'L_C30E_M0X0' defined but not used [-Wunused-label]
   49 |   L_C30E_M0X0:
      |   ^~~~~~~~~~~
D:/l4t/DKC3Recomp/generated/snesrecomp/bankb5_part433_v2.c: In function 'CODE_B5C333_M0X0':
D:/l4t/DKC3Recomp/generated/snesrecomp/bankb5_part433_v2.c:52:3: warning: label 'L_C333_M0X0' defined but not used [-Wunused-label]
   52 |   L_C333_M0X0:
      |   ^~~~~~~~~~~
D:/l4t/DKC3Recomp/generated/snesrecomp/bankb5_part434_v2.c: In function 'CODE_B5C343_M0X0':
D:/l4t/DKC3Recomp/generated/snesrecomp/bankb5_part434_v2.c:50:3: warning: label 'L_C343_M0X0' defined but not used [-Wunused-label]
   50 |   L_C343_M0X0:
      |   ^~~~~~~~~~~
D:/l4t/DKC3Recomp/generated/snesrecomp/bankb5_part434_v2.c: In function 'CODE_B5C34B_M0X0':
D:/l4t/DKC3Recomp/generated/snesrecomp/bankb5_part434_v2.c:156:3: warning: label 'L_C34B_M0X0' defined but not used [-Wunused-label]
  156 |   L_C34B_M0X0:
      |   ^~~~~~~~~~~
D:/l4t/DKC3Recomp/generated/snesrecomp/bankb5_part435_v2.c: In function 'CODE_B5C350_M0X0':
D:/l4t/DKC3Recomp/generated/snesrecomp/bankb5_part435_v2.c:49:3: warning: label 'L_C350_M0X0' defined but not used [-Wunused-label]
   49 |   L_C350_M0X0:
      |   ^~~~~~~~~~~
D:/l4t/DKC3Recomp/generated/snesrecomp/bankb5_part43e_v2.c: In function 'CODE_B5C3E5_M0X0':
D:/l4t/DKC3Recomp/generated/snesrecomp/bankb5_part43e_v2.c:55:3: warning: label 'L_C3E5_M0X0' defined but not used [-Wunused-label]
   55 |   L_C3E5_M0X0:
      |   ^~~~~~~~~~~
D:/l4t/DKC3Recomp/generated/snesrecomp/bankb5_part440_v2.c: In function 'CODE_B5C409_M0X0':
D:/l4t/DKC3Recomp/generated/snesrecomp/bankb5_part440_v2.c:55:3: warning: label 'L_C409_M0X0' defined but not used [-Wunused-label]
   55 |   L_C409_M0X0:
      |   ^~~~~~~~~~~
D:/l4t/DKC3Recomp/generated/snesrecomp/bankb5_part441_v2.c: In function 'CODE_B5C419_M0X0':
D:/l4t/DKC3Recomp/generated/snesrecomp/bankb5_part441_v2.c:52:3: warning: label 'L_C419_M0X0' defined but not used [-Wunused-label]
   52 |   L_C419_M0X0:
      |   ^~~~~~~~~~~
D:/l4t/DKC3Recomp/generated/snesrecomp/bankb5_part445_v2.c: In function 'CODE_B5C459_M0X0':
D:/l4t/DKC3Recomp/generated/snesrecomp/bankb5_part445_v2.c:51:3: warning: label 'L_C459_M0X0' defined but not used [-Wunused-label]
   51 |   L_C459_M0X0:
      |   ^~~~~~~~~~~
D:/l4t/DKC3Recomp/generated/snesrecomp/bankb5_part44a_v2.c: In function 'CODE_B5C4AA_M0X0':
D:/l4t/DKC3Recomp/generated/snesrecomp/bankb5_part44a_v2.c:49:3: warning: label 'L_C4AA_M0X0' defined but not used [-Wunused-label]
   49 |   L_C4AA_M0X0:
      |   ^~~~~~~~~~~
D:/l4t/DKC3Recomp/generated/snesrecomp/bankb5_part44c_v2.c: In function 'CODE_B5C4C2_M0X0':
D:/l4t/DKC3Recomp/generated/snesrecomp/bankb5_part44c_v2.c:51:3: warning: label 'L_C4C2_M0X0' defined but not used [-Wunused-label]
   51 |   L_C4C2_M0X0:
      |   ^~~~~~~~~~~
D:/l4t/DKC3Recomp/generated/snesrecomp/bankb5_part44c_v2.c: In function 'CODE_B5C4CC_M0X0':
D:/l4t/DKC3Recomp/generated/snesrecomp/bankb5_part44c_v2.c:189:3: warning: label 'L_C4CC_M0X0' defined but not used [-Wunused-label]
  189 |   L_C4CC_M0X0:
      |   ^~~~~~~~~~~
D:/l4t/DKC3Recomp/generated/snesrecomp/bankb5_part453_v2.c: In function 'CODE_B5C535_M0X0':
D:/l4t/DKC3Recomp/generated/snesrecomp/bankb5_part453_v2.c:50:3: warning: label 'L_C535_M0X0' defined but not used [-Wunused-label]
   50 |   L_C535_M0X0:
      |   ^~~~~~~~~~~
D:/l4t/DKC3Recomp/generated/snesrecomp/bankb5_part459_v2.c: In function 'CODE_B5C59F_M0X0':
D:/l4t/DKC3Recomp/generated/snesrecomp/bankb5_part459_v2.c:49:3: warning: label 'L_C59F_M0X0' defined but not used [-Wunused-label]
   49 |   L_C59F_M0X0:
      |   ^~~~~~~~~~~
D:/l4t/DKC3Recomp/generated/snesrecomp/bankb5_part45_v2.c: In function 'CODE_B58450_M0X0':
D:/l4t/DKC3Recomp/generated/snesrecomp/bankb5_part45_v2.c:50:3: warning: label 'L_8450_M0X0' defined but not used [-Wunused-label]
   50 |   L_8450_M0X0:
      |   ^~~~~~~~~~~
D:/l4t/DKC3Recomp/generated/snesrecomp/bankb5_part45a_v2.c: In function 'CODE_B5C5AC_M0X0':
D:/l4t/DKC3Recomp/generated/snesrecomp/bankb5_part45a_v2.c:51:3: warning: label 'L_C5AC_M0X0' defined but not used [-Wunused-label]
   51 |   L_C5AC_M0X0:
      |   ^~~~~~~~~~~
D:/l4t/DKC3Recomp/generated/snesrecomp/bankb5_part466_v2.c: In function 'CODE_B5C661_M0X0':
D:/l4t/DKC3Recomp/generated/snesrecomp/bankb5_part466_v2.c:49:3: warning: label 'L_C661_M0X0' defined but not used [-Wunused-label]
   49 |   L_C661_M0X0:
      |   ^~~~~~~~~~~
D:/l4t/DKC3Recomp/generated/snesrecomp/bankb5_part472_v2.c: In function 'CODE_B5C729_M0X0':
D:/l4t/DKC3Recomp/generated/snesrecomp/bankb5_part472_v2.c:53:3: warning: label 'L_C729_M0X0' defined but not used [-Wunused-label]
   53 |   L_C729_M0X0:
      |   ^~~~~~~~~~~
D:/l4t/DKC3Recomp/generated/snesrecomp/bankb5_part473_v2.c: In function 'CODE_B5C73A_M0X0':
D:/l4t/DKC3Recomp/generated/snesrecomp/bankb5_part473_v2.c:53:3: warning: label 'L_C73A_M0X0' defined but not used [-Wunused-label]
   53 |   L_C73A_M0X0:
      |   ^~~~~~~~~~~
D:/l4t/DKC3Recomp/generated/snesrecomp/bankb5_part475_v2.c: In function 'CODE_B5C755_M0X0':
D:/l4t/DKC3Recomp/generated/snesrecomp/bankb5_part475_v2.c:54:3: warning: label 'L_C755_M0X0' defined but not used [-Wunused-label]
   54 |   L_C755_M0X0:
      |   ^~~~~~~~~~~
D:/l4t/DKC3Recomp/generated/snesrecomp/bankb5_part478_v2.c: In function 'CODE_B5C780_M0X0':
D:/l4t/DKC3Recomp/generated/snesrecomp/bankb5_part478_v2.c:53:3: warning: label 'L_C780_M0X0' defined but not used [-Wunused-label]
   53 |   L_C780_M0X0:
      |   ^~~~~~~~~~~
D:/l4t/DKC3Recomp/generated/snesrecomp/bankb5_part47c_v2.c: In function 'CODE_B5C7CC_M0X0':
D:/l4t/DKC3Recomp/generated/snesrecomp/bankb5_part47c_v2.c:53:3: warning: label 'L_C7CC_M0X0' defined but not used [-Wunused-label]
   53 |   L_C7CC_M0X0:
      |   ^~~~~~~~~~~
D:/l4t/DKC3Recomp/generated/snesrecomp/bankb5_part47e_v2.c: In function 'kaos_laser_head_main_M0X0':
D:/l4t/DKC3Recomp/generated/snesrecomp/bankb5_part47e_v2.c:53:3: warning: label 'L_C7E3_M0X0' defined but not used [-Wunused-label]
   53 |   L_C7E3_M0X0:
      |   ^~~~~~~~~~~
D:/l4t/DKC3Recomp/generated/snesrecomp/bankb5_part481_v2.c: In function 'CODE_B5C813_M0X0':
D:/l4t/DKC3Recomp/generated/snesrecomp/bankb5_part481_v2.c:49:3: warning: label 'L_C813_M0X0' defined but not used [-Wunused-label]
   49 |   L_C813_M0X0:
      |   ^~~~~~~~~~~
D:/l4t/DKC3Recomp/generated/snesrecomp/bankb5_part484_v2.c: In function 'CODE_B5C84D_M0X0':
D:/l4t/DKC3Recomp/generated/snesrecomp/bankb5_part484_v2.c:49:3: warning: label 'L_C84D_M0X0' defined but not used [-Wunused-label]
   49 |   L_C84D_M0X0:
      |   ^~~~~~~~~~~
D:/l4t/DKC3Recomp/generated/snesrecomp/bankb5_part48d_v2.c: In function 'CODE_B5C8D9_M0X0':
D:/l4t/DKC3Recomp/generated/snesrecomp/bankb5_part48d_v2.c:50:3: warning: label 'L_C8D9_M0X0' defined but not used [-Wunused-label]
   50 |   L_C8D9_M0X0:
      |   ^~~~~~~~~~~
D:/l4t/DKC3Recomp/generated/snesrecomp/bankb5_part49_v2.c: In function 'CODE_B5849C_M0X0':
D:/l4t/DKC3Recomp/generated/snesrecomp/bankb5_part49_v2.c:50:3: warning: label 'L_849C_M0X0' defined but not used [-Wunused-label]
   50 |   L_849C_M0X0:
      |   ^~~~~~~~~~~
D:/l4t/DKC3Recomp/generated/snesrecomp/bankb5_part4ac_v2.c: In function 'CODE_B5CACF_M0X0':
D:/l4t/DKC3Recomp/generated/snesrecomp/bankb5_part4ac_v2.c:49:3: warning: label 'L_CACF_M0X0' defined but not used [-Wunused-label]
   49 |   L_CACF_M0X0:
      |   ^~~~~~~~~~~
D:/l4t/DKC3Recomp/generated/snesrecomp/bankb5_part4b6_v2.c: In function 'CODE_B5CB6E_M0X0':
D:/l4t/DKC3Recomp/generated/snesrecomp/bankb5_part4b6_v2.c:49:3: warning: label 'L_CB6E_M0X0' defined but not used [-Wunused-label]
   49 |   L_CB6E_M0X0:
      |   ^~~~~~~~~~~
D:/l4t/DKC3Recomp/generated/snesrecomp/bankb5_part4c2_v2.c: In function 'CODE_B5CC2D_M0X0':
D:/l4t/DKC3Recomp/generated/snesrecomp/bankb5_part4c2_v2.c:49:3: warning: label 'L_CC2D_M0X0' defined but not used [-Wunused-label]
   49 |   L_CC2D_M0X0:
      |   ^~~~~~~~~~~
D:/l4t/DKC3Recomp/generated/snesrecomp/bankb5_part4c4_v2.c: In function 'CODE_B5CC42_M0X0':
D:/l4t/DKC3Recomp/generated/snesrecomp/bankb5_part4c4_v2.c:50:3: warning: label 'L_CC42_M0X0' defined but not used [-Wunused-label]
   50 |   L_CC42_M0X0:
      |   ^~~~~~~~~~~
D:/l4t/DKC3Recomp/generated/snesrecomp/bankb5_part4c6_v2.c: In function 'kaos_skull_head_main_M0X0':
D:/l4t/DKC3Recomp/generated/snesrecomp/bankb5_part4c6_v2.c:54:3: warning: label 'L_CC65_M0X0' defined but not used [-Wunused-label]
   54 |   L_CC65_M0X0:
      |   ^~~~~~~~~~~
D:/l4t/DKC3Recomp/generated/snesrecomp/bankb5_part4c7_v2.c: In function 'CODE_B5CC7C_M0X0':
D:/l4t/DKC3Recomp/generated/snesrecomp/bankb5_part4c7_v2.c:50:3: warning: label 'L_CC7C_M0X0' defined but not used [-Wunused-label]
   50 |   L_CC7C_M0X0:
      |   ^~~~~~~~~~~
D:/l4t/DKC3Recomp/generated/snesrecomp/bankb5_part4c8_v2.c: In function 'CODE_B5CC82_M0X0':
D:/l4t/DKC3Recomp/generated/snesrecomp/bankb5_part4c8_v2.c:52:3: warning: label 'L_CC82_M0X0' defined but not used [-Wunused-label]
   52 |   L_CC82_M0X0:
      |   ^~~~~~~~~~~
D:/l4t/DKC3Recomp/generated/snesrecomp/bankb5_part4c8_v2.c: In function 'CODE_B5CC8A_M0X0':
D:/l4t/DKC3Recomp/generated/snesrecomp/bankb5_part4c8_v2.c:123:3: warning: label 'L_CC8A_M0X0' defined but not used [-Wunused-label]
  123 |   L_CC8A_M0X0:
      |   ^~~~~~~~~~~
D:/l4t/DKC3Recomp/generated/snesrecomp/bankb5_part4c_v2.c: In function 'CODE_B584C0_M0X0':
D:/l4t/DKC3Recomp/generated/snesrecomp/bankb5_part4c_v2.c:50:3: warning: label 'L_84C0_M0X0' defined but not used [-Wunused-label]
   50 |   L_84C0_M0X0:
      |   ^~~~~~~~~~~
D:/l4t/DKC3Recomp/generated/snesrecomp/bankb5_part4c_v2.c: In function 'CODE_B584CF_M0X0':
D:/l4t/DKC3Recomp/generated/snesrecomp/bankb5_part4c_v2.c:257:3: warning: label 'L_84CF_M0X0' defined but not used [-Wunused-label]
  257 |   L_84CF_M0X0:
      |   ^~~~~~~~~~~
D:/l4t/DKC3Recomp/generated/snesrecomp/bankb5_part4d1_v2.c: In function 'CODE_B5CD1C_M0X0':
D:/l4t/DKC3Recomp/generated/snesrecomp/bankb5_part4d1_v2.c:51:3: warning: label 'L_CD1C_M0X0' defined but not used [-Wunused-label]
   51 |   L_CD1C_M0X0:
      |   ^~~~~~~~~~~
D:/l4t/DKC3Recomp/generated/snesrecomp/bankb5_part4d2_v2.c: In function 'CODE_B5CD25_M0X0':
D:/l4t/DKC3Recomp/generated/snesrecomp/bankb5_part4d2_v2.c:49:3: warning: label 'L_CD25_M0X0' defined but not used [-Wunused-label]
   49 |   L_CD25_M0X0:
      |   ^~~~~~~~~~~
D:/l4t/DKC3Recomp/generated/snesrecomp/bankb5_part4de_v2.c: In function 'CODE_B5CDE5_M0X0':
D:/l4t/DKC3Recomp/generated/snesrecomp/bankb5_part4de_v2.c:49:3: warning: label 'L_CDE5_M0X0' defined but not used [-Wunused-label]
   49 |   L_CDE5_M0X0:
      |   ^~~~~~~~~~~
D:/l4t/DKC3Recomp/generated/snesrecomp/bankb5_part4e5_v2.c: In function 'CODE_B5CE52_M0X0':
D:/l4t/DKC3Recomp/generated/snesrecomp/bankb5_part4e5_v2.c:49:3: warning: label 'L_CE52_M0X0' defined but not used [-Wunused-label]
   49 |   L_CE52_M0X0:
      |   ^~~~~~~~~~~
D:/l4t/DKC3Recomp/generated/snesrecomp/bankb5_part4e8_v2.c: In function 'CODE_B5CE8E_M0X0':
D:/l4t/DKC3Recomp/generated/snesrecomp/bankb5_part4e8_v2.c:49:3: warning: label 'L_CE8E_M0X0' defined but not used [-Wunused-label]
   49 |   L_CE8E_M0X0:
      |   ^~~~~~~~~~~
D:/l4t/DKC3Recomp/generated/snesrecomp/bankb5_part4e9_v2.c: In function 'CODE_B5CE93_M0X0':
D:/l4t/DKC3Recomp/generated/snesrecomp/bankb5_part4e9_v2.c:49:3: warning: label 'L_CE93_M0X0' defined but not used [-Wunused-label]
   49 |   L_CE93_M0X0:
      |   ^~~~~~~~~~~
D:/l4t/DKC3Recomp/generated/snesrecomp/bankb5_part4e_v2.c: In function 'CODE_B584E5_M0X0':
D:/l4t/DKC3Recomp/generated/snesrecomp/bankb5_part4e_v2.c:50:3: warning: label 'L_84E5_M0X0' defined but not used [-Wunused-label]
   50 |   L_84E5_M0X0:
      |   ^~~~~~~~~~~
D:/l4t/DKC3Recomp/generated/snesrecomp/bankb5_part4eb_v2.c: In function 'kaos_cylinder_head_main_M0X0':
D:/l4t/DKC3Recomp/generated/snesrecomp/bankb5_part4eb_v2.c:51:3: warning: label 'L_CEB0_M0X0' defined but not used [-Wunused-label]
   51 |   L_CEB0_M0X0:
      |   ^~~~~~~~~~~
D:/l4t/DKC3Recomp/generated/snesrecomp/bankb5_part4ec_v2.c: In function 'CODE_B5CEC1_M0X0':
D:/l4t/DKC3Recomp/generated/snesrecomp/bankb5_part4ec_v2.c:50:3: warning: label 'L_CEC1_M0X0' defined but not used [-Wunused-label]
   50 |   L_CEC1_M0X0:
      |   ^~~~~~~~~~~
D:/l4t/DKC3Recomp/generated/snesrecomp/bankb5_part4f0_v2.c: In function 'CODE_B5CF0A_M0X0':
D:/l4t/DKC3Recomp/generated/snesrecomp/bankb5_part4f0_v2.c:50:3: warning: label 'L_CF0A_M0X0' defined but not used [-Wunused-label]
   50 |   L_CF0A_M0X0:
      |   ^~~~~~~~~~~
D:/l4t/DKC3Recomp/generated/snesrecomp/bankb5_part4f_v2.c: In function 'timer_digit_main_M0X0':
D:/l4t/DKC3Recomp/generated/snesrecomp/bankb5_part4f_v2.c:50:3: warning: label 'L_84F6_M0X0' defined but not used [-Wunused-label]
   50 |   L_84F6_M0X0:
      |   ^~~~~~~~~~~
D:/l4t/DKC3Recomp/generated/snesrecomp/bankb5_part4f_v2.c: In function 'CODE_B584F9_M0X0':
D:/l4t/DKC3Recomp/generated/snesrecomp/bankb5_part4f_v2.c:96:3: warning: label 'L_84F9_M0X0' defined but not used [-Wunused-label]
   96 |   L_84F9_M0X0:
      |   ^~~~~~~~~~~
D:/l4t/DKC3Recomp/generated/snesrecomp/bankb5_part4fa_v2.c: In function 'CODE_B5CFA2_M0X0':
D:/l4t/DKC3Recomp/generated/snesrecomp/bankb5_part4fa_v2.c:49:3: warning: label 'L_CFA2_M0X0' defined but not used [-Wunused-label]
   49 |   L_CFA2_M0X0:
      |   ^~~~~~~~~~~
D:/l4t/DKC3Recomp/generated/snesrecomp/bankb5_part4fe_v2.c: In function 'CODE_B5CFE7_M0X0':
D:/l4t/DKC3Recomp/generated/snesrecomp/bankb5_part4fe_v2.c:49:3: warning: label 'L_CFE7_M0X0' defined but not used [-Wunused-label]
   49 |   L_CFE7_M0X0:
      |   ^~~~~~~~~~~
D:/l4t/DKC3Recomp/generated/snesrecomp/bankb5_part521_v2.c: In function 'krool_main_M0X0':
D:/l4t/DKC3Recomp/generated/snesrecomp/bankb5_part521_v2.c:60:3: warning: label 'L_D210_M0X0' defined but not used [-Wunused-label]
   60 |   L_D210_M0X0:
      |   ^~~~~~~~~~~
D:/l4t/DKC3Recomp/generated/snesrecomp/bankb5_part54b_v2.c: In function 'CODE_B5D4B1_M0X0':
D:/l4t/DKC3Recomp/generated/snesrecomp/bankb5_part54b_v2.c:53:3: warning: label 'L_D4B1_M0X0' defined but not used [-Wunused-label]
   53 |   L_D4B1_M0X0:
      |   ^~~~~~~~~~~
D:/l4t/DKC3Recomp/generated/snesrecomp/bankb5_part565_v2.c: In function 'CODE_B5D651_M0X0':
D:/l4t/DKC3Recomp/generated/snesrecomp/bankb5_part565_v2.c:49:3: warning: label 'L_D651_M0X0' defined but not used [-Wunused-label]
   49 |   L_D651_M0X0:
      |   ^~~~~~~~~~~
D:/l4t/DKC3Recomp/generated/snesrecomp/bankb5_part56b_v2.c: In function 'CODE_B5D6B9_M0X0':
D:/l4t/DKC3Recomp/generated/snesrecomp/bankb5_part56b_v2.c:50:3: warning: label 'L_D6B9_M0X0' defined but not used [-Wunused-label]
   50 |   L_D6B9_M0X0:
      |   ^~~~~~~~~~~
D:/l4t/DKC3Recomp/generated/snesrecomp/bankb5_part572_v2.c: In function 'CODE_B5D721_M0X0':
D:/l4t/DKC3Recomp/generated/snesrecomp/bankb5_part572_v2.c:49:3: warning: label 'L_D721_M0X0' defined but not used [-Wunused-label]
   49 |   L_D721_M0X0:
      |   ^~~~~~~~~~~
D:/l4t/DKC3Recomp/generated/snesrecomp/bankb5_part585_v2.c: In function 'CODE_B5D856_M0X0':
D:/l4t/DKC3Recomp/generated/snesrecomp/bankb5_part585_v2.c:49:3: warning: label 'L_D856_M0X0' defined but not used [-Wunused-label]
   49 |   L_D856_M0X0:
      |   ^~~~~~~~~~~
D:/l4t/DKC3Recomp/generated/snesrecomp/bankb5_part586_v2.c: In function 'CODE_B5D86D_M0X0':
D:/l4t/DKC3Recomp/generated/snesrecomp/bankb5_part586_v2.c:50:3: warning: label 'L_D86D_M0X0' defined but not used [-Wunused-label]
   50 |   L_D86D_M0X0:
      |   ^~~~~~~~~~~
D:/l4t/DKC3Recomp/generated/snesrecomp/bankb5_part58f_v2.c: In function 'CODE_B5D8FC_M0X0':
D:/l4t/DKC3Recomp/generated/snesrecomp/bankb5_part58f_v2.c:54:3: warning: label 'L_D8FC_M0X0' defined but not used [-Wunused-label]
   54 |   L_D8FC_M0X0:
      |   ^~~~~~~~~~~
D:/l4t/DKC3Recomp/generated/snesrecomp/bankb5_part5a8_v2.c: In function 'CODE_B5DA8F_M0X0':
D:/l4t/DKC3Recomp/generated/snesrecomp/bankb5_part5a8_v2.c:49:3: warning: label 'L_DA8F_M0X0' defined but not used [-Wunused-label]
   49 |   L_DA8F_M0X0:
      |   ^~~~~~~~~~~
D:/l4t/DKC3Recomp/generated/snesrecomp/bankb5_part5ac_v2.c: In function 'CODE_B5DAC4_M0X0':
D:/l4t/DKC3Recomp/generated/snesrecomp/bankb5_part5ac_v2.c:49:3: warning: label 'L_DAC4_M0X0' defined but not used [-Wunused-label]
   49 |   L_DAC4_M0X0:
      |   ^~~~~~~~~~~
D:/l4t/DKC3Recomp/generated/snesrecomp/bankb5_part5bf_v2.c: In function 'CODE_B5DBF9_M0X0':
D:/l4t/DKC3Recomp/generated/snesrecomp/bankb5_part5bf_v2.c:51:3: warning: label 'L_DBF9_M0X0' defined but not used [-Wunused-label]
   51 |   L_DBF9_M0X0:
      |   ^~~~~~~~~~~
D:/l4t/DKC3Recomp/generated/snesrecomp/bankb5_part5d1_v2.c: In function 'CODE_B5DD10_M0X0':
D:/l4t/DKC3Recomp/generated/snesrecomp/bankb5_part5d1_v2.c:53:3: warning: label 'L_DD10_M0X0' defined but not used [-Wunused-label]
   53 |   L_DD10_M0X0:
      |   ^~~~~~~~~~~
D:/l4t/DKC3Recomp/generated/snesrecomp/bankb5_part5d4_v2.c: In function 'CODE_B5DD4D_M0X0':
D:/l4t/DKC3Recomp/generated/snesrecomp/bankb5_part5d4_v2.c:50:3: warning: label 'L_DD4D_M0X0' defined but not used [-Wunused-label]
   50 |   L_DD4D_M0X0:
      |   ^~~~~~~~~~~
D:/l4t/DKC3Recomp/generated/snesrecomp/bankb5_part5d6_v2.c: In function 'CODE_B5DD64_M0X0':
D:/l4t/DKC3Recomp/generated/snesrecomp/bankb5_part5d6_v2.c:50:3: warning: label 'L_DD64_M0X0' defined but not used [-Wunused-label]
   50 |   L_DD64_M0X0:
      |   ^~~~~~~~~~~
D:/l4t/DKC3Recomp/generated/snesrecomp/bankb5_part5d9_v2.c: In function 'CODE_B5DD92_M0X0':
D:/l4t/DKC3Recomp/generated/snesrecomp/bankb5_part5d9_v2.c:49:3: warning: label 'L_DD92_M0X0' defined but not used [-Wunused-label]
   49 |   L_DD92_M0X0:
      |   ^~~~~~~~~~~
D:/l4t/DKC3Recomp/generated/snesrecomp/bankb5_part5db_v2.c: In function 'CODE_B5DDB0_M0X0':
D:/l4t/DKC3Recomp/generated/snesrecomp/bankb5_part5db_v2.c:49:3: warning: label 'L_DDB0_M0X0' defined but not used [-Wunused-label]
   49 |   L_DDB0_M0X0:
      |   ^~~~~~~~~~~
D:/l4t/DKC3Recomp/generated/snesrecomp/bankb5_part5dc_v2.c: In function 'CODE_B5DDC8_M0X0':
D:/l4t/DKC3Recomp/generated/snesrecomp/bankb5_part5dc_v2.c:50:3: warning: label 'L_DDC8_M0X0' defined but not used [-Wunused-label]
   50 |   L_DDC8_M0X0:
      |   ^~~~~~~~~~~
D:/l4t/DKC3Recomp/generated/snesrecomp/bankb5_part5de_v2.c: In function 'CODE_B5DDE4_M0X0':
D:/l4t/DKC3Recomp/generated/snesrecomp/bankb5_part5de_v2.c:50:3: warning: label 'L_DDE4_M0X0' defined but not used [-Wunused-label]
   50 |   L_DDE4_M0X0:
      |   ^~~~~~~~~~~
D:/l4t/DKC3Recomp/generated/snesrecomp/bankb5_part5e0_v2.c: In function 'CODE_B5DE08_M0X0':
D:/l4t/DKC3Recomp/generated/snesrecomp/bankb5_part5e0_v2.c:50:3: warning: label 'L_DE08_M0X0' defined but not used [-Wunused-label]
   50 |   L_DE08_M0X0:
      |   ^~~~~~~~~~~
D:/l4t/DKC3Recomp/generated/snesrecomp/bankb5_part5e2_v2.c: In function 'CODE_B5DE23_M0X0':
D:/l4t/DKC3Recomp/generated/snesrecomp/bankb5_part5e2_v2.c:49:3: warning: label 'L_DE23_M0X0' defined but not used [-Wunused-label]
   49 |   L_DE23_M0X0:
      |   ^~~~~~~~~~~
D:/l4t/DKC3Recomp/generated/snesrecomp/bankb5_part5e4_v2.c: In function 'CODE_B5DE4E_M0X0':
D:/l4t/DKC3Recomp/generated/snesrecomp/bankb5_part5e4_v2.c:50:3: warning: label 'L_DE4E_M0X0' defined but not used [-Wunused-label]
   50 |   L_DE4E_M0X0:
      |   ^~~~~~~~~~~
D:/l4t/DKC3Recomp/generated/snesrecomp/bankb5_part5e9_v2.c: In function 'CODE_B5DE92_M0X0':
D:/l4t/DKC3Recomp/generated/snesrecomp/bankb5_part5e9_v2.c:49:3: warning: label 'L_DE92_M0X0' defined but not used [-Wunused-label]
   49 |   L_DE92_M0X0:
      |   ^~~~~~~~~~~
D:/l4t/DKC3Recomp/generated/snesrecomp/bankb5_part5f8_v2.c: In function 'CODE_B5DF8E_M0X0':
D:/l4t/DKC3Recomp/generated/snesrecomp/bankb5_part5f8_v2.c:50:3: warning: label 'L_DF8E_M0X0' defined but not used [-Wunused-label]
   50 |   L_DF8E_M0X0:
      |   ^~~~~~~~~~~
D:/l4t/DKC3Recomp/generated/snesrecomp/bankb5_part5ff_v2.c: In function 'CODE_B5DFF4_M0X0':
D:/l4t/DKC3Recomp/generated/snesrecomp/bankb5_part5ff_v2.c:50:3: warning: label 'L_DFF4_M0X0' defined but not used [-Wunused-label]
   50 |   L_DFF4_M0X0:
      |   ^~~~~~~~~~~
D:/l4t/DKC3Recomp/generated/snesrecomp/bankb5_part600_v2.c: In function 'CODE_B5E009_M0X0':
D:/l4t/DKC3Recomp/generated/snesrecomp/bankb5_part600_v2.c:49:3: warning: label 'L_E009_M0X0' defined but not used [-Wunused-label]
   49 |   L_E009_M0X0:
      |   ^~~~~~~~~~~
D:/l4t/DKC3Recomp/generated/snesrecomp/bankb5_part601_v2.c: In function 'CODE_B5E011_M0X0':
D:/l4t/DKC3Recomp/generated/snesrecomp/bankb5_part601_v2.c:49:3: warning: label 'L_E011_M0X0' defined but not used [-Wunused-label]
   49 |   L_E011_M0X0:
      |   ^~~~~~~~~~~
D:/l4t/DKC3Recomp/generated/snesrecomp/bankb5_part61d_v2.c: In function 'CODE_B5E1DE_M0X0':
D:/l4t/DKC3Recomp/generated/snesrecomp/bankb5_part61d_v2.c:49:3: warning: label 'L_E1DE_M0X0' defined but not used [-Wunused-label]
   49 |   L_E1DE_M0X0:
      |   ^~~~~~~~~~~
D:/l4t/DKC3Recomp/generated/snesrecomp/bankb5_part61e_v2.c: In function 'CODE_B5E1EB_M0X0':
D:/l4t/DKC3Recomp/generated/snesrecomp/bankb5_part61e_v2.c:49:3: warning: label 'L_E1EB_M0X0' defined but not used [-Wunused-label]
   49 |   L_E1EB_M0X0:
      |   ^~~~~~~~~~~
D:/l4t/DKC3Recomp/generated/snesrecomp/bankb5_part622_v2.c: In function 'CODE_B5E22B_M0X0':
D:/l4t/DKC3Recomp/generated/snesrecomp/bankb5_part622_v2.c:51:3: warning: label 'L_E22B_M0X0' defined but not used [-Wunused-label]
   51 |   L_E22B_M0X0:
      |   ^~~~~~~~~~~
D:/l4t/DKC3Recomp/generated/snesrecomp/bankb5_part622_v2.c: In function 'CODE_B5E22C_M0X0':
D:/l4t/DKC3Recomp/generated/snesrecomp/bankb5_part622_v2.c:150:3: warning: label 'L_E22C_M0X0' defined but not used [-Wunused-label]
  150 |   L_E22C_M0X0:
      |   ^~~~~~~~~~~
D:/l4t/DKC3Recomp/generated/snesrecomp/bankb5_part625_v2.c: In function 'CODE_B5E255_M0X0':
D:/l4t/DKC3Recomp/generated/snesrecomp/bankb5_part625_v2.c:51:3: warning: label 'L_E255_M0X0' defined but not used [-Wunused-label]
   51 |   L_E255_M0X0:
      |   ^~~~~~~~~~~
D:/l4t/DKC3Recomp/generated/snesrecomp/bankb5_part627_v2.c: In function 'CODE_B5E27E_M0X0':
D:/l4t/DKC3Recomp/generated/snesrecomp/bankb5_part627_v2.c:52:3: warning: label 'L_E27E_M0X0' defined but not used [-Wunused-label]
   52 |   L_E27E_M0X0:
      |   ^~~~~~~~~~~
D:/l4t/DKC3Recomp/generated/snesrecomp/bankb5_part629_v2.c: In function 'CODE_B5E292_M0X0':
D:/l4t/DKC3Recomp/generated/snesrecomp/bankb5_part629_v2.c:52:3: warning: label 'L_E292_M0X0' defined but not used [-Wunused-label]
   52 |   L_E292_M0X0:
      |   ^~~~~~~~~~~
D:/l4t/DKC3Recomp/generated/snesrecomp/bankb5_part631_v2.c: In function 'CODE_B5E315_M0X0':
D:/l4t/DKC3Recomp/generated/snesrecomp/bankb5_part631_v2.c:49:3: warning: label 'L_E315_M0X0' defined but not used [-Wunused-label]
   49 |   L_E315_M0X0:
      |   ^~~~~~~~~~~
D:/l4t/DKC3Recomp/generated/snesrecomp/bankb5_part63a_v2.c: In function 'CODE_B5E3AD_M0X0':
D:/l4t/DKC3Recomp/generated/snesrecomp/bankb5_part63a_v2.c:49:3: warning: label 'L_E3AD_M0X0' defined but not used [-Wunused-label]
   49 |   L_E3AD_M0X0:
      |   ^~~~~~~~~~~
D:/l4t/DKC3Recomp/generated/snesrecomp/bankb5_part63b_v2.c: In function 'CODE_B5E3B8_M0X0':
D:/l4t/DKC3Recomp/generated/snesrecomp/bankb5_part63b_v2.c:49:3: warning: label 'L_E3B8_M0X0' defined but not used [-Wunused-label]
   49 |   L_E3B8_M0X0:
      |   ^~~~~~~~~~~
D:/l4t/DKC3Recomp/generated/snesrecomp/bankb5_part640_v2.c: In function 'CODE_B5E40B_M0X0':
D:/l4t/DKC3Recomp/generated/snesrecomp/bankb5_part640_v2.c:49:3: warning: label 'L_E40B_M0X0' defined but not used [-Wunused-label]
   49 |   L_E40B_M0X0:
      |   ^~~~~~~~~~~
D:/l4t/DKC3Recomp/generated/snesrecomp/bankb5_part64e_v2.c: In function 'CODE_B5E4E5_M0X0':
D:/l4t/DKC3Recomp/generated/snesrecomp/bankb5_part64e_v2.c:53:3: warning: label 'L_E4E5_M0X0' defined but not used [-Wunused-label]
   53 |   L_E4E5_M0X0:
      |   ^~~~~~~~~~~
D:/l4t/DKC3Recomp/generated/snesrecomp/bankb5_part64f_v2.c: In function 'CODE_B5E4F3_M0X0':
D:/l4t/DKC3Recomp/generated/snesrecomp/bankb5_part64f_v2.c:49:3: warning: label 'L_E4F3_M0X0' defined but not used [-Wunused-label]
   49 |   L_E4F3_M0X0:
      |   ^~~~~~~~~~~
D:/l4t/DKC3Recomp/generated/snesrecomp/bankb5_part650_v2.c: In function 'CODE_B5E50A_M0X0':
D:/l4t/DKC3Recomp/generated/snesrecomp/bankb5_part650_v2.c:50:3: warning: label 'L_E50A_M0X0' defined but not used [-Wunused-label]
   50 |   L_E50A_M0X0:
      |   ^~~~~~~~~~~
D:/l4t/DKC3Recomp/generated/snesrecomp/bankb5_part652_v2.c: In function 'CODE_B5E520_M0X0':
D:/l4t/DKC3Recomp/generated/snesrecomp/bankb5_part652_v2.c:53:3: warning: label 'L_E520_M0X0' defined but not used [-Wunused-label]
   53 |   L_E520_M0X0:
      |   ^~~~~~~~~~~
D:/l4t/DKC3Recomp/generated/snesrecomp/bankb5_part655_v2.c: In function 'CODE_B5E557_M0X0':
D:/l4t/DKC3Recomp/generated/snesrecomp/bankb5_part655_v2.c:50:3: warning: label 'L_E557_M0X0' defined but not used [-Wunused-label]
   50 |   L_E557_M0X0:
      |   ^~~~~~~~~~~
D:/l4t/DKC3Recomp/generated/snesrecomp/bankb5_part657_v2.c: In function 'CODE_B5E574_M0X0':
D:/l4t/DKC3Recomp/generated/snesrecomp/bankb5_part657_v2.c:49:3: warning: label 'L_E574_M0X0' defined but not used [-Wunused-label]
   49 |   L_E574_M0X0:
      |   ^~~~~~~~~~~
D:/l4t/DKC3Recomp/generated/snesrecomp/bankb5_part658_v2.c: In function 'CODE_B5E588_M0X0':
D:/l4t/DKC3Recomp/generated/snesrecomp/bankb5_part658_v2.c:53:3: warning: label 'L_E588_M0X0' defined but not used [-Wunused-label]
   53 |   L_E588_M0X0:
      |   ^~~~~~~~~~~
D:/l4t/DKC3Recomp/generated/snesrecomp/bankb5_part659_v2.c: In function 'CODE_B5E59E_M0X0':
D:/l4t/DKC3Recomp/generated/snesrecomp/bankb5_part659_v2.c:50:3: warning: label 'L_E59E_M0X0' defined but not used [-Wunused-label]
   50 |   L_E59E_M0X0:
      |   ^~~~~~~~~~~
D:/l4t/DKC3Recomp/generated/snesrecomp/bankb5_part666_v2.c: In function 'CODE_B5E662_M0X0':
D:/l4t/DKC3Recomp/generated/snesrecomp/bankb5_part666_v2.c:49:3: warning: label 'L_E662_M0X0' defined but not used [-Wunused-label]
   49 |   L_E662_M0X0:
      |   ^~~~~~~~~~~
D:/l4t/DKC3Recomp/generated/snesrecomp/bankb5_part667_v2.c: In function 'CODE_B5E677_M0X0':
D:/l4t/DKC3Recomp/generated/snesrecomp/bankb5_part667_v2.c:51:3: warning: label 'L_E677_M0X0' defined but not used [-Wunused-label]
   51 |   L_E677_M0X0:
      |   ^~~~~~~~~~~
D:/l4t/DKC3Recomp/generated/snesrecomp/bankb5_part668_v2.c: In function 'CODE_B5E689_M0X0':
D:/l4t/DKC3Recomp/generated/snesrecomp/bankb5_part668_v2.c:50:3: warning: label 'L_E689_M0X0' defined but not used [-Wunused-label]
   50 |   L_E689_M0X0:
      |   ^~~~~~~~~~~
D:/l4t/DKC3Recomp/generated/snesrecomp/bankb5_part67a_v2.c: In function 'CODE_B5E7AB_M0X0':
D:/l4t/DKC3Recomp/generated/snesrecomp/bankb5_part67a_v2.c:49:3: warning: label 'L_E7AB_M0X0' defined but not used [-Wunused-label]
   49 |   L_E7AB_M0X0:
      |   ^~~~~~~~~~~
D:/l4t/DKC3Recomp/generated/snesrecomp/bankb5_part67c_v2.c: In function 'CODE_B5E7CC_M0X0':
D:/l4t/DKC3Recomp/generated/snesrecomp/bankb5_part67c_v2.c:53:3: warning: label 'L_E7CC_M0X0' defined but not used [-Wunused-label]
   53 |   L_E7CC_M0X0:
      |   ^~~~~~~~~~~
D:/l4t/DKC3Recomp/generated/snesrecomp/bankb5_part67d_v2.c: In function 'CODE_B5E7DC_M0X0':
D:/l4t/DKC3Recomp/generated/snesrecomp/bankb5_part67d_v2.c:50:3: warning: label 'L_E7DC_M0X0' defined but not used [-Wunused-label]
   50 |   L_E7DC_M0X0:
      |   ^~~~~~~~~~~
D:/l4t/DKC3Recomp/generated/snesrecomp/bankb5_part67f_v2.c: In function 'CODE_B5E7FD_M0X0':
D:/l4t/DKC3Recomp/generated/snesrecomp/bankb5_part67f_v2.c:50:3: warning: label 'L_E7FD_M0X0' defined but not used [-Wunused-label]
   50 |   L_E7FD_M0X0:
      |   ^~~~~~~~~~~
D:/l4t/DKC3Recomp/generated/snesrecomp/bankb5_part681_v2.c: In function 'CODE_B5E816_M0X0':
D:/l4t/DKC3Recomp/generated/snesrecomp/bankb5_part681_v2.c:56:3: warning: label 'L_E816_M0X0' defined but not used [-Wunused-label]
   56 |   L_E816_M0X0:
      |   ^~~~~~~~~~~
D:/l4t/DKC3Recomp/generated/snesrecomp/bankb5_part681_v2.c: In function 'CODE_B5E81D_M0X0':
D:/l4t/DKC3Recomp/generated/snesrecomp/bankb5_part681_v2.c:159:3: warning: label 'L_E81D_M0X0' defined but not used [-Wunused-label]
  159 |   L_E81D_M0X0:
      |   ^~~~~~~~~~~
D:/l4t/DKC3Recomp/generated/snesrecomp/bankb5_part682_v2.c: In function 'CODE_B5E82F_M0X0':
D:/l4t/DKC3Recomp/generated/snesrecomp/bankb5_part682_v2.c:49:3: warning: label 'L_E82F_M0X0' defined but not used [-Wunused-label]
   49 |   L_E82F_M0X0:
      |   ^~~~~~~~~~~
D:/l4t/DKC3Recomp/generated/snesrecomp/bankb5_part683_v2.c: In function 'CODE_B5E839_M0X0':
D:/l4t/DKC3Recomp/generated/snesrecomp/bankb5_part683_v2.c:50:3: warning: label 'L_E839_M0X0' defined but not used [-Wunused-label]
   50 |   L_E839_M0X0:
      |   ^~~~~~~~~~~
D:/l4t/DKC3Recomp/generated/snesrecomp/bankb5_part684_v2.c: In function 'CODE_B5E845_M0X0':
D:/l4t/DKC3Recomp/generated/snesrecomp/bankb5_part684_v2.c:53:3: warning: label 'L_E845_M0X0' defined but not used [-Wunused-label]
   53 |   L_E845_M0X0:
      |   ^~~~~~~~~~~
D:/l4t/DKC3Recomp/generated/snesrecomp/bankb5_part687_v2.c: In function 'CODE_B5E87C_M0X0':
D:/l4t/DKC3Recomp/generated/snesrecomp/bankb5_part687_v2.c:49:3: warning: label 'L_E87C_M0X0' defined but not used [-Wunused-label]
   49 |   L_E87C_M0X0:
      |   ^~~~~~~~~~~
D:/l4t/DKC3Recomp/generated/snesrecomp/bankb5_part688_v2.c: In function 'CODE_B5E886_M0X0':
D:/l4t/DKC3Recomp/generated/snesrecomp/bankb5_part688_v2.c:50:3: warning: label 'L_E886_M0X0' defined but not used [-Wunused-label]
   50 |   L_E886_M0X0:
      |   ^~~~~~~~~~~
D:/l4t/DKC3Recomp/generated/snesrecomp/bankb5_part689_v2.c: In function 'CODE_B5E898_M0X0':
D:/l4t/DKC3Recomp/generated/snesrecomp/bankb5_part689_v2.c:52:3: warning: label 'L_E898_M0X0' defined but not used [-Wunused-label]
   52 |   L_E898_M0X0:
      |   ^~~~~~~~~~~
D:/l4t/DKC3Recomp/generated/snesrecomp/bankb5_part68_v2.c: In function 'CODE_B58688_M0X0':
D:/l4t/DKC3Recomp/generated/snesrecomp/bankb5_part68_v2.c:49:3: warning: label 'L_8688_M0X0' defined but not used [-Wunused-label]
   49 |   L_8688_M0X0:
      |   ^~~~~~~~~~~
D:/l4t/DKC3Recomp/generated/snesrecomp/bankb5_part68c_v2.c: In function 'CODE_B5E8CD_M0X0':
D:/l4t/DKC3Recomp/generated/snesrecomp/bankb5_part68c_v2.c:54:3: warning: label 'L_E8CD_M0X0' defined but not used [-Wunused-label]
   54 |   L_E8CD_M0X0:
      |   ^~~~~~~~~~~
D:/l4t/DKC3Recomp/generated/snesrecomp/bankb5_part691_v2.c: In function 'CODE_B5E911_M0X0':
D:/l4t/DKC3Recomp/generated/snesrecomp/bankb5_part691_v2.c:50:3: warning: label 'L_E911_M0X0' defined but not used [-Wunused-label]
   50 |   L_E911_M0X0:
      |   ^~~~~~~~~~~
D:/l4t/DKC3Recomp/generated/snesrecomp/bankb5_part692_v2.c: In function 'CODE_B5E924_M0X0':
D:/l4t/DKC3Recomp/generated/snesrecomp/bankb5_part692_v2.c:52:3: warning: label 'L_E924_M0X0' defined but not used [-Wunused-label]
   52 |   L_E924_M0X0:
      |   ^~~~~~~~~~~
D:/l4t/DKC3Recomp/generated/snesrecomp/bankb5_part694_v2.c: In function 'CODE_B5E944_M0X0':
D:/l4t/DKC3Recomp/generated/snesrecomp/bankb5_part694_v2.c:52:3: warning: label 'L_E944_M0X0' defined but not used [-Wunused-label]
   52 |   L_E944_M0X0:
      |   ^~~~~~~~~~~
D:/l4t/DKC3Recomp/generated/snesrecomp/bankb5_part695_v2.c: In function 'CODE_B5E958_M0X0':
D:/l4t/DKC3Recomp/generated/snesrecomp/bankb5_part695_v2.c:51:3: warning: label 'L_E958_M0X0' defined but not used [-Wunused-label]
   51 |   L_E958_M0X0:
      |   ^~~~~~~~~~~
D:/l4t/DKC3Recomp/generated/snesrecomp/bankb5_part698_v2.c: In function 'CODE_B5E98A_M0X0':
D:/l4t/DKC3Recomp/generated/snesrecomp/bankb5_part698_v2.c:50:3: warning: label 'L_E98A_M0X0' defined but not used [-Wunused-label]
   50 |   L_E98A_M0X0:
      |   ^~~~~~~~~~~
D:/l4t/DKC3Recomp/generated/snesrecomp/bankb5_part6a6_v2.c: In function 'CODE_B5EA60_M0X0':
D:/l4t/DKC3Recomp/generated/snesrecomp/bankb5_part6a6_v2.c:49:3: warning: label 'L_EA60_M0X0' defined but not used [-Wunused-label]
   49 |   L_EA60_M0X0:
      |   ^~~~~~~~~~~
D:/l4t/DKC3Recomp/generated/snesrecomp/bankb5_part6bd_v2.c: In function 'CODE_B5EBD0_M0X0':
D:/l4t/DKC3Recomp/generated/snesrecomp/bankb5_part6bd_v2.c:51:3: warning: label 'L_EBD0_M0X0' defined but not used [-Wunused-label]
   51 |   L_EBD0_M0X0:
      |   ^~~~~~~~~~~
D:/l4t/DKC3Recomp/generated/snesrecomp/bankb5_part6bd_v2.c: In function 'CODE_B5EBDD_M0X0':
D:/l4t/DKC3Recomp/generated/snesrecomp/bankb5_part6bd_v2.c:200:3: warning: label 'L_EBDD_M0X0' defined but not used [-Wunused-label]
  200 |   L_EBDD_M0X0:
      |   ^~~~~~~~~~~
D:/l4t/DKC3Recomp/generated/snesrecomp/bankb5_part6eb_v2.c: In function 'CODE_B5EEBA_M0X0':
D:/l4t/DKC3Recomp/generated/snesrecomp/bankb5_part6eb_v2.c:49:3: warning: label 'L_EEBA_M0X0' defined but not used [-Wunused-label]
   49 |   L_EEBA_M0X0:
      |   ^~~~~~~~~~~
D:/l4t/DKC3Recomp/generated/snesrecomp/bankb5_part6f0_v2.c: In function 'CODE_B5EF0A_M0X0':
D:/l4t/DKC3Recomp/generated/snesrecomp/bankb5_part6f0_v2.c:49:3: warning: label 'L_EF0A_M0X0' defined but not used [-Wunused-label]
   49 |   L_EF0A_M0X0:
      |   ^~~~~~~~~~~
D:/l4t/DKC3Recomp/generated/snesrecomp/bankb5_part6f1_v2.c: In function 'CODE_B5EF19_M0X0':
D:/l4t/DKC3Recomp/generated/snesrecomp/bankb5_part6f1_v2.c:49:3: warning: label 'L_EF19_M0X0' defined but not used [-Wunused-label]
   49 |   L_EF19_M0X0:
      |   ^~~~~~~~~~~
D:/l4t/DKC3Recomp/generated/snesrecomp/bankb5_part6f2_v2.c: In function 'CODE_B5EF28_M0X0':
D:/l4t/DKC3Recomp/generated/snesrecomp/bankb5_part6f2_v2.c:50:3: warning: label 'L_EF28_M0X0' defined but not used [-Wunused-label]
   50 |   L_EF28_M0X0:
      |   ^~~~~~~~~~~
D:/l4t/DKC3Recomp/generated/snesrecomp/bankb5_part6f3_v2.c: In function 'CODE_B5EF34_M0X0':
D:/l4t/DKC3Recomp/generated/snesrecomp/bankb5_part6f3_v2.c:49:3: warning: label 'L_EF34_M0X0' defined but not used [-Wunused-label]
   49 |   L_EF34_M0X0:
      |   ^~~~~~~~~~~
D:/l4t/DKC3Recomp/generated/snesrecomp/bankb5_part6fc_v2.c: In function 'CODE_B5EFC3_M0X0':
D:/l4t/DKC3Recomp/generated/snesrecomp/bankb5_part6fc_v2.c:49:3: warning: label 'L_EFC3_M0X0' defined but not used [-Wunused-label]
   49 |   L_EFC3_M0X0:
      |   ^~~~~~~~~~~
D:/l4t/DKC3Recomp/generated/snesrecomp/bankb5_part6ff_v2.c: In function 'CODE_B5EFF4_M0X0':
D:/l4t/DKC3Recomp/generated/snesrecomp/bankb5_part6ff_v2.c:49:3: warning: label 'L_EFF4_M0X0' defined but not used [-Wunused-label]
   49 |   L_EFF4_M0X0:
      |   ^~~~~~~~~~~
D:/l4t/DKC3Recomp/generated/snesrecomp/bankb5_part704_v2.c: In function 'CODE_B5F040_M0X0':
D:/l4t/DKC3Recomp/generated/snesrecomp/bankb5_part704_v2.c:49:3: warning: label 'L_F040_M0X0' defined but not used [-Wunused-label]
   49 |   L_F040_M0X0:
      |   ^~~~~~~~~~~
D:/l4t/DKC3Recomp/generated/snesrecomp/bankb5_part70a_v2.c: In function 'CODE_B5F0A6_M0X0':
D:/l4t/DKC3Recomp/generated/snesrecomp/bankb5_part70a_v2.c:49:3: warning: label 'L_F0A6_M0X0' defined but not used [-Wunused-label]
   49 |   L_F0A6_M0X0:
      |   ^~~~~~~~~~~
D:/l4t/DKC3Recomp/generated/snesrecomp/bankb5_part70c_v2.c: In function 'CODE_B5F0C6_M0X0':
D:/l4t/DKC3Recomp/generated/snesrecomp/bankb5_part70c_v2.c:49:3: warning: label 'L_F0C6_M0X0' defined but not used [-Wunused-label]
   49 |   L_F0C6_M0X0:
      |   ^~~~~~~~~~~
D:/l4t/DKC3Recomp/generated/snesrecomp/bankb5_part70e_v2.c: In function 'CODE_B5F0E0_M0X0':
D:/l4t/DKC3Recomp/generated/snesrecomp/bankb5_part70e_v2.c:50:3: warning: label 'L_F0E0_M0X0' defined but not used [-Wunused-label]
   50 |   L_F0E0_M0X0:
      |   ^~~~~~~~~~~
D:/l4t/DKC3Recomp/generated/snesrecomp/bankb5_part70f_v2.c: In function 'CODE_B5F0F0_M0X0':
D:/l4t/DKC3Recomp/generated/snesrecomp/bankb5_part70f_v2.c:52:3: warning: label 'L_F0F0_M0X0' defined but not used [-Wunused-label]
   52 |   L_F0F0_M0X0:
      |   ^~~~~~~~~~~
D:/l4t/DKC3Recomp/generated/snesrecomp/bankb5_part70f_v2.c: In function 'CODE_B5F0FB_M0X0':
D:/l4t/DKC3Recomp/generated/snesrecomp/bankb5_part70f_v2.c:161:3: warning: label 'L_F0FB_M0X0' defined but not used [-Wunused-label]
  161 |   L_F0FB_M0X0:
      |   ^~~~~~~~~~~
D:/l4t/DKC3Recomp/generated/snesrecomp/bankb5_part717_v2.c: In function 'stall_cpu_time_direct_M0X0':
D:/l4t/DKC3Recomp/generated/snesrecomp/bankb5_part717_v2.c:50:3: warning: label 'L_F17E_M0X0' defined but not used [-Wunused-label]
   50 |   L_F17E_M0X0:
      |   ^~~~~~~~~~~
D:/l4t/DKC3Recomp/generated/snesrecomp/bankb5_part718_v2.c: In function 'CODE_B5F182_M0X0':
D:/l4t/DKC3Recomp/generated/snesrecomp/bankb5_part718_v2.c:49:3: warning: label 'L_F182_M0X0' defined but not used [-Wunused-label]
   49 |   L_F182_M0X0:
      |   ^~~~~~~~~~~
D:/l4t/DKC3Recomp/generated/snesrecomp/bankb5_part71a_v2.c: In function 'CODE_B5F1AC_M0X0':
D:/l4t/DKC3Recomp/generated/snesrecomp/bankb5_part71a_v2.c:49:3: warning: label 'L_F1AC_M0X0' defined but not used [-Wunused-label]
   49 |   L_F1AC_M0X0:
      |   ^~~~~~~~~~~
D:/l4t/DKC3Recomp/generated/snesrecomp/bankb5_part71b_v2.c: In function 'CODE_B5F1B2_M0X0':
D:/l4t/DKC3Recomp/generated/snesrecomp/bankb5_part71b_v2.c:50:3: warning: label 'L_F1B2_M0X0' defined but not used [-Wunused-label]
   50 |   L_F1B2_M0X0:
      |   ^~~~~~~~~~~
D:/l4t/DKC3Recomp/generated/snesrecomp/bankb5_part71b_v2.c: In function 'CODE_B5F1BF_M0X0':
D:/l4t/DKC3Recomp/generated/snesrecomp/bankb5_part71b_v2.c:246:3: warning: label 'L_F1BF_M0X0' defined but not used [-Wunused-label]
  246 |   L_F1BF_M0X0:
      |   ^~~~~~~~~~~
D:/l4t/DKC3Recomp/generated/snesrecomp/bankb5_part71e_v2.c: In function 'CODE_B5F1E4_M0X0':
D:/l4t/DKC3Recomp/generated/snesrecomp/bankb5_part71e_v2.c:49:3: warning: label 'L_F1E4_M0X0' defined but not used [-Wunused-label]
   49 |   L_F1E4_M0X0:
      |   ^~~~~~~~~~~
D:/l4t/DKC3Recomp/generated/snesrecomp/bankb5_part71f_v2.c: In function 'CODE_B5F1F8_M0X0':
D:/l4t/DKC3Recomp/generated/snesrecomp/bankb5_part71f_v2.c:49:3: warning: label 'L_F1F8_M0X0' defined but not used [-Wunused-label]
   49 |   L_F1F8_M0X0:
      |   ^~~~~~~~~~~
D:/l4t/DKC3Recomp/generated/snesrecomp/bankb5_part72b_v2.c: In function 'CODE_B5F2B9_M0X0':
D:/l4t/DKC3Recomp/generated/snesrecomp/bankb5_part72b_v2.c:51:3: warning: label 'L_F2B9_M0X0' defined but not used [-Wunused-label]
   51 |   L_F2B9_M0X0:
      |   ^~~~~~~~~~~
D:/l4t/DKC3Recomp/generated/snesrecomp/bankb5_part72f_v2.c: In function 'CODE_B5F2F6_M0X0':
D:/l4t/DKC3Recomp/generated/snesrecomp/bankb5_part72f_v2.c:49:3: warning: label 'L_F2F6_M0X0' defined but not used [-Wunused-label]
   49 |   L_F2F6_M0X0:
      |   ^~~~~~~~~~~
D:/l4t/DKC3Recomp/generated/snesrecomp/bankb5_part730_v2.c: In function 'CODE_B5F30C_M0X0':
D:/l4t/DKC3Recomp/generated/snesrecomp/bankb5_part730_v2.c:49:3: warning: label 'L_F30C_M0X0' defined but not used [-Wunused-label]
   49 |   L_F30C_M0X0:
      |   ^~~~~~~~~~~
D:/l4t/DKC3Recomp/generated/snesrecomp/bankb5_part731_v2.c: In function 'CODE_B5F314_M0X0':
D:/l4t/DKC3Recomp/generated/snesrecomp/bankb5_part731_v2.c:49:3: warning: label 'L_F314_M0X0' defined but not used [-Wunused-label]
   49 |   L_F314_M0X0:
      |   ^~~~~~~~~~~
D:/l4t/DKC3Recomp/generated/snesrecomp/bankb5_part735_v2.c: In function 'CODE_B5F358_M0X0':
D:/l4t/DKC3Recomp/generated/snesrecomp/bankb5_part735_v2.c:72:3: warning: label 'L_F358_M0X0' defined but not used [-Wunused-label]
   72 |   L_F358_M0X0:
      |   ^~~~~~~~~~~
D:/l4t/DKC3Recomp/generated/snesrecomp/bankb5_part73b_v2.c: In function 'CODE_B5F3BD_M0X0':
D:/l4t/DKC3Recomp/generated/snesrecomp/bankb5_part73b_v2.c:49:3: warning: label 'L_F3BD_M0X0' defined but not used [-Wunused-label]
   49 |   L_F3BD_M0X0:
      |   ^~~~~~~~~~~
D:/l4t/DKC3Recomp/generated/snesrecomp/bankb5_part74c_v2.c: In function 'CODE_B5F4C2_M0X0':
D:/l4t/DKC3Recomp/generated/snesrecomp/bankb5_part74c_v2.c:51:3: warning: label 'L_F4C2_M0X0' defined but not used [-Wunused-label]
   51 |   L_F4C2_M0X0:
      |   ^~~~~~~~~~~
D:/l4t/DKC3Recomp/generated/snesrecomp/bankb5_part755_v2.c: In function 'CODE_B5F557_M0X0':
D:/l4t/DKC3Recomp/generated/snesrecomp/bankb5_part755_v2.c:49:3: warning: label 'L_F557_M0X0' defined but not used [-Wunused-label]
   49 |   L_F557_M0X0:
      |   ^~~~~~~~~~~
D:/l4t/DKC3Recomp/generated/snesrecomp/bankb5_part75_v2.c: In function 'target_spawner_main_M0X0':
D:/l4t/DKC3Recomp/generated/snesrecomp/bankb5_part75_v2.c:53:3: warning: label 'L_875F_M0X0' defined but not used [-Wunused-label]
   53 |   L_875F_M0X0:
      |   ^~~~~~~~~~~
D:/l4t/DKC3Recomp/generated/snesrecomp/bankb5_part765_v2.c: In function 'CODE_B5F65E_M0X0':
D:/l4t/DKC3Recomp/generated/snesrecomp/bankb5_part765_v2.c:49:3: warning: label 'L_F65E_M0X0' defined but not used [-Wunused-label]
   49 |   L_F65E_M0X0:
      |   ^~~~~~~~~~~
D:/l4t/DKC3Recomp/generated/snesrecomp/bankb5_part767_v2.c: In function 'CODE_B5F676_M0X0':
D:/l4t/DKC3Recomp/generated/snesrecomp/bankb5_part767_v2.c:50:3: warning: label 'L_F676_M0X0' defined but not used [-Wunused-label]
   50 |   L_F676_M0X0:
      |   ^~~~~~~~~~~
D:/l4t/DKC3Recomp/generated/snesrecomp/bankb5_part770_v2.c: In function 'CODE_B5F70E_M0X0':
D:/l4t/DKC3Recomp/generated/snesrecomp/bankb5_part770_v2.c:50:3: warning: label 'L_F70E_M0X0' defined but not used [-Wunused-label]
   50 |   L_F70E_M0X0:
      |   ^~~~~~~~~~~
D:/l4t/DKC3Recomp/generated/snesrecomp/bankb5_part772_v2.c: In function 'CODE_B5F72C_M0X0':
D:/l4t/DKC3Recomp/generated/snesrecomp/bankb5_part772_v2.c:49:3: warning: label 'L_F72C_M0X0' defined but not used [-Wunused-label]
   49 |   L_F72C_M0X0:
      |   ^~~~~~~~~~~
D:/l4t/DKC3Recomp/generated/snesrecomp/bankb5_part77_v2.c: In function 'CODE_B58770_M0X0':
D:/l4t/DKC3Recomp/generated/snesrecomp/bankb5_part77_v2.c:52:3: warning: label 'L_8770_M0X0' defined but not used [-Wunused-label]
   52 |   L_8770_M0X0:
      |   ^~~~~~~~~~~
D:/l4t/DKC3Recomp/generated/snesrecomp/bankb5_part77f_v2.c: In function 'CODE_B5F7F9_M0X0':
D:/l4t/DKC3Recomp/generated/snesrecomp/bankb5_part77f_v2.c:49:3: warning: label 'L_F7F9_M0X0' defined but not used [-Wunused-label]
   49 |   L_F7F9_M0X0:
      |   ^~~~~~~~~~~
D:/l4t/DKC3Recomp/generated/snesrecomp/bankb5_part799_v2.c: In function 'CODE_B5F993_M0X0':
D:/l4t/DKC3Recomp/generated/snesrecomp/bankb5_part799_v2.c:49:3: warning: label 'L_F993_M0X0' defined but not used [-Wunused-label]
   49 |   L_F993_M0X0:
      |   ^~~~~~~~~~~
D:/l4t/DKC3Recomp/generated/snesrecomp/bankb5_part79_v2.c: In function 'CODE_B58790_M0X0':
D:/l4t/DKC3Recomp/generated/snesrecomp/bankb5_part79_v2.c:56:3: warning: label 'L_8790_M0X0' defined but not used [-Wunused-label]
   56 |   L_8790_M0X0:
      |   ^~~~~~~~~~~
D:/l4t/DKC3Recomp/generated/snesrecomp/bankb5_part7a8_v2.c: In function 'CODE_B5FA89_M0X0':
D:/l4t/DKC3Recomp/generated/snesrecomp/bankb5_part7a8_v2.c:50:3: warning: label 'L_FA89_M0X0' defined but not used [-Wunused-label]
   50 |   L_FA89_M0X0:
      |   ^~~~~~~~~~~
D:/l4t/DKC3Recomp/generated/snesrecomp/bankb5_part7a8_v2.c: In function 'CODE_B5FA8D_M0X0':
D:/l4t/DKC3Recomp/generated/snesrecomp/bankb5_part7a8_v2.c:157:3: warning: label 'L_FA8D_M0X0' defined but not used [-Wunused-label]
  157 |   L_FA8D_M0X0:
      |   ^~~~~~~~~~~
D:/l4t/DKC3Recomp/generated/snesrecomp/bankb5_part7b1_v2.c: In function 'CODE_B5FB18_M0X0':
D:/l4t/DKC3Recomp/generated/snesrecomp/bankb5_part7b1_v2.c:51:3: warning: label 'L_FB18_M0X0' defined but not used [-Wunused-label]
   51 |   L_FB18_M0X0:
      |   ^~~~~~~~~~~
D:/l4t/DKC3Recomp/generated/snesrecomp/bankb5_part7bb_v2.c: In function 'CODE_B5FBB0_M0X0':
D:/l4t/DKC3Recomp/generated/snesrecomp/bankb5_part7bb_v2.c:50:3: warning: label 'L_FBB0_M0X0' defined but not used [-Wunused-label]
   50 |   L_FBB0_M0X0:
      |   ^~~~~~~~~~~
D:/l4t/DKC3Recomp/generated/snesrecomp/bankb5_part7bb_v2.c: In function 'CODE_B5FBB7_M0X0':
D:/l4t/DKC3Recomp/generated/snesrecomp/bankb5_part7bb_v2.c:176:3: warning: label 'L_FBB7_M0X0' defined but not used [-Wunused-label]
  176 |   L_FBB7_M0X0:
      |   ^~~~~~~~~~~
D:/l4t/DKC3Recomp/generated/snesrecomp/bankb5_part7bc_v2.c: In function 'CODE_B5FBC9_M0X0':
D:/l4t/DKC3Recomp/generated/snesrecomp/bankb5_part7bc_v2.c:50:3: warning: label 'L_FBC9_M0X0' defined but not used [-Wunused-label]
   50 |   L_FBC9_M0X0:
      |   ^~~~~~~~~~~
D:/l4t/DKC3Recomp/generated/snesrecomp/bankb5_part7bd_v2.c: In function 'CODE_B5FBDA_M0X0':
D:/l4t/DKC3Recomp/generated/snesrecomp/bankb5_part7bd_v2.c:50:3: warning: label 'L_FBDA_M0X0' defined but not used [-Wunused-label]
   50 |   L_FBDA_M0X0:
      |   ^~~~~~~~~~~
D:/l4t/DKC3Recomp/generated/snesrecomp/bankb5_part7be_v2.c: In function 'CODE_B5FBE0_M0X0':
D:/l4t/DKC3Recomp/generated/snesrecomp/bankb5_part7be_v2.c:49:3: warning: label 'L_FBE0_M0X0' defined but not used [-Wunused-label]
   49 |   L_FBE0_M0X0:
      |   ^~~~~~~~~~~
D:/l4t/DKC3Recomp/generated/snesrecomp/bankb5_part7c1_v2.c: In function 'CODE_B5FC1A_M0X0':
D:/l4t/DKC3Recomp/generated/snesrecomp/bankb5_part7c1_v2.c:52:3: warning: label 'L_FC1A_M0X0' defined but not used [-Wunused-label]
   52 |   L_FC1A_M0X0:
      |   ^~~~~~~~~~~
D:/l4t/DKC3Recomp/generated/snesrecomp/bankb5_part7c1_v2.c: In function 'CODE_B5FC1E_M0X0':
D:/l4t/DKC3Recomp/generated/snesrecomp/bankb5_part7c1_v2.c:183:3: warning: label 'L_FC1E_M0X0' defined but not used [-Wunused-label]
  183 |   L_FC1E_M0X0:
      |   ^~~~~~~~~~~
D:/l4t/DKC3Recomp/generated/snesrecomp/bankb5_part7c2_v2.c: In function 'CODE_B5FC25_M0X0':
D:/l4t/DKC3Recomp/generated/snesrecomp/bankb5_part7c2_v2.c:50:3: warning: label 'L_FC25_M0X0' defined but not used [-Wunused-label]
   50 |   L_FC25_M0X0:
      |   ^~~~~~~~~~~
D:/l4t/DKC3Recomp/generated/snesrecomp/bankb5_part7c3_v2.c: In function 'CODE_B5FC3A_M0X0':
D:/l4t/DKC3Recomp/generated/snesrecomp/bankb5_part7c3_v2.c:50:3: warning: label 'L_FC3A_M0X0' defined but not used [-Wunused-label]
   50 |   L_FC3A_M0X0:
      |   ^~~~~~~~~~~
D:/l4t/DKC3Recomp/generated/snesrecomp/bankb5_part7c4_v2.c: In function 'CODE_B5FC49_M0X0':
D:/l4t/DKC3Recomp/generated/snesrecomp/bankb5_part7c4_v2.c:50:3: warning: label 'L_FC49_M0X0' defined but not used [-Wunused-label]
   50 |   L_FC49_M0X0:
      |   ^~~~~~~~~~~
D:/l4t/DKC3Recomp/generated/snesrecomp/bankb5_part7c4_v2.c: In function 'CODE_B5FC4D_M0X0':
D:/l4t/DKC3Recomp/generated/snesrecomp/bankb5_part7c4_v2.c:164:3: warning: label 'L_FC4D_M0X0' defined but not used [-Wunused-label]
  164 |   L_FC4D_M0X0:
      |   ^~~~~~~~~~~
D:/l4t/DKC3Recomp/generated/snesrecomp/bankb5_part7c5_v2.c: In function 'CODE_B5FC51_M0X0':
D:/l4t/DKC3Recomp/generated/snesrecomp/bankb5_part7c5_v2.c:50:3: warning: label 'L_FC51_M0X0' defined but not used [-Wunused-label]
   50 |   L_FC51_M0X0:
      |   ^~~~~~~~~~~
D:/l4t/DKC3Recomp/generated/snesrecomp/bankb5_part7c5_v2.c: In function 'CODE_B5FC59_M0X0':
D:/l4t/DKC3Recomp/generated/snesrecomp/bankb5_part7c5_v2.c:164:3: warning: label 'L_FC59_M0X0' defined but not used [-Wunused-label]
  164 |   L_FC59_M0X0:
      |   ^~~~~~~~~~~
D:/l4t/DKC3Recomp/generated/snesrecomp/bankb5_part8d_v2.c: In function 'CODE_B588DC_M0X0':
D:/l4t/DKC3Recomp/generated/snesrecomp/bankb5_part8d_v2.c:49:3: warning: label 'L_88DC_M0X0' defined but not used [-Wunused-label]
   49 |   L_88DC_M0X0:
      |   ^~~~~~~~~~~
D:/l4t/DKC3Recomp/generated/snesrecomp/bankb5_part8f_v2.c: In function 'CODE_B588F0_M0X0':
D:/l4t/DKC3Recomp/generated/snesrecomp/bankb5_part8f_v2.c:49:3: warning: label 'L_88F0_M0X0' defined but not used [-Wunused-label]
   49 |   L_88F0_M0X0:
      |   ^~~~~~~~~~~
D:/l4t/DKC3Recomp/generated/snesrecomp/bankb5_part91_v2.c: In function 'CODE_B5891C_M0X0':
D:/l4t/DKC3Recomp/generated/snesrecomp/bankb5_part91_v2.c:49:3: warning: label 'L_891C_M0X0' defined but not used [-Wunused-label]
   49 |   L_891C_M0X0:
      |   ^~~~~~~~~~~
D:/l4t/DKC3Recomp/generated/snesrecomp/bankb5_part92_v2.c: In function 'CODE_B5892A_M0X0':
D:/l4t/DKC3Recomp/generated/snesrecomp/bankb5_part92_v2.c:49:3: warning: label 'L_892A_M0X0' defined but not used [-Wunused-label]
   49 |   L_892A_M0X0:
      |   ^~~~~~~~~~~
D:/l4t/DKC3Recomp/generated/snesrecomp/bankb5_part93_v2.c: In function 'CODE_B58938_M0X0':
D:/l4t/DKC3Recomp/generated/snesrecomp/bankb5_part93_v2.c:52:3: warning: label 'L_8938_M0X0' defined but not used [-Wunused-label]
   52 |   L_8938_M0X0:
      |   ^~~~~~~~~~~
D:/l4t/DKC3Recomp/generated/snesrecomp/bankb5_part95_v2.c: In function 'CODE_B5895D_M0X0':
D:/l4t/DKC3Recomp/generated/snesrecomp/bankb5_part95_v2.c:49:3: warning: label 'L_895D_M0X0' defined but not used [-Wunused-label]
   49 |   L_895D_M0X0:
      |   ^~~~~~~~~~~
D:/l4t/DKC3Recomp/generated/snesrecomp/bankb5_parta8_v2.c: In function 'CODE_B58A8E_M0X0':
D:/l4t/DKC3Recomp/generated/snesrecomp/bankb5_parta8_v2.c:52:3: warning: label 'L_8A8E_M0X0' defined but not used [-Wunused-label]
   52 |   L_8A8E_M0X0:
      |   ^~~~~~~~~~~
D:/l4t/DKC3Recomp/generated/snesrecomp/bankb5_partaf_v2.c: In function 'CODE_B58AF2_M0X0':
D:/l4t/DKC3Recomp/generated/snesrecomp/bankb5_partaf_v2.c:52:3: warning: label 'L_8AF2_M0X0' defined but not used [-Wunused-label]
   52 |   L_8AF2_M0X0:
      |   ^~~~~~~~~~~
D:/l4t/DKC3Recomp/generated/snesrecomp/bankb5_partb3_v2.c: In function 'CODE_B58B38_M0X0':
D:/l4t/DKC3Recomp/generated/snesrecomp/bankb5_partb3_v2.c:49:3: warning: label 'L_8B38_M0X0' defined but not used [-Wunused-label]
   49 |   L_8B38_M0X0:
      |   ^~~~~~~~~~~
D:/l4t/DKC3Recomp/generated/snesrecomp/bankb5_partc7_v2.c: In function 'CODE_B58C76_M0X0':
D:/l4t/DKC3Recomp/generated/snesrecomp/bankb5_partc7_v2.c:49:3: warning: label 'L_8C76_M0X0' defined but not used [-Wunused-label]
   49 |   L_8C76_M0X0:
      |   ^~~~~~~~~~~
D:/l4t/DKC3Recomp/generated/snesrecomp/bankb5_partc9_v2.c: In function 'CODE_B58C9D_M0X0':
D:/l4t/DKC3Recomp/generated/snesrecomp/bankb5_partc9_v2.c:49:3: warning: label 'L_8C9D_M0X0' defined but not used [-Wunused-label]
   49 |   L_8C9D_M0X0:
      |   ^~~~~~~~~~~
D:/l4t/DKC3Recomp/generated/snesrecomp/bankb5_partcb_v2.c: In function 'CODE_B58CB9_M0X0':
D:/l4t/DKC3Recomp/generated/snesrecomp/bankb5_partcb_v2.c:49:3: warning: label 'L_8CB9_M0X0' defined but not used [-Wunused-label]
   49 |   L_8CB9_M0X0:
      |   ^~~~~~~~~~~
D:/l4t/DKC3Recomp/generated/snesrecomp/bankb5_partce_v2.c: In function 'CODE_B58CE3_M0X0':
D:/l4t/DKC3Recomp/generated/snesrecomp/bankb5_partce_v2.c:53:3: warning: label 'L_8CE3_M0X0' defined but not used [-Wunused-label]
   53 |   L_8CE3_M0X0:
      |   ^~~~~~~~~~~
D:/l4t/DKC3Recomp/generated/snesrecomp/bankb5_partce_v2.c: In function 'CODE_B58CEB_M0X0':
D:/l4t/DKC3Recomp/generated/snesrecomp/bankb5_partce_v2.c:216:3: warning: label 'L_8CEB_M0X0' defined but not used [-Wunused-label]
  216 |   L_8CEB_M0X0:
      |   ^~~~~~~~~~~
D:/l4t/DKC3Recomp/generated/snesrecomp/bankb5_parte2_v2.c: In function 'CODE_B58E27_M0X0':
D:/l4t/DKC3Recomp/generated/snesrecomp/bankb5_parte2_v2.c:50:3: warning: label 'L_8E27_M0X0' defined but not used [-Wunused-label]
   50 |   L_8E27_M0X0:
      |   ^~~~~~~~~~~
D:/l4t/DKC3Recomp/generated/snesrecomp/bankb5_parte4_v2.c: In function 'CODE_B58E40_M0X0':
D:/l4t/DKC3Recomp/generated/snesrecomp/bankb5_parte4_v2.c:55:3: warning: label 'L_8E40_M0X0' defined but not used [-Wunused-label]
   55 |   L_8E40_M0X0:
      |   ^~~~~~~~~~~
D:/l4t/DKC3Recomp/generated/snesrecomp/bankb5_parte4_v2.c: In function 'CODE_B58E47_M0X0':
D:/l4t/DKC3Recomp/generated/snesrecomp/bankb5_parte4_v2.c:216:3: warning: label 'L_8E47_M0X0' defined but not used [-Wunused-label]
  216 |   L_8E47_M0X0:
      |   ^~~~~~~~~~~
D:/l4t/DKC3Recomp/generated/snesrecomp/bankb5_parte4_v2.c: In function 'CODE_B58E4E_M0X0':
D:/l4t/DKC3Recomp/generated/snesrecomp/bankb5_parte4_v2.c:377:3: warning: label 'L_8E4E_M0X0' defined but not used [-Wunused-label]
  377 |   L_8E4E_M0X0:
      |   ^~~~~~~~~~~
D:/l4t/DKC3Recomp/generated/snesrecomp/bankb5_parte5_v2.c: In function 'CODE_B58E58_M0X0':
D:/l4t/DKC3Recomp/generated/snesrecomp/bankb5_parte5_v2.c:51:3: warning: label 'L_8E58_M0X0' defined but not used [-Wunused-label]
   51 |   L_8E58_M0X0:
      |   ^~~~~~~~~~~
D:/l4t/DKC3Recomp/generated/snesrecomp/bankb5_parte6_v2.c: In function 'CODE_B58E65_M0X0':
D:/l4t/DKC3Recomp/generated/snesrecomp/bankb5_parte6_v2.c:51:3: warning: label 'L_8E65_M0X0' defined but not used [-Wunused-label]
   51 |   L_8E65_M0X0:
      |   ^~~~~~~~~~~
D:/l4t/DKC3Recomp/generated/snesrecomp/bankb5_parte8_v2.c: In function 'CODE_B58E88_M0X0':
D:/l4t/DKC3Recomp/generated/snesrecomp/bankb5_parte8_v2.c:50:3: warning: label 'L_8E88_M0X0' defined but not used [-Wunused-label]
   50 |   L_8E88_M0X0:
      |   ^~~~~~~~~~~
D:/l4t/DKC3Recomp/generated/snesrecomp/bankb5_partf6_v2.c: In function 'CODE_B58F62_M0X0':
D:/l4t/DKC3Recomp/generated/snesrecomp/bankb5_partf6_v2.c:52:3: warning: label 'L_8F62_M0X0' defined but not used [-Wunused-label]
   52 |   L_8F62_M0X0:
      |   ^~~~~~~~~~~
D:/l4t/DKC3Recomp/generated/snesrecomp/bankb5_partf9_v2.c: In function 'CODE_B58F9E_M0X0':
D:/l4t/DKC3Recomp/generated/snesrecomp/bankb5_partf9_v2.c:50:3: warning: label 'L_8F9E_M0X0' defined but not used [-Wunused-label]
   50 |   L_8F9E_M0X0:
      |   ^~~~~~~~~~~
D:/l4t/DKC3Recomp/generated/snesrecomp/bankb5_partfb_v2.c: In function 'swanky_minigame_kong_main_M0X0':
D:/l4t/DKC3Recomp/generated/snesrecomp/bankb5_partfb_v2.c:49:3: warning: label 'L_8FBD_M0X0' defined but not used [-Wunused-label]
   49 |   L_8FBD_M0X0:
      |   ^~~~~~~~~~~
D:/l4t/DKC3Recomp/generated/snesrecomp/bankb6_part00_v2.c: In function 'CODE_B6800C_M0X0':
D:/l4t/DKC3Recomp/generated/snesrecomp/bankb6_part00_v2.c:50:3: warning: label 'L_800C_M0X0' defined but not used [-Wunused-label]
   50 |   L_800C_M0X0:
      |   ^~~~~~~~~~~
D:/l4t/DKC3Recomp/generated/snesrecomp/bankb6_part01_v2.c: In function 'CODE_B68012_M0X0':
D:/l4t/DKC3Recomp/generated/snesrecomp/bankb6_part01_v2.c:53:3: warning: label 'L_8012_M0X0' defined but not used [-Wunused-label]
   53 |   L_8012_M0X0:
      |   ^~~~~~~~~~~
D:/l4t/DKC3Recomp/generated/snesrecomp/bankb6_part01_v2.c: In function 'CODE_B68015_M0X0':
D:/l4t/DKC3Recomp/generated/snesrecomp/bankb6_part01_v2.c:97:3: warning: label 'L_8015_M0X0' defined but not used [-Wunused-label]
   97 |   L_8015_M0X0:
      |   ^~~~~~~~~~~
D:/l4t/DKC3Recomp/generated/snesrecomp/bankb6_part01_v2.c: In function 'CODE_B6801E_M0X0':
D:/l4t/DKC3Recomp/generated/snesrecomp/bankb6_part01_v2.c:141:3: warning: label 'L_801E_M0X0' defined but not used [-Wunused-label]
  141 |   L_801E_M0X0:
      |   ^~~~~~~~~~~
D:/l4t/DKC3Recomp/generated/snesrecomp/bankb6_part02_v2.c: In function 'CODE_B68021_M0X0':
D:/l4t/DKC3Recomp/generated/snesrecomp/bankb6_part02_v2.c:52:3: warning: label 'L_8021_M0X0' defined but not used [-Wunused-label]
   52 |   L_8021_M0X0:
      |   ^~~~~~~~~~~
D:/l4t/DKC3Recomp/generated/snesrecomp/bankb6_part02_v2.c: In function 'CODE_B6802D_M0X0':
D:/l4t/DKC3Recomp/generated/snesrecomp/bankb6_part02_v2.c:96:3: warning: label 'L_802D_M0X0' defined but not used [-Wunused-label]
   96 |   L_802D_M0X0:
      |   ^~~~~~~~~~~
D:/l4t/DKC3Recomp/generated/snesrecomp/bankb6_part03_v2.c: In function 'CODE_B68030_M0X0':
D:/l4t/DKC3Recomp/generated/snesrecomp/bankb6_part03_v2.c:56:3: warning: label 'L_8030_M0X0' defined but not used [-Wunused-label]
   56 |   L_8030_M0X0:
      |   ^~~~~~~~~~~
D:/l4t/DKC3Recomp/generated/snesrecomp/bankb6_part03_v2.c: In function 'CODE_B68033_M0X0':
D:/l4t/DKC3Recomp/generated/snesrecomp/bankb6_part03_v2.c:198:3: warning: label 'L_8033_M0X0' defined but not used [-Wunused-label]
  198 |   L_8033_M0X0:
      |   ^~~~~~~~~~~
D:/l4t/DKC3Recomp/generated/snesrecomp/bankb6_part03_v2.c: In function 'CODE_B6803F_M0X0':
D:/l4t/DKC3Recomp/generated/snesrecomp/bankb6_part03_v2.c:340:3: warning: label 'L_803F_M0X0' defined but not used [-Wunused-label]
  340 |   L_803F_M0X0:
      |   ^~~~~~~~~~~
D:/l4t/DKC3Recomp/generated/snesrecomp/bankb6_part04_v2.c: In function 'CODE_B68045_M0X0':
D:/l4t/DKC3Recomp/generated/snesrecomp/bankb6_part04_v2.c:57:3: warning: label 'L_8045_M0X0' defined but not used [-Wunused-label]
   57 |   L_8045_M0X0:
      |   ^~~~~~~~~~~
D:/l4t/DKC3Recomp/generated/snesrecomp/bankb6_part04_v2.c: In function 'CODE_B68048_M0X0':
D:/l4t/DKC3Recomp/generated/snesrecomp/bankb6_part04_v2.c:199:3: warning: label 'L_8048_M0X0' defined but not used [-Wunused-label]
  199 |   L_8048_M0X0:
      |   ^~~~~~~~~~~
D:/l4t/DKC3Recomp/generated/snesrecomp/bankb6_part04_v2.c: In function 'CODE_B6804B_M0X0':
D:/l4t/DKC3Recomp/generated/snesrecomp/bankb6_part04_v2.c:356:3: warning: label 'L_804B_M0X0' defined but not used [-Wunused-label]
  356 |   L_804B_M0X0:
      |   ^~~~~~~~~~~
D:/l4t/DKC3Recomp/generated/snesrecomp/bankb6_part04_v2.c: In function 'CODE_B6804E_M0X0':
D:/l4t/DKC3Recomp/generated/snesrecomp/bankb6_part04_v2.c:1078:3: warning: label 'L_804E_M0X0' defined but not used [-Wunused-label]
 1078 |   L_804E_M0X0:
      |   ^~~~~~~~~~~
D:/l4t/DKC3Recomp/generated/snesrecomp/bankb6_part05_v2.c: In function 'CODE_B68051_M0X0':
D:/l4t/DKC3Recomp/generated/snesrecomp/bankb6_part05_v2.c:55:3: warning: label 'L_8051_M0X0' defined but not used [-Wunused-label]
   55 |   L_8051_M0X0:
      |   ^~~~~~~~~~~
D:/l4t/DKC3Recomp/generated/snesrecomp/bankb6_part05_v2.c: In function 'CODE_B68054_M0X0':
D:/l4t/DKC3Recomp/generated/snesrecomp/bankb6_part05_v2.c:99:3: warning: label 'L_8054_M0X0' defined but not used [-Wunused-label]
   99 |   L_8054_M0X0:
      |   ^~~~~~~~~~~
D:/l4t/DKC3Recomp/generated/snesrecomp/bankb6_part05_v2.c: In function 'null_sprite_main_M0X0':
D:/l4t/DKC3Recomp/generated/snesrecomp/bankb6_part05_v2.c:143:3: warning: label 'L_8057_M0X0' defined but not used [-Wunused-label]
  143 |   L_8057_M0X0:
      |   ^~~~~~~~~~~
D:/l4t/DKC3Recomp/generated/snesrecomp/bankb6_part05_v2.c: In function 'barrel_switch_s_main_M0X0':
D:/l4t/DKC3Recomp/generated/snesrecomp/bankb6_part05_v2.c:189:3: warning: label 'L_805A_M0X0' defined but not used [-Wunused-label]
  189 |   L_805A_M0X0:
      |   ^~~~~~~~~~~
D:/l4t/DKC3Recomp/generated/snesrecomp/bankb6_part0a_v2.c: In function 'CODE_B680A5_M0X0':
D:/l4t/DKC3Recomp/generated/snesrecomp/bankb6_part0a_v2.c:50:3: warning: label 'L_80A5_M0X0' defined but not used [-Wunused-label]
   50 |   L_80A5_M0X0:
      |   ^~~~~~~~~~~
D:/l4t/DKC3Recomp/generated/snesrecomp/bankb6_part0a_v2.c: In function 'CODE_B680A9_M0X0':
D:/l4t/DKC3Recomp/generated/snesrecomp/bankb6_part0a_v2.c:181:3: warning: label 'L_80A9_M0X0' defined but not used [-Wunused-label]
  181 |   L_80A9_M0X0:
      |   ^~~~~~~~~~~
D:/l4t/DKC3Recomp/generated/snesrecomp/bankb6_part0d_v2.c: In function 'sneek_main_M0X0':
D:/l4t/DKC3Recomp/generated/snesrecomp/bankb6_part0d_v2.c:49:3: warning: label 'L_80DE_M0X0' defined but not used [-Wunused-label]
   49 |   L_80DE_M0X0:
      |   ^~~~~~~~~~~
D:/l4t/DKC3Recomp/generated/snesrecomp/bankb6_part10b_v2.c: In function 'CODE_B690B7_M0X0':
D:/l4t/DKC3Recomp/generated/snesrecomp/bankb6_part10b_v2.c:52:3: warning: label 'L_90B7_M0X0' defined but not used [-Wunused-label]
   52 |   L_90B7_M0X0:
      |   ^~~~~~~~~~~
D:/l4t/DKC3Recomp/generated/snesrecomp/bankb6_part115_v2.c: In function 'CODE_B6915B_M0X0':
D:/l4t/DKC3Recomp/generated/snesrecomp/bankb6_part115_v2.c:50:3: warning: label 'L_915B_M0X0' defined but not used [-Wunused-label]
   50 |   L_915B_M0X0:
      |   ^~~~~~~~~~~
D:/l4t/DKC3Recomp/generated/snesrecomp/bankb6_part11a_v2.c: In function 'CODE_B691A1_M0X0':
D:/l4t/DKC3Recomp/generated/snesrecomp/bankb6_part11a_v2.c:53:3: warning: label 'L_91A1_M0X0' defined but not used [-Wunused-label]
   53 |   L_91A1_M0X0:
      |   ^~~~~~~~~~~
D:/l4t/DKC3Recomp/generated/snesrecomp/bankb6_part11b_v2.c: In function 'CODE_B691BE_M0X0':
D:/l4t/DKC3Recomp/generated/snesrecomp/bankb6_part11b_v2.c:50:3: warning: label 'L_91BE_M0X0' defined but not used [-Wunused-label]
   50 |   L_91BE_M0X0:
      |   ^~~~~~~~~~~
D:/l4t/DKC3Recomp/generated/snesrecomp/bankb6_part11c_v2.c: In function 'CODE_B691CC_M0X0':
D:/l4t/DKC3Recomp/generated/snesrecomp/bankb6_part11c_v2.c:50:3: warning: label 'L_91CC_M0X0' defined but not used [-Wunused-label]
   50 |   L_91CC_M0X0:
      |   ^~~~~~~~~~~
D:/l4t/DKC3Recomp/generated/snesrecomp/bankb6_part11d_v2.c: In function 'CODE_B691D8_M0X0':
D:/l4t/DKC3Recomp/generated/snesrecomp/bankb6_part11d_v2.c:50:3: warning: label 'L_91D8_M0X0' defined but not used [-Wunused-label]
   50 |   L_91D8_M0X0:
      |   ^~~~~~~~~~~
D:/l4t/DKC3Recomp/generated/snesrecomp/bankb6_part11e_v2.c: In function 'CODE_B691E4_M0X0':
D:/l4t/DKC3Recomp/generated/snesrecomp/bankb6_part11e_v2.c:51:3: warning: label 'L_91E4_M0X0' defined but not used [-Wunused-label]
   51 |   L_91E4_M0X0:
      |   ^~~~~~~~~~~
D:/l4t/DKC3Recomp/generated/snesrecomp/bankb6_part11f_v2.c: In function 'CODE_B691FF_M0X0':
D:/l4t/DKC3Recomp/generated/snesrecomp/bankb6_part11f_v2.c:50:3: warning: label 'L_91FF_M0X0' defined but not used [-Wunused-label]
   50 |   L_91FF_M0X0:
      |   ^~~~~~~~~~~
D:/l4t/DKC3Recomp/generated/snesrecomp/bankb6_part120_v2.c: In function 'CODE_B6920B_M0X0':
D:/l4t/DKC3Recomp/generated/snesrecomp/bankb6_part120_v2.c:50:3: warning: label 'L_920B_M0X0' defined but not used [-Wunused-label]
   50 |   L_920B_M0X0:
      |   ^~~~~~~~~~~
D:/l4t/DKC3Recomp/generated/snesrecomp/bankb6_part121_v2.c: In function 'CODE_B69217_M0X0':
D:/l4t/DKC3Recomp/generated/snesrecomp/bankb6_part121_v2.c:51:3: warning: label 'L_9217_M0X0' defined but not used [-Wunused-label]
   51 |   L_9217_M0X0:
      |   ^~~~~~~~~~~
D:/l4t/DKC3Recomp/generated/snesrecomp/bankb6_part123_v2.c: In function 'door_lever_handle_main_M0X0':
D:/l4t/DKC3Recomp/generated/snesrecomp/bankb6_part123_v2.c:53:3: warning: label 'L_923F_M0X0' defined but not used [-Wunused-label]
   53 |   L_923F_M0X0:
      |   ^~~~~~~~~~~
D:/l4t/DKC3Recomp/generated/snesrecomp/bankb6_part124_v2.c: In function 'CODE_B6924A_M0X0':
D:/l4t/DKC3Recomp/generated/snesrecomp/bankb6_part124_v2.c:51:3: warning: label 'L_924A_M0X0' defined but not used [-Wunused-label]
   51 |   L_924A_M0X0:
      |   ^~~~~~~~~~~
D:/l4t/DKC3Recomp/generated/snesrecomp/bankb6_part125_v2.c: In function 'CODE_B6925E_M0X0':
D:/l4t/DKC3Recomp/generated/snesrecomp/bankb6_part125_v2.c:55:3: warning: label 'L_925E_M0X0' defined but not used [-Wunused-label]
   55 |   L_925E_M0X0:
      |   ^~~~~~~~~~~
D:/l4t/DKC3Recomp/generated/snesrecomp/bankb6_part129_v2.c: In function 'CODE_B69295_M0X0':
D:/l4t/DKC3Recomp/generated/snesrecomp/bankb6_part129_v2.c:56:3: warning: label 'L_9295_M0X0' defined but not used [-Wunused-label]
   56 |   L_9295_M0X0:
      |   ^~~~~~~~~~~
D:/l4t/DKC3Recomp/generated/snesrecomp/bankb6_part12e_v2.c: In function 'CODE_B692E8_M0X0':
D:/l4t/DKC3Recomp/generated/snesrecomp/bankb6_part12e_v2.c:51:3: warning: label 'L_92E8_M0X0' defined but not used [-Wunused-label]
   51 |   L_92E8_M0X0:
      |   ^~~~~~~~~~~
D:/l4t/DKC3Recomp/generated/snesrecomp/bankb6_part12f_v2.c: In function 'CODE_B692F9_M0X0':
D:/l4t/DKC3Recomp/generated/snesrecomp/bankb6_part12f_v2.c:50:3: warning: label 'L_92F9_M0X0' defined but not used [-Wunused-label]
   50 |   L_92F9_M0X0:
      |   ^~~~~~~~~~~
D:/l4t/DKC3Recomp/generated/snesrecomp/bankb6_part130_v2.c: In function 'CODE_B69301_M0X0':
D:/l4t/DKC3Recomp/generated/snesrecomp/bankb6_part130_v2.c:50:3: warning: label 'L_9301_M0X0' defined but not used [-Wunused-label]
   50 |   L_9301_M0X0:
      |   ^~~~~~~~~~~
D:/l4t/DKC3Recomp/generated/snesrecomp/bankb6_part130_v2.c: In function 'CODE_B6930B_M0X0':
D:/l4t/DKC3Recomp/generated/snesrecomp/bankb6_part130_v2.c:170:3: warning: label 'L_930B_M0X0' defined but not used [-Wunused-label]
  170 |   L_930B_M0X0:
      |   ^~~~~~~~~~~
D:/l4t/DKC3Recomp/generated/snesrecomp/bankb6_part133_v2.c: In function 'metal_door_lever_controlled_main_M0X0':
D:/l4t/DKC3Recomp/generated/snesrecomp/bankb6_part133_v2.c:50:3: warning: label 'L_9338_M0X0' defined but not used [-Wunused-label]
   50 |   L_9338_M0X0:
      |   ^~~~~~~~~~~
D:/l4t/DKC3Recomp/generated/snesrecomp/bankb6_part133_v2.c: In function 'CODE_B6933F_M0X0':
D:/l4t/DKC3Recomp/generated/snesrecomp/bankb6_part133_v2.c:128:3: warning: label 'L_933F_M0X0' defined but not used [-Wunused-label]
  128 |   L_933F_M0X0:
      |   ^~~~~~~~~~~
D:/l4t/DKC3Recomp/generated/snesrecomp/bankb6_part13f_v2.c: In function 'door_gear_main_M0X0':
D:/l4t/DKC3Recomp/generated/snesrecomp/bankb6_part13f_v2.c:50:3: warning: label 'L_93FF_M0X0' defined but not used [-Wunused-label]
   50 |   L_93FF_M0X0:
      |   ^~~~~~~~~~~
D:/l4t/DKC3Recomp/generated/snesrecomp/bankb6_part140_v2.c: In function 'CODE_B69406_M0X0':
D:/l4t/DKC3Recomp/generated/snesrecomp/bankb6_part140_v2.c:49:3: warning: label 'L_9406_M0X0' defined but not used [-Wunused-label]
   49 |   L_9406_M0X0:
      |   ^~~~~~~~~~~
D:/l4t/DKC3Recomp/generated/snesrecomp/bankb6_part144_v2.c: In function 'CODE_B69441_M0X0':
D:/l4t/DKC3Recomp/generated/snesrecomp/bankb6_part144_v2.c:50:3: warning: label 'L_9441_M0X0' defined but not used [-Wunused-label]
   50 |   L_9441_M0X0:
      |   ^~~~~~~~~~~
D:/l4t/DKC3Recomp/generated/snesrecomp/bankb6_part146_v2.c: In function 'unknown_sprite_0180_main_M0X0':
D:/l4t/DKC3Recomp/generated/snesrecomp/bankb6_part146_v2.c:51:3: warning: label 'L_9465_M0X0' defined but not used [-Wunused-label]
   51 |   L_9465_M0X0:
      |   ^~~~~~~~~~~
D:/l4t/DKC3Recomp/generated/snesrecomp/bankb6_part147_v2.c: In function 'unknown_sprite_017C_main_M0X0':
D:/l4t/DKC3Recomp/generated/snesrecomp/bankb6_part147_v2.c:52:3: warning: label 'L_9473_M0X0' defined but not used [-Wunused-label]
   52 |   L_9473_M0X0:
      |   ^~~~~~~~~~~
D:/l4t/DKC3Recomp/generated/snesrecomp/bankb6_part148_v2.c: In function 'CODE_B69482_M0X0':
D:/l4t/DKC3Recomp/generated/snesrecomp/bankb6_part148_v2.c:53:3: warning: label 'L_9482_M0X0' defined but not used [-Wunused-label]
   53 |   L_9482_M0X0:
      |   ^~~~~~~~~~~
D:/l4t/DKC3Recomp/generated/snesrecomp/bankb6_part14d_v2.c: In function 'CODE_B694D3_M0X0':
D:/l4t/DKC3Recomp/generated/snesrecomp/bankb6_part14d_v2.c:51:3: warning: label 'L_94D3_M0X0' defined but not used [-Wunused-label]
   51 |   L_94D3_M0X0:
      |   ^~~~~~~~~~~
D:/l4t/DKC3Recomp/generated/snesrecomp/bankb6_part14f_v2.c: In function 'CODE_B694FC_M0X0':
D:/l4t/DKC3Recomp/generated/snesrecomp/bankb6_part14f_v2.c:50:3: warning: label 'L_94FC_M0X0' defined but not used [-Wunused-label]
   50 |   L_94FC_M0X0:
      |   ^~~~~~~~~~~
D:/l4t/DKC3Recomp/generated/snesrecomp/bankb6_part14f_v2.c: In function 'CODE_B694FF_M0X0':
D:/l4t/DKC3Recomp/generated/snesrecomp/bankb6_part14f_v2.c:96:3: warning: label 'L_94FF_M0X0' defined but not used [-Wunused-label]
   96 |   L_94FF_M0X0:
      |   ^~~~~~~~~~~
D:/l4t/DKC3Recomp/generated/snesrecomp/bankb6_part150_v2.c: In function 'sneek_wheel_main_M0X0':
D:/l4t/DKC3Recomp/generated/snesrecomp/bankb6_part150_v2.c:54:3: warning: label 'L_950D_M0X0' defined but not used [-Wunused-label]
   54 |   L_950D_M0X0:
      |   ^~~~~~~~~~~
D:/l4t/DKC3Recomp/generated/snesrecomp/bankb6_part162_v2.c: In function 'CODE_B6962A_M0X0':
D:/l4t/DKC3Recomp/generated/snesrecomp/bankb6_part162_v2.c:51:3: warning: label 'L_962A_M0X0' defined but not used [-Wunused-label]
   51 |   L_962A_M0X0:
      |   ^~~~~~~~~~~
D:/l4t/DKC3Recomp/generated/snesrecomp/bankb6_part163_v2.c: In function 'CODE_B6963A_M0X0':
D:/l4t/DKC3Recomp/generated/snesrecomp/bankb6_part163_v2.c:49:3: warning: label 'L_963A_M0X0' defined but not used [-Wunused-label]
   49 |   L_963A_M0X0:
      |   ^~~~~~~~~~~
D:/l4t/DKC3Recomp/generated/snesrecomp/bankb6_part166_v2.c: In function 'sneek_in_wheel_main_M0X0':
D:/l4t/DKC3Recomp/generated/snesrecomp/bankb6_part166_v2.c:49:3: warning: label 'L_966D_M0X0' defined but not used [-Wunused-label]
   49 |   L_966D_M0X0:
      |   ^~~~~~~~~~~
D:/l4t/DKC3Recomp/generated/snesrecomp/bankb6_part16a_v2.c: In function 'squeals_on_wheels_tracker_main_M0X0':
D:/l4t/DKC3Recomp/generated/snesrecomp/bankb6_part16a_v2.c:51:3: warning: label 'L_96AB_M0X0' defined but not used [-Wunused-label]
   51 |   L_96AB_M0X0:
      |   ^~~~~~~~~~~
D:/l4t/DKC3Recomp/generated/snesrecomp/bankb6_part16b_v2.c: In function 'metal_door_sneek_controlled_main_M0X0':
D:/l4t/DKC3Recomp/generated/snesrecomp/bankb6_part16b_v2.c:50:3: warning: label 'L_96B5_M0X0' defined but not used [-Wunused-label]
   50 |   L_96B5_M0X0:
      |   ^~~~~~~~~~~
D:/l4t/DKC3Recomp/generated/snesrecomp/bankb6_part16b_v2.c: In function 'CODE_B696BC_M0X0':
D:/l4t/DKC3Recomp/generated/snesrecomp/bankb6_part16b_v2.c:128:3: warning: label 'L_96BC_M0X0' defined but not used [-Wunused-label]
  128 |   L_96BC_M0X0:
      |   ^~~~~~~~~~~
D:/l4t/DKC3Recomp/generated/snesrecomp/bankb6_part16f_v2.c: In function 'CODE_B696F5_M0X0':
D:/l4t/DKC3Recomp/generated/snesrecomp/bankb6_part16f_v2.c:50:3: warning: label 'L_96F5_M0X0' defined but not used [-Wunused-label]
   50 |   L_96F5_M0X0:
      |   ^~~~~~~~~~~
D:/l4t/DKC3Recomp/generated/snesrecomp/bankb6_part16f_v2.c: In function 'CODE_B696FC_M0X0':
D:/l4t/DKC3Recomp/generated/snesrecomp/bankb6_part16f_v2.c:315:3: warning: label 'L_96FC_M0X0' defined but not used [-Wunused-label]
  315 |   L_96FC_M0X0:
      |   ^~~~~~~~~~~
D:/l4t/DKC3Recomp/generated/snesrecomp/bankb6_part171_v2.c: In function 'CODE_B6971D_M0X0':
D:/l4t/DKC3Recomp/generated/snesrecomp/bankb6_part171_v2.c:49:3: warning: label 'L_971D_M0X0' defined but not used [-Wunused-label]
   49 |   L_971D_M0X0:
      |   ^~~~~~~~~~~
D:/l4t/DKC3Recomp/generated/snesrecomp/bankb6_part17_v2.c: In function 'buzz_main_M0X0':
D:/l4t/DKC3Recomp/generated/snesrecomp/bankb6_part17_v2.c:49:3: warning: label 'L_8170_M0X0' defined but not used [-Wunused-label]
   49 |   L_8170_M0X0:
      |   ^~~~~~~~~~~
D:/l4t/DKC3Recomp/generated/snesrecomp/bankb6_part17f_v2.c: In function 'rekoil_main_M0X0':
D:/l4t/DKC3Recomp/generated/snesrecomp/bankb6_part17f_v2.c:56:3: warning: label 'L_97FB_M0X0' defined but not used [-Wunused-label]
   56 |   L_97FB_M0X0:
      |   ^~~~~~~~~~~
D:/l4t/DKC3Recomp/generated/snesrecomp/bankb6_part181_v2.c: In function 'CODE_B69814_M0X0':
D:/l4t/DKC3Recomp/generated/snesrecomp/bankb6_part181_v2.c:52:3: warning: label 'L_9814_M0X0' defined but not used [-Wunused-label]
   52 |   L_9814_M0X0:
      |   ^~~~~~~~~~~
D:/l4t/DKC3Recomp/generated/snesrecomp/bankb6_part181_v2.c: In function 'CODE_B6981D_M0X0':
D:/l4t/DKC3Recomp/generated/snesrecomp/bankb6_part181_v2.c:148:3: warning: label 'L_981D_M0X0' defined but not used [-Wunused-label]
  148 |   L_981D_M0X0:
      |   ^~~~~~~~~~~
D:/l4t/DKC3Recomp/generated/snesrecomp/bankb6_part185_v2.c: In function 'CODE_B6985A_M0X0':
D:/l4t/DKC3Recomp/generated/snesrecomp/bankb6_part185_v2.c:51:3: warning: label 'L_985A_M0X0' defined but not used [-Wunused-label]
   51 |   L_985A_M0X0:
      |   ^~~~~~~~~~~
D:/l4t/DKC3Recomp/generated/snesrecomp/bankb6_part185_v2.c: In function 'CODE_B6985D_M0X0':
D:/l4t/DKC3Recomp/generated/snesrecomp/bankb6_part185_v2.c:95:3: warning: label 'L_985D_M0X0' defined but not used [-Wunused-label]
   95 |   L_985D_M0X0:
      |   ^~~~~~~~~~~
D:/l4t/DKC3Recomp/generated/snesrecomp/bankb6_part188_v2.c: In function 'CODE_B69887_M0X0':
D:/l4t/DKC3Recomp/generated/snesrecomp/bankb6_part188_v2.c:50:3: warning: label 'L_9887_M0X0' defined but not used [-Wunused-label]
   50 |   L_9887_M0X0:
      |   ^~~~~~~~~~~
D:/l4t/DKC3Recomp/generated/snesrecomp/bankb6_part189_v2.c: In function 'CODE_B69893_M0X0':
D:/l4t/DKC3Recomp/generated/snesrecomp/bankb6_part189_v2.c:50:3: warning: label 'L_9893_M0X0' defined but not used [-Wunused-label]
   50 |   L_9893_M0X0:
      |   ^~~~~~~~~~~
D:/l4t/DKC3Recomp/generated/snesrecomp/bankb6_part18a_v2.c: In function 'CODE_B698A6_M0X0':
D:/l4t/DKC3Recomp/generated/snesrecomp/bankb6_part18a_v2.c:50:3: warning: label 'L_98A6_M0X0' defined but not used [-Wunused-label]
   50 |   L_98A6_M0X0:
      |   ^~~~~~~~~~~
D:/l4t/DKC3Recomp/generated/snesrecomp/bankb6_part191_v2.c: In function 'CODE_B69911_M0X0':
D:/l4t/DKC3Recomp/generated/snesrecomp/bankb6_part191_v2.c:50:3: warning: label 'L_9911_M0X0' defined but not used [-Wunused-label]
   50 |   L_9911_M0X0:
      |   ^~~~~~~~~~~
D:/l4t/DKC3Recomp/generated/snesrecomp/bankb6_part193_v2.c: In function 'CODE_B69939_M0X0':
D:/l4t/DKC3Recomp/generated/snesrecomp/bankb6_part193_v2.c:49:3: warning: label 'L_9939_M0X0' defined but not used [-Wunused-label]
   49 |   L_9939_M0X0:
      |   ^~~~~~~~~~~
D:/l4t/DKC3Recomp/generated/snesrecomp/bankb6_part194_v2.c: In function 'kuff_n_klout_main_M0X0':
D:/l4t/DKC3Recomp/generated/snesrecomp/bankb6_part194_v2.c:59:3: warning: label 'L_9945_M0X0' defined but not used [-Wunused-label]
   59 |   L_9945_M0X0:
      |   ^~~~~~~~~~~
D:/l4t/DKC3Recomp/generated/snesrecomp/bankb6_part1a0_v2.c: In function 'CODE_B69A0E_M0X0':
D:/l4t/DKC3Recomp/generated/snesrecomp/bankb6_part1a0_v2.c:50:3: warning: label 'L_9A0E_M0X0' defined but not used [-Wunused-label]
   50 |   L_9A0E_M0X0:
      |   ^~~~~~~~~~~
D:/l4t/DKC3Recomp/generated/snesrecomp/bankb6_part1a1_v2.c: In function 'CODE_B69A1F_M0X0':
D:/l4t/DKC3Recomp/generated/snesrecomp/bankb6_part1a1_v2.c:49:3: warning: label 'L_9A1F_M0X0' defined but not used [-Wunused-label]
   49 |   L_9A1F_M0X0:
      |   ^~~~~~~~~~~
D:/l4t/DKC3Recomp/generated/snesrecomp/bankb6_part1a6_v2.c: In function 'CODE_B69A64_M0X0':
D:/l4t/DKC3Recomp/generated/snesrecomp/bankb6_part1a6_v2.c:52:3: warning: label 'L_9A64_M0X0' defined but not used [-Wunused-label]
   52 |   L_9A64_M0X0:
      |   ^~~~~~~~~~~
D:/l4t/DKC3Recomp/generated/snesrecomp/bankb6_part1ad_v2.c: In function 'CODE_B69ADD_M0X0':
D:/l4t/DKC3Recomp/generated/snesrecomp/bankb6_part1ad_v2.c:53:3: warning: label 'L_9ADD_M0X0' defined but not used [-Wunused-label]
   53 |   L_9ADD_M0X0:
      |   ^~~~~~~~~~~
D:/l4t/DKC3Recomp/generated/snesrecomp/bankb6_part1b5_v2.c: In function 'CODE_B69B57_M0X0':
D:/l4t/DKC3Recomp/generated/snesrecomp/bankb6_part1b5_v2.c:53:3: warning: label 'L_9B57_M0X0' defined but not used [-Wunused-label]
   53 |   L_9B57_M0X0:
      |   ^~~~~~~~~~~
D:/l4t/DKC3Recomp/generated/snesrecomp/bankb6_part1b9_v2.c: In function 'CODE_B69B9B_M0X0':
D:/l4t/DKC3Recomp/generated/snesrecomp/bankb6_part1b9_v2.c:52:3: warning: label 'L_9B9B_M0X0' defined but not used [-Wunused-label]
   52 |   L_9B9B_M0X0:
      |   ^~~~~~~~~~~
D:/l4t/DKC3Recomp/generated/snesrecomp/bankb6_part1ba_v2.c: In function 'CODE_B69BA6_M0X0':
D:/l4t/DKC3Recomp/generated/snesrecomp/bankb6_part1ba_v2.c:50:3: warning: label 'L_9BA6_M0X0' defined but not used [-Wunused-label]
   50 |   L_9BA6_M0X0:
      |   ^~~~~~~~~~~
D:/l4t/DKC3Recomp/generated/snesrecomp/bankb6_part1ba_v2.c: In function 'CODE_B69BAD_M0X0':
D:/l4t/DKC3Recomp/generated/snesrecomp/bankb6_part1ba_v2.c:166:3: warning: label 'L_9BAD_M0X0' defined but not used [-Wunused-label]
  166 |   L_9BAD_M0X0:
      |   ^~~~~~~~~~~
D:/l4t/DKC3Recomp/generated/snesrecomp/bankb6_part1bb_v2.c: In function 'CODE_B69BB6_M0X0':
D:/l4t/DKC3Recomp/generated/snesrecomp/bankb6_part1bb_v2.c:52:3: warning: label 'L_9BB6_M0X0' defined but not used [-Wunused-label]
   52 |   L_9BB6_M0X0:
      |   ^~~~~~~~~~~
D:/l4t/DKC3Recomp/generated/snesrecomp/bankb6_part1bb_v2.c: In function 'CODE_B69BBF_M0X0':
D:/l4t/DKC3Recomp/generated/snesrecomp/bankb6_part1bb_v2.c:174:3: warning: label 'L_9BBF_M0X0' defined but not used [-Wunused-label]
  174 |   L_9BBF_M0X0:
      |   ^~~~~~~~~~~
D:/l4t/DKC3Recomp/generated/snesrecomp/bankb6_part1c1_v2.c: In function 'CODE_B69C11_M0X0':
D:/l4t/DKC3Recomp/generated/snesrecomp/bankb6_part1c1_v2.c:49:3: warning: label 'L_9C11_M0X0' defined but not used [-Wunused-label]
   49 |   L_9C11_M0X0:
      |   ^~~~~~~~~~~
D:/l4t/DKC3Recomp/generated/snesrecomp/bankb6_part1c3_v2.c: In function 'CODE_B69C3B_M0X0':
D:/l4t/DKC3Recomp/generated/snesrecomp/bankb6_part1c3_v2.c:49:3: warning: label 'L_9C3B_M0X0' defined but not used [-Wunused-label]
   49 |   L_9C3B_M0X0:
      |   ^~~~~~~~~~~
D:/l4t/DKC3Recomp/generated/snesrecomp/bankb6_part1c4_v2.c: In function 'CODE_B69C47_M0X0':
D:/l4t/DKC3Recomp/generated/snesrecomp/bankb6_part1c4_v2.c:49:3: warning: label 'L_9C47_M0X0' defined but not used [-Wunused-label]
   49 |   L_9C47_M0X0:
      |   ^~~~~~~~~~~
D:/l4t/DKC3Recomp/generated/snesrecomp/bankb6_part1c5_v2.c: In function 'CODE_B69C54_M0X0':
D:/l4t/DKC3Recomp/generated/snesrecomp/bankb6_part1c5_v2.c:50:3: warning: label 'L_9C54_M0X0' defined but not used [-Wunused-label]
   50 |   L_9C54_M0X0:
      |   ^~~~~~~~~~~
D:/l4t/DKC3Recomp/generated/snesrecomp/bankb6_part1c5_v2.c: In function 'CODE_B69C5D_M0X0':
D:/l4t/DKC3Recomp/generated/snesrecomp/bankb6_part1c5_v2.c:228:3: warning: label 'L_9C5D_M0X0' defined but not used [-Wunused-label]
  228 |   L_9C5D_M0X0:
      |   ^~~~~~~~~~~
D:/l4t/DKC3Recomp/generated/snesrecomp/bankb6_part1c9_v2.c: In function 'CODE_B69C91_M0X0':
D:/l4t/DKC3Recomp/generated/snesrecomp/bankb6_part1c9_v2.c:50:3: warning: label 'L_9C91_M0X0' defined but not used [-Wunused-label]
   50 |   L_9C91_M0X0:
      |   ^~~~~~~~~~~
D:/l4t/DKC3Recomp/generated/snesrecomp/bankb6_part1c9_v2.c: In function 'CODE_B69C9B_M0X0':
D:/l4t/DKC3Recomp/generated/snesrecomp/bankb6_part1c9_v2.c:210:3: warning: label 'L_9C9B_M0X0' defined but not used [-Wunused-label]
  210 |   L_9C9B_M0X0:
      |   ^~~~~~~~~~~
D:/l4t/DKC3Recomp/generated/snesrecomp/bankb6_part1ca_v2.c: In function 'CODE_B69CA3_M0X0':
D:/l4t/DKC3Recomp/generated/snesrecomp/bankb6_part1ca_v2.c:50:3: warning: label 'L_9CA3_M0X0' defined but not used [-Wunused-label]
   50 |   L_9CA3_M0X0:
      |   ^~~~~~~~~~~
D:/l4t/DKC3Recomp/generated/snesrecomp/bankb6_part1cd_v2.c: In function 'CODE_B69CDE_M0X0':
D:/l4t/DKC3Recomp/generated/snesrecomp/bankb6_part1cd_v2.c:49:3: warning: label 'L_9CDE_M0X0' defined but not used [-Wunused-label]
   49 |   L_9CDE_M0X0:
      |   ^~~~~~~~~~~
D:/l4t/DKC3Recomp/generated/snesrecomp/bankb6_part1d1_v2.c: In function 'unknown_sprite_03C4_main_M0X0':
D:/l4t/DKC3Recomp/generated/snesrecomp/bankb6_part1d1_v2.c:49:3: warning: label 'L_9D1A_M0X0' defined but not used [-Wunused-label]
   49 |   L_9D1A_M0X0:
      |   ^~~~~~~~~~~
D:/l4t/DKC3Recomp/generated/snesrecomp/bankb6_part1d3_v2.c: In function 'CODE_B69D33_M0X0':
D:/l4t/DKC3Recomp/generated/snesrecomp/bankb6_part1d3_v2.c:50:3: warning: label 'L_9D33_M0X0' defined but not used [-Wunused-label]
   50 |   L_9D33_M0X0:
      |   ^~~~~~~~~~~
D:/l4t/DKC3Recomp/generated/snesrecomp/bankb6_part1d4_v2.c: In function 'CODE_B69D43_M0X0':
D:/l4t/DKC3Recomp/generated/snesrecomp/bankb6_part1d4_v2.c:50:3: warning: label 'L_9D43_M0X0' defined but not used [-Wunused-label]
   50 |   L_9D43_M0X0:
      |   ^~~~~~~~~~~
D:/l4t/DKC3Recomp/generated/snesrecomp/bankb6_part1f4_v2.c: In function 'kobble_and_skidda_main_M0X0':
D:/l4t/DKC3Recomp/generated/snesrecomp/bankb6_part1f4_v2.c:52:3: warning: label 'L_9F47_M0X0' defined but not used [-Wunused-label]
   52 |   L_9F47_M0X0:
      |   ^~~~~~~~~~~
D:/l4t/DKC3Recomp/generated/snesrecomp/bankb6_part1f5_v2.c: In function 'CODE_B69F52_M0X0':
D:/l4t/DKC3Recomp/generated/snesrecomp/bankb6_part1f5_v2.c:50:3: warning: label 'L_9F52_M0X0' defined but not used [-Wunused-label]
   50 |   L_9F52_M0X0:
      |   ^~~~~~~~~~~
D:/l4t/DKC3Recomp/generated/snesrecomp/bankb6_part1f8_v2.c: In function 'CODE_B69F87_M0X0':
D:/l4t/DKC3Recomp/generated/snesrecomp/bankb6_part1f8_v2.c:51:3: warning: label 'L_9F87_M0X0' defined but not used [-Wunused-label]
   51 |   L_9F87_M0X0:
      |   ^~~~~~~~~~~
D:/l4t/DKC3Recomp/generated/snesrecomp/bankb6_part1f8_v2.c: In function 'CODE_B69F8A_M0X0':
D:/l4t/DKC3Recomp/generated/snesrecomp/bankb6_part1f8_v2.c:95:3: warning: label 'L_9F8A_M0X0' defined but not used [-Wunused-label]
   95 |   L_9F8A_M0X0:
      |   ^~~~~~~~~~~
D:/l4t/DKC3Recomp/generated/snesrecomp/bankb6_part1fa_v2.c: In function 'minkey_main_M0X0':
D:/l4t/DKC3Recomp/generated/snesrecomp/bankb6_part1fa_v2.c:49:3: warning: label 'L_9FAC_M0X0' defined but not used [-Wunused-label]
   49 |   L_9FAC_M0X0:
      |   ^~~~~~~~~~~
D:/l4t/DKC3Recomp/generated/snesrecomp/bankb6_part1fd_v2.c: In function 'minkey_acorn_main_M0X0':
D:/l4t/DKC3Recomp/generated/snesrecomp/bankb6_part1fd_v2.c:50:3: warning: label 'L_9FD0_M0X0' defined but not used [-Wunused-label]
   50 |   L_9FD0_M0X0:
      |   ^~~~~~~~~~~
D:/l4t/DKC3Recomp/generated/snesrecomp/bankb6_part1fd_v2.c: In function 'minkey_acorn_main_init_M0X0':
D:/l4t/DKC3Recomp/generated/snesrecomp/bankb6_part1fd_v2.c:140:3: warning: label 'L_9FD9_M0X0' defined but not used [-Wunused-label]
  140 |   L_9FD9_M0X0:
      |   ^~~~~~~~~~~
D:/l4t/DKC3Recomp/generated/snesrecomp/bankb6_part205_v2.c: In function 'unknown_sprite_0190_main_M0X0':
D:/l4t/DKC3Recomp/generated/snesrecomp/bankb6_part205_v2.c:52:3: warning: label 'L_A05C_M0X0' defined but not used [-Wunused-label]
   52 |   L_A05C_M0X0:
      |   ^~~~~~~~~~~
D:/l4t/DKC3Recomp/generated/snesrecomp/bankb6_part206_v2.c: In function 'CODE_B6A065_M0X0':
D:/l4t/DKC3Recomp/generated/snesrecomp/bankb6_part206_v2.c:50:3: warning: label 'L_A065_M0X0' defined but not used [-Wunused-label]
   50 |   L_A065_M0X0:
      |   ^~~~~~~~~~~
D:/l4t/DKC3Recomp/generated/snesrecomp/bankb6_part20c_v2.c: In function 'CODE_B6A0C3_M0X0':
D:/l4t/DKC3Recomp/generated/snesrecomp/bankb6_part20c_v2.c:51:3: warning: label 'L_A0C3_M0X0' defined but not used [-Wunused-label]
   51 |   L_A0C3_M0X0:
      |   ^~~~~~~~~~~
D:/l4t/DKC3Recomp/generated/snesrecomp/bankb6_part20d_v2.c: In function 'CODE_B6A0DC_M0X0':
D:/l4t/DKC3Recomp/generated/snesrecomp/bankb6_part20d_v2.c:51:3: warning: label 'L_A0DC_M0X0' defined but not used [-Wunused-label]
   51 |   L_A0DC_M0X0:
      |   ^~~~~~~~~~~
D:/l4t/DKC3Recomp/generated/snesrecomp/bankb6_part20e_v2.c: In function 'koin_main_M0X0':
D:/l4t/DKC3Recomp/generated/snesrecomp/bankb6_part20e_v2.c:54:3: warning: label 'L_A0E7_M0X0' defined but not used [-Wunused-label]
   54 |   L_A0E7_M0X0:
      |   ^~~~~~~~~~~
D:/l4t/DKC3Recomp/generated/snesrecomp/bankb6_part210_v2.c: In function 'CODE_B6A104_M0X0':
D:/l4t/DKC3Recomp/generated/snesrecomp/bankb6_part210_v2.c:52:3: warning: label 'L_A104_M0X0' defined but not used [-Wunused-label]
   52 |   L_A104_M0X0:
      |   ^~~~~~~~~~~
D:/l4t/DKC3Recomp/generated/snesrecomp/bankb6_part218_v2.c: In function 'CODE_B6A180_M0X0':
D:/l4t/DKC3Recomp/generated/snesrecomp/bankb6_part218_v2.c:52:3: warning: label 'L_A180_M0X0' defined but not used [-Wunused-label]
   52 |   L_A180_M0X0:
      |   ^~~~~~~~~~~
D:/l4t/DKC3Recomp/generated/snesrecomp/bankb6_part218_v2.c: In function 'CODE_B6A18E_M0X0':
D:/l4t/DKC3Recomp/generated/snesrecomp/bankb6_part218_v2.c:242:3: warning: label 'L_A18E_M0X0' defined but not used [-Wunused-label]
  242 |   L_A18E_M0X0:
      |   ^~~~~~~~~~~
D:/l4t/DKC3Recomp/generated/snesrecomp/bankb6_part21_v2.c: In function 'CODE_B68212_M0X0':
D:/l4t/DKC3Recomp/generated/snesrecomp/bankb6_part21_v2.c:50:3: warning: label 'L_8212_M0X0' defined but not used [-Wunused-label]
   50 |   L_8212_M0X0:
      |   ^~~~~~~~~~~
D:/l4t/DKC3Recomp/generated/snesrecomp/bankb6_part21a_v2.c: In function 'CODE_B6A1A8_M0X0':
D:/l4t/DKC3Recomp/generated/snesrecomp/bankb6_part21a_v2.c:51:3: warning: label 'L_A1A8_M0X0' defined but not used [-Wunused-label]
   51 |   L_A1A8_M0X0:
      |   ^~~~~~~~~~~
D:/l4t/DKC3Recomp/generated/snesrecomp/bankb6_part21b_v2.c: In function 'CODE_B6A1B7_M0X0':
D:/l4t/DKC3Recomp/generated/snesrecomp/bankb6_part21b_v2.c:51:3: warning: label 'L_A1B7_M0X0' defined but not used [-Wunused-label]
   51 |   L_A1B7_M0X0:
      |   ^~~~~~~~~~~
D:/l4t/DKC3Recomp/generated/snesrecomp/bankb6_part22_v2.c: In function 'koco_main_M0X0':
D:/l4t/DKC3Recomp/generated/snesrecomp/bankb6_part22_v2.c:49:3: warning: label 'L_8221_M0X0' defined but not used [-Wunused-label]
   49 |   L_8221_M0X0:
      |   ^~~~~~~~~~~
D:/l4t/DKC3Recomp/generated/snesrecomp/bankb6_part242_v2.c: In function 'CODE_B6A429_M0X0':
D:/l4t/DKC3Recomp/generated/snesrecomp/bankb6_part242_v2.c:53:3: warning: label 'L_A429_M0X0' defined but not used [-Wunused-label]
   53 |   L_A429_M0X0:
      |   ^~~~~~~~~~~
D:/l4t/DKC3Recomp/generated/snesrecomp/bankb6_part242_v2.c: In function 'CODE_B6A42D_M0X0':
D:/l4t/DKC3Recomp/generated/snesrecomp/bankb6_part242_v2.c:209:3: warning: label 'L_A42D_M0X0' defined but not used [-Wunused-label]
  209 |   L_A42D_M0X0:
      |   ^~~~~~~~~~~
D:/l4t/DKC3Recomp/generated/snesrecomp/bankb6_part244_v2.c: In function 'CODE_B6A443_M0X0':
D:/l4t/DKC3Recomp/generated/snesrecomp/bankb6_part244_v2.c:49:3: warning: label 'L_A443_M0X0' defined but not used [-Wunused-label]
   49 |   L_A443_M0X0:
      |   ^~~~~~~~~~~
D:/l4t/DKC3Recomp/generated/snesrecomp/bankb6_part245_v2.c: In function 'CODE_B6A45A_M0X0':
D:/l4t/DKC3Recomp/generated/snesrecomp/bankb6_part245_v2.c:49:3: warning: label 'L_A45A_M0X0' defined but not used [-Wunused-label]
   49 |   L_A45A_M0X0:
      |   ^~~~~~~~~~~
D:/l4t/DKC3Recomp/generated/snesrecomp/bankb6_part248_v2.c: In function 'CODE_B6A482_M0X0':
D:/l4t/DKC3Recomp/generated/snesrecomp/bankb6_part248_v2.c:49:3: warning: label 'L_A482_M0X0' defined but not used [-Wunused-label]
   49 |   L_A482_M0X0:
      |   ^~~~~~~~~~~
D:/l4t/DKC3Recomp/generated/snesrecomp/bankb6_part25d_v2.c: In function 'CODE_B6A5DC_M0X0':
D:/l4t/DKC3Recomp/generated/snesrecomp/bankb6_part25d_v2.c:49:3: warning: label 'L_A5DC_M0X0' defined but not used [-Wunused-label]
   49 |   L_A5DC_M0X0:
      |   ^~~~~~~~~~~
D:/l4t/DKC3Recomp/generated/snesrecomp/bankb6_part260_v2.c: In function 'CODE_B6A604_M0X0':
D:/l4t/DKC3Recomp/generated/snesrecomp/bankb6_part260_v2.c:49:3: warning: label 'L_A604_M0X0' defined but not used [-Wunused-label]
   49 |   L_A604_M0X0:
      |   ^~~~~~~~~~~
D:/l4t/DKC3Recomp/generated/snesrecomp/bankb6_part263_v2.c: In function 'CODE_B6A638_M0X0':
D:/l4t/DKC3Recomp/generated/snesrecomp/bankb6_part263_v2.c:49:3: warning: label 'L_A638_M0X0' defined but not used [-Wunused-label]
   49 |   L_A638_M0X0:
      |   ^~~~~~~~~~~
D:/l4t/DKC3Recomp/generated/snesrecomp/bankb6_part273_v2.c: In function 'dk_coin_main_M0X0':
D:/l4t/DKC3Recomp/generated/snesrecomp/bankb6_part273_v2.c:50:3: warning: label 'L_A736_M0X0' defined but not used [-Wunused-label]
   50 |   L_A736_M0X0:
      |   ^~~~~~~~~~~
D:/l4t/DKC3Recomp/generated/snesrecomp/bankb6_part273_v2.c: In function 'CODE_B6A73F_M0X0':
D:/l4t/DKC3Recomp/generated/snesrecomp/bankb6_part273_v2.c:140:3: warning: label 'L_A73F_M0X0' defined but not used [-Wunused-label]
  140 |   L_A73F_M0X0:
      |   ^~~~~~~~~~~
D:/l4t/DKC3Recomp/generated/snesrecomp/bankb6_part278_v2.c: In function 'knocka_main_M0X0':
D:/l4t/DKC3Recomp/generated/snesrecomp/bankb6_part278_v2.c:53:3: warning: label 'L_A78E_M0X0' defined but not used [-Wunused-label]
   53 |   L_A78E_M0X0:
      |   ^~~~~~~~~~~
D:/l4t/DKC3Recomp/generated/snesrecomp/bankb6_part27_v2.c: In function 'mill_platform_main_M0X0':
D:/l4t/DKC3Recomp/generated/snesrecomp/bankb6_part27_v2.c:51:3: warning: label 'L_8272_M0X0' defined but not used [-Wunused-label]
   51 |   L_8272_M0X0:
      |   ^~~~~~~~~~~
D:/l4t/DKC3Recomp/generated/snesrecomp/bankb6_part27b_v2.c: In function 'CODE_B6A7B3_M0X0':
D:/l4t/DKC3Recomp/generated/snesrecomp/bankb6_part27b_v2.c:50:3: warning: label 'L_A7B3_M0X0' defined but not used [-Wunused-label]
   50 |   L_A7B3_M0X0:
      |   ^~~~~~~~~~~
D:/l4t/DKC3Recomp/generated/snesrecomp/bankb6_part27c_v2.c: In function 'CODE_B6A7C0_M0X0':
D:/l4t/DKC3Recomp/generated/snesrecomp/bankb6_part27c_v2.c:52:3: warning: label 'L_A7C0_M0X0' defined but not used [-Wunused-label]
   52 |   L_A7C0_M0X0:
      |   ^~~~~~~~~~~
D:/l4t/DKC3Recomp/generated/snesrecomp/bankb6_part28_v2.c: In function 'CODE_B68283_M0X0':
D:/l4t/DKC3Recomp/generated/snesrecomp/bankb6_part28_v2.c:50:3: warning: label 'L_8283_M0X0' defined but not used [-Wunused-label]
   50 |   L_8283_M0X0:
      |   ^~~~~~~~~~~
D:/l4t/DKC3Recomp/generated/snesrecomp/bankb6_part2a2_v2.c: In function 'CODE_B6AA22_M0X0':
D:/l4t/DKC3Recomp/generated/snesrecomp/bankb6_part2a2_v2.c:50:3: warning: label 'L_AA22_M0X0' defined but not used [-Wunused-label]
   50 |   L_AA22_M0X0:
      |   ^~~~~~~~~~~
D:/l4t/DKC3Recomp/generated/snesrecomp/bankb6_part2ab_v2.c: In function 'CODE_B6AAB0_M0X0':
D:/l4t/DKC3Recomp/generated/snesrecomp/bankb6_part2ab_v2.c:50:3: warning: label 'L_AAB0_M0X0' defined but not used [-Wunused-label]
   50 |   L_AAB0_M0X0:
      |   ^~~~~~~~~~~
D:/l4t/DKC3Recomp/generated/snesrecomp/bankb6_part2af_v2.c: In function 'knocka_limbs_main_M0X0':
D:/l4t/DKC3Recomp/generated/snesrecomp/bankb6_part2af_v2.c:50:3: warning: label 'L_AAFE_M0X0' defined but not used [-Wunused-label]
   50 |   L_AAFE_M0X0:
      |   ^~~~~~~~~~~
D:/l4t/DKC3Recomp/generated/snesrecomp/bankb6_part2b0_v2.c: In function 'krimp_main_M0X0':
D:/l4t/DKC3Recomp/generated/snesrecomp/bankb6_part2b0_v2.c:51:3: warning: label 'L_AB07_M0X0' defined but not used [-Wunused-label]
   51 |   L_AB07_M0X0:
      |   ^~~~~~~~~~~
D:/l4t/DKC3Recomp/generated/snesrecomp/bankb6_part2b1_v2.c: In function 'krimp_main_init_M0X0':
D:/l4t/DKC3Recomp/generated/snesrecomp/bankb6_part2b1_v2.c:50:3: warning: label 'L_AB10_M0X0' defined but not used [-Wunused-label]
   50 |   L_AB10_M0X0:
      |   ^~~~~~~~~~~
D:/l4t/DKC3Recomp/generated/snesrecomp/bankb6_part2b4_v2.c: In function 'krimp_main_defeated_M0X0':
D:/l4t/DKC3Recomp/generated/snesrecomp/bankb6_part2b4_v2.c:49:3: warning: label 'L_AB46_M0X0' defined but not used [-Wunused-label]
   49 |   L_AB46_M0X0:
      |   ^~~~~~~~~~~
D:/l4t/DKC3Recomp/generated/snesrecomp/bankb6_part2b6_v2.c: In function 'bristles_main_M0X0':
D:/l4t/DKC3Recomp/generated/snesrecomp/bankb6_part2b6_v2.c:54:3: warning: label 'L_AB6B_M0X0' defined but not used [-Wunused-label]
   54 |   L_AB6B_M0X0:
      |   ^~~~~~~~~~~
D:/l4t/DKC3Recomp/generated/snesrecomp/bankb6_part2b8_v2.c: In function 'CODE_B6AB82_M0X0':
D:/l4t/DKC3Recomp/generated/snesrecomp/bankb6_part2b8_v2.c:50:3: warning: label 'L_AB82_M0X0' defined but not used [-Wunused-label]
   50 |   L_AB82_M0X0:
      |   ^~~~~~~~~~~
D:/l4t/DKC3Recomp/generated/snesrecomp/bankb6_part2bd_v2.c: In function 'CODE_B6ABD7_M0X0':
D:/l4t/DKC3Recomp/generated/snesrecomp/bankb6_part2bd_v2.c:49:3: warning: label 'L_ABD7_M0X0' defined but not used [-Wunused-label]
   49 |   L_ABD7_M0X0:
      |   ^~~~~~~~~~~
D:/l4t/DKC3Recomp/generated/snesrecomp/bankb6_part2c2_v2.c: In function 'CODE_B6AC2C_M0X0':
D:/l4t/DKC3Recomp/generated/snesrecomp/bankb6_part2c2_v2.c:49:3: warning: label 'L_AC2C_M0X0' defined but not used [-Wunused-label]
   49 |   L_AC2C_M0X0:
      |   ^~~~~~~~~~~
D:/l4t/DKC3Recomp/generated/snesrecomp/bankb6_part2c4_v2.c: In function 'CODE_B6AC44_M0X0':
D:/l4t/DKC3Recomp/generated/snesrecomp/bankb6_part2c4_v2.c:49:3: warning: label 'L_AC44_M0X0' defined but not used [-Wunused-label]
   49 |   L_AC44_M0X0:
      |   ^~~~~~~~~~~
D:/l4t/DKC3Recomp/generated/snesrecomp/bankb6_part2c8_v2.c: In function 'CODE_B6AC8B_M0X0':
D:/l4t/DKC3Recomp/generated/snesrecomp/bankb6_part2c8_v2.c:49:3: warning: label 'L_AC8B_M0X0' defined but not used [-Wunused-label]
   49 |   L_AC8B_M0X0:
      |   ^~~~~~~~~~~
D:/l4t/DKC3Recomp/generated/snesrecomp/bankb6_part2d2_v2.c: In function 'krumple_main_M0X0':
D:/l4t/DKC3Recomp/generated/snesrecomp/bankb6_part2d2_v2.c:51:3: warning: label 'L_AD25_M0X0' defined but not used [-Wunused-label]
   51 |   L_AD25_M0X0:
      |   ^~~~~~~~~~~
D:/l4t/DKC3Recomp/generated/snesrecomp/bankb6_part2d3_v2.c: In function 'krumple_main_init_M0X0':
D:/l4t/DKC3Recomp/generated/snesrecomp/bankb6_part2d3_v2.c:50:3: warning: label 'L_AD34_M0X0' defined but not used [-Wunused-label]
   50 |   L_AD34_M0X0:
      |   ^~~~~~~~~~~
D:/l4t/DKC3Recomp/generated/snesrecomp/bankb6_part2d6_v2.c: In function 'krumple_main_defeated_M0X0':
D:/l4t/DKC3Recomp/generated/snesrecomp/bankb6_part2d6_v2.c:49:3: warning: label 'L_AD6A_M0X0' defined but not used [-Wunused-label]
   49 |   L_AD6A_M0X0:
      |   ^~~~~~~~~~~
D:/l4t/DKC3Recomp/generated/snesrecomp/bankb6_part2df_v2.c: In function 'swoopy_spawner_main_M0X0':
D:/l4t/DKC3Recomp/generated/snesrecomp/bankb6_part2df_v2.c:50:3: warning: label 'L_ADFC_M0X0' defined but not used [-Wunused-label]
   50 |   L_ADFC_M0X0:
      |   ^~~~~~~~~~~
D:/l4t/DKC3Recomp/generated/snesrecomp/bankb6_part2e0_v2.c: In function 'swoopy_spawner_main_init_M0X0':
D:/l4t/DKC3Recomp/generated/snesrecomp/bankb6_part2e0_v2.c:50:3: warning: label 'L_AE03_M0X0' defined but not used [-Wunused-label]
   50 |   L_AE03_M0X0:
      |   ^~~~~~~~~~~
D:/l4t/DKC3Recomp/generated/snesrecomp/bankb6_part2e4_v2.c: In function 'swoopy_main_M0X0':
D:/l4t/DKC3Recomp/generated/snesrecomp/bankb6_part2e4_v2.c:52:3: warning: label 'L_AE42_M0X0' defined but not used [-Wunused-label]
   52 |   L_AE42_M0X0:
      |   ^~~~~~~~~~~
D:/l4t/DKC3Recomp/generated/snesrecomp/bankb6_part2e5_v2.c: In function 'CODE_B6AE5B_M0X0':
D:/l4t/DKC3Recomp/generated/snesrecomp/bankb6_part2e5_v2.c:49:3: warning: label 'L_AE5B_M0X0' defined but not used [-Wunused-label]
   49 |   L_AE5B_M0X0:
      |   ^~~~~~~~~~~
D:/l4t/DKC3Recomp/generated/snesrecomp/bankb6_part2e_v2.c: In function 'CODE_B682E5_M0X0':
D:/l4t/DKC3Recomp/generated/snesrecomp/bankb6_part2e_v2.c:50:3: warning: label 'L_82E5_M0X0' defined but not used [-Wunused-label]
   50 |   L_82E5_M0X0:
      |   ^~~~~~~~~~~
D:/l4t/DKC3Recomp/generated/snesrecomp/bankb6_part2e_v2.c: In function 'CODE_B682E8_M0X0':
D:/l4t/DKC3Recomp/generated/snesrecomp/bankb6_part2e_v2.c:96:3: warning: label 'L_82E8_M0X0' defined but not used [-Wunused-label]
   96 |   L_82E8_M0X0:
      |   ^~~~~~~~~~~
D:/l4t/DKC3Recomp/generated/snesrecomp/bankb6_part2ec_v2.c: In function 'CODE_B6AEC1_M0X0':
D:/l4t/DKC3Recomp/generated/snesrecomp/bankb6_part2ec_v2.c:49:3: warning: label 'L_AEC1_M0X0' defined but not used [-Wunused-label]
   49 |   L_AEC1_M0X0:
      |   ^~~~~~~~~~~
D:/l4t/DKC3Recomp/generated/snesrecomp/bankb6_part2f8_v2.c: In function 'CODE_B6AF8F_M0X0':
D:/l4t/DKC3Recomp/generated/snesrecomp/bankb6_part2f8_v2.c:50:3: warning: label 'L_AF8F_M0X0' defined but not used [-Wunused-label]
   50 |   L_AF8F_M0X0:
      |   ^~~~~~~~~~~
D:/l4t/DKC3Recomp/generated/snesrecomp/bankb6_part2f9_v2.c: In function 'CODE_B6AF9B_M0X0':
D:/l4t/DKC3Recomp/generated/snesrecomp/bankb6_part2f9_v2.c:50:3: warning: label 'L_AF9B_M0X0' defined but not used [-Wunused-label]
   50 |   L_AF9B_M0X0:
      |   ^~~~~~~~~~~
D:/l4t/DKC3Recomp/generated/snesrecomp/bankb6_part2fa_v2.c: In function 'CODE_B6AFAD_M0X0':
D:/l4t/DKC3Recomp/generated/snesrecomp/bankb6_part2fa_v2.c:50:3: warning: label 'L_AFAD_M0X0' defined but not used [-Wunused-label]
   50 |   L_AFAD_M0X0:
      |   ^~~~~~~~~~~
D:/l4t/DKC3Recomp/generated/snesrecomp/bankb6_part2fb_v2.c: In function 'CODE_B6AFB9_M0X0':
D:/l4t/DKC3Recomp/generated/snesrecomp/bankb6_part2fb_v2.c:49:3: warning: label 'L_AFB9_M0X0' defined but not used [-Wunused-label]
   49 |   L_AFB9_M0X0:
      |   ^~~~~~~~~~~
D:/l4t/DKC3Recomp/generated/snesrecomp/bankb6_part304_v2.c: In function 'kuchuka_main_M0X0':
D:/l4t/DKC3Recomp/generated/snesrecomp/bankb6_part304_v2.c:51:3: warning: label 'L_B04C_M0X0' defined but not used [-Wunused-label]
   51 |   L_B04C_M0X0:
      |   ^~~~~~~~~~~
D:/l4t/DKC3Recomp/generated/snesrecomp/bankb6_part31e_v2.c: In function 'CODE_B6B1EF_M0X0':
D:/l4t/DKC3Recomp/generated/snesrecomp/bankb6_part31e_v2.c:53:3: warning: label 'L_B1EF_M0X0' defined but not used [-Wunused-label]
   53 |   L_B1EF_M0X0:
      |   ^~~~~~~~~~~
D:/l4t/DKC3Recomp/generated/snesrecomp/bankb6_part321_v2.c: In function 'CODE_B6B21A_M0X0':
D:/l4t/DKC3Recomp/generated/snesrecomp/bankb6_part321_v2.c:50:3: warning: label 'L_B21A_M0X0' defined but not used [-Wunused-label]
   50 |   L_B21A_M0X0:
      |   ^~~~~~~~~~~
D:/l4t/DKC3Recomp/generated/snesrecomp/bankb6_part322_v2.c: In function 'CODE_B6B22E_M0X0':
D:/l4t/DKC3Recomp/generated/snesrecomp/bankb6_part322_v2.c:50:3: warning: label 'L_B22E_M0X0' defined but not used [-Wunused-label]
   50 |   L_B22E_M0X0:
      |   ^~~~~~~~~~~
D:/l4t/DKC3Recomp/generated/snesrecomp/bankb6_part324_v2.c: In function 'kuchuka_bomb_main_M0X0':
D:/l4t/DKC3Recomp/generated/snesrecomp/bankb6_part324_v2.c:50:3: warning: label 'L_B240_M0X0' defined but not used [-Wunused-label]
   50 |   L_B240_M0X0:
      |   ^~~~~~~~~~~
D:/l4t/DKC3Recomp/generated/snesrecomp/bankb6_part329_v2.c: In function 'CODE_B6B294_M0X0':
D:/l4t/DKC3Recomp/generated/snesrecomp/bankb6_part329_v2.c:52:3: warning: label 'L_B294_M0X0' defined but not used [-Wunused-label]
   52 |   L_B294_M0X0:
      |   ^~~~~~~~~~~
D:/l4t/DKC3Recomp/generated/snesrecomp/bankb6_part33d_v2.c: In function 'CODE_B6B3D6_M0X0':
D:/l4t/DKC3Recomp/generated/snesrecomp/bankb6_part33d_v2.c:51:3: warning: label 'L_B3D6_M0X0' defined but not used [-Wunused-label]
   51 |   L_B3D6_M0X0:
      |   ^~~~~~~~~~~
D:/l4t/DKC3Recomp/generated/snesrecomp/bankb6_part34_v2.c: In function 'CODE_B6834B_M0X0':
D:/l4t/DKC3Recomp/generated/snesrecomp/bankb6_part34_v2.c:50:3: warning: label 'L_834B_M0X0' defined but not used [-Wunused-label]
   50 |   L_834B_M0X0:
      |   ^~~~~~~~~~~
D:/l4t/DKC3Recomp/generated/snesrecomp/bankb6_part355_v2.c: In function 'CODE_B6B557_M0X0':
D:/l4t/DKC3Recomp/generated/snesrecomp/bankb6_part355_v2.c:49:3: warning: label 'L_B557_M0X0' defined but not used [-Wunused-label]
   49 |   L_B557_M0X0:
      |   ^~~~~~~~~~~
D:/l4t/DKC3Recomp/generated/snesrecomp/bankb6_part366_v2.c: In function 'CODE_B6B66B_M0X0':
D:/l4t/DKC3Recomp/generated/snesrecomp/bankb6_part366_v2.c:49:3: warning: label 'L_B66B_M0X0' defined but not used [-Wunused-label]
   49 |   L_B66B_M0X0:
      |   ^~~~~~~~~~~
D:/l4t/DKC3Recomp/generated/snesrecomp/bankb6_part367_v2.c: In function 'CODE_B6B674_M0X0':
D:/l4t/DKC3Recomp/generated/snesrecomp/bankb6_part367_v2.c:49:3: warning: label 'L_B674_M0X0' defined but not used [-Wunused-label]
   49 |   L_B674_M0X0:
      |   ^~~~~~~~~~~
D:/l4t/DKC3Recomp/generated/snesrecomp/bankb6_part36a_v2.c: In function 'CODE_B6B6A4_M0X0':
D:/l4t/DKC3Recomp/generated/snesrecomp/bankb6_part36a_v2.c:51:3: warning: label 'L_B6A4_M0X0' defined but not used [-Wunused-label]
   51 |   L_B6A4_M0X0:
      |   ^~~~~~~~~~~
D:/l4t/DKC3Recomp/generated/snesrecomp/bankb6_part36b_v2.c: In function 'CODE_B6B6B3_M0X0':
D:/l4t/DKC3Recomp/generated/snesrecomp/bankb6_part36b_v2.c:51:3: warning: label 'L_B6B3_M0X0' defined but not used [-Wunused-label]
   51 |   L_B6B3_M0X0:
      |   ^~~~~~~~~~~
D:/l4t/DKC3Recomp/generated/snesrecomp/bankb6_part374_v2.c: In function 'bazza_spawner_main_M0X0':
D:/l4t/DKC3Recomp/generated/snesrecomp/bankb6_part374_v2.c:51:3: warning: label 'L_B745_M0X0' defined but not used [-Wunused-label]
   51 |   L_B745_M0X0:
      |   ^~~~~~~~~~~
D:/l4t/DKC3Recomp/generated/snesrecomp/bankb6_part374_v2.c: In function 'bazza_spawner_main_init_M0X0':
D:/l4t/DKC3Recomp/generated/snesrecomp/bankb6_part374_v2.c:129:3: warning: label 'L_B74C_M0X0' defined but not used [-Wunused-label]
  129 |   L_B74C_M0X0:
      |   ^~~~~~~~~~~
D:/l4t/DKC3Recomp/generated/snesrecomp/bankb6_part378_v2.c: In function 'bazza_main_M0X0':
D:/l4t/DKC3Recomp/generated/snesrecomp/bankb6_part378_v2.c:50:3: warning: label 'L_B788_M0X0' defined but not used [-Wunused-label]
   50 |   L_B788_M0X0:
      |   ^~~~~~~~~~~
D:/l4t/DKC3Recomp/generated/snesrecomp/bankb6_part37c_v2.c: In function 'CODE_B6B7CD_M0X0':
D:/l4t/DKC3Recomp/generated/snesrecomp/bankb6_part37c_v2.c:49:3: warning: label 'L_B7CD_M0X0' defined but not used [-Wunused-label]
   49 |   L_B7CD_M0X0:
      |   ^~~~~~~~~~~
D:/l4t/DKC3Recomp/generated/snesrecomp/bankb6_part37d_v2.c: In function 'booty_bird_main_M0X0':
D:/l4t/DKC3Recomp/generated/snesrecomp/bankb6_part37d_v2.c:51:3: warning: label 'L_B7D0_M0X0' defined but not used [-Wunused-label]
   51 |   L_B7D0_M0X0:
      |   ^~~~~~~~~~~
D:/l4t/DKC3Recomp/generated/snesrecomp/bankb6_part37e_v2.c: In function 'CODE_B6B7E3_M0X0':
D:/l4t/DKC3Recomp/generated/snesrecomp/bankb6_part37e_v2.c:51:3: warning: label 'L_B7E3_M0X0' defined but not used [-Wunused-label]
   51 |   L_B7E3_M0X0:
      |   ^~~~~~~~~~~
D:/l4t/DKC3Recomp/generated/snesrecomp/bankb6_part39b_v2.c: In function 'CODE_B6B9B5_M0X0':
D:/l4t/DKC3Recomp/generated/snesrecomp/bankb6_part39b_v2.c:49:3: warning: label 'L_B9B5_M0X0' defined but not used [-Wunused-label]
   49 |   L_B9B5_M0X0:
      |   ^~~~~~~~~~~
D:/l4t/DKC3Recomp/generated/snesrecomp/bankb6_part39f_v2.c: In function 'unknown_sprite_0438_main_M0X0':
D:/l4t/DKC3Recomp/generated/snesrecomp/bankb6_part39f_v2.c:51:3: warning: label 'L_B9F9_M0X0' defined but not used [-Wunused-label]
   51 |   L_B9F9_M0X0:
      |   ^~~~~~~~~~~
D:/l4t/DKC3Recomp/generated/snesrecomp/bankb6_part3a0_v2.c: In function 'unknown_sprite_043C_main_M0X0':
D:/l4t/DKC3Recomp/generated/snesrecomp/bankb6_part3a0_v2.c:55:3: warning: label 'L_BA00_M0X0' defined but not used [-Wunused-label]
   55 |   L_BA00_M0X0:
      |   ^~~~~~~~~~~
D:/l4t/DKC3Recomp/generated/snesrecomp/bankb6_part3a0_v2.c: In function 'unknown_sprite_0440_main_M0X0':
D:/l4t/DKC3Recomp/generated/snesrecomp/bankb6_part3a0_v2.c:131:3: warning: label 'L_BA07_M0X0' defined but not used [-Wunused-label]
  131 |   L_BA07_M0X0:
      |   ^~~~~~~~~~~
D:/l4t/DKC3Recomp/generated/snesrecomp/bankb6_part3a0_v2.c: In function 'CODE_B6BA0E_M0X0':
D:/l4t/DKC3Recomp/generated/snesrecomp/bankb6_part3a0_v2.c:207:3: warning: label 'L_BA0E_M0X0' defined but not used [-Wunused-label]
  207 |   L_BA0E_M0X0:
      |   ^~~~~~~~~~~
D:/l4t/DKC3Recomp/generated/snesrecomp/bankb6_part3a2_v2.c: In function 'nid_main_M0X0':
D:/l4t/DKC3Recomp/generated/snesrecomp/bankb6_part3a2_v2.c:50:3: warning: label 'L_BA29_M0X0' defined but not used [-Wunused-label]
   50 |   L_BA29_M0X0:
      |   ^~~~~~~~~~~
D:/l4t/DKC3Recomp/generated/snesrecomp/bankb6_part3a3_v2.c: In function 'CODE_B6BA36_M0X0':
D:/l4t/DKC3Recomp/generated/snesrecomp/bankb6_part3a3_v2.c:50:3: warning: label 'L_BA36_M0X0' defined but not used [-Wunused-label]
   50 |   L_BA36_M0X0:
      |   ^~~~~~~~~~~
D:/l4t/DKC3Recomp/generated/snesrecomp/bankb6_part3af_v2.c: In function 'CODE_B6BAF1_M0X0':
D:/l4t/DKC3Recomp/generated/snesrecomp/bankb6_part3af_v2.c:50:3: warning: label 'L_BAF1_M0X0' defined but not used [-Wunused-label]
   50 |   L_BAF1_M0X0:
      |   ^~~~~~~~~~~
D:/l4t/DKC3Recomp/generated/snesrecomp/bankb6_part3b3_v2.c: In function 'CODE_B6BB34_M0X0':
D:/l4t/DKC3Recomp/generated/snesrecomp/bankb6_part3b3_v2.c:50:3: warning: label 'L_BB34_M0X0' defined but not used [-Wunused-label]
   50 |   L_BB34_M0X0:
      |   ^~~~~~~~~~~
D:/l4t/DKC3Recomp/generated/snesrecomp/bankb6_part3b4_v2.c: In function 'bazuka_main_M0X0':
D:/l4t/DKC3Recomp/generated/snesrecomp/bankb6_part3b4_v2.c:52:3: warning: label 'L_BB47_M0X0' defined but not used [-Wunused-label]
   52 |   L_BB47_M0X0:
      |   ^~~~~~~~~~~
D:/l4t/DKC3Recomp/generated/snesrecomp/bankb6_part3b5_v2.c: In function 'CODE_B6BB5C_M0X0':
D:/l4t/DKC3Recomp/generated/snesrecomp/bankb6_part3b5_v2.c:51:3: warning: label 'L_BB5C_M0X0' defined but not used [-Wunused-label]
   51 |   L_BB5C_M0X0:
      |   ^~~~~~~~~~~
D:/l4t/DKC3Recomp/generated/snesrecomp/bankb6_part3b_v2.c: In function 'CODE_B683B3_M0X0':
D:/l4t/DKC3Recomp/generated/snesrecomp/bankb6_part3b_v2.c:49:3: warning: label 'L_83B3_M0X0' defined but not used [-Wunused-label]
   49 |   L_83B3_M0X0:
      |   ^~~~~~~~~~~
D:/l4t/DKC3Recomp/generated/snesrecomp/bankb6_part3c4_v2.c: In function 'CODE_B6BC44_M0X0':
D:/l4t/DKC3Recomp/generated/snesrecomp/bankb6_part3c4_v2.c:54:3: warning: label 'L_BC44_M0X0' defined but not used [-Wunused-label]
   54 |   L_BC44_M0X0:
      |   ^~~~~~~~~~~
D:/l4t/DKC3Recomp/generated/snesrecomp/bankb6_part3c4_v2.c: In function 'CODE_B6BC47_M0X0':
D:/l4t/DKC3Recomp/generated/snesrecomp/bankb6_part3c4_v2.c:98:3: warning: label 'L_BC47_M0X0' defined but not used [-Wunused-label]
   98 |   L_BC47_M0X0:
      |   ^~~~~~~~~~~
D:/l4t/DKC3Recomp/generated/snesrecomp/bankb6_part3cf_v2.c: In function 'CODE_B6BCFB_M0X0':
D:/l4t/DKC3Recomp/generated/snesrecomp/bankb6_part3cf_v2.c:49:3: warning: label 'L_BCFB_M0X0' defined but not used [-Wunused-label]
   49 |   L_BCFB_M0X0:
      |   ^~~~~~~~~~~
D:/l4t/DKC3Recomp/generated/snesrecomp/bankb6_part3d0_v2.c: In function 'CODE_B6BD08_M0X0':
D:/l4t/DKC3Recomp/generated/snesrecomp/bankb6_part3d0_v2.c:49:3: warning: label 'L_BD08_M0X0' defined but not used [-Wunused-label]
   49 |   L_BD08_M0X0:
      |   ^~~~~~~~~~~
D:/l4t/DKC3Recomp/generated/snesrecomp/bankb6_part3df_v2.c: In function 'bazuka_barrel_main_M0X0':
D:/l4t/DKC3Recomp/generated/snesrecomp/bankb6_part3df_v2.c:49:3: warning: label 'L_BDFD_M0X0' defined but not used [-Wunused-label]
   49 |   L_BDFD_M0X0:
      |   ^~~~~~~~~~~
D:/l4t/DKC3Recomp/generated/snesrecomp/bankb6_part3f8_v2.c: In function 'CODE_B6BF85_M0X0':
D:/l4t/DKC3Recomp/generated/snesrecomp/bankb6_part3f8_v2.c:50:3: warning: label 'L_BF85_M0X0' defined but not used [-Wunused-label]
   50 |   L_BF85_M0X0:
      |   ^~~~~~~~~~~
D:/l4t/DKC3Recomp/generated/snesrecomp/bankb6_part3f9_v2.c: In function 'barrel_switch_main_M0X0':
D:/l4t/DKC3Recomp/generated/snesrecomp/bankb6_part3f9_v2.c:50:3: warning: label 'L_BF99_M0X0' defined but not used [-Wunused-label]
   50 |   L_BF99_M0X0:
      |   ^~~~~~~~~~~
D:/l4t/DKC3Recomp/generated/snesrecomp/bankb6_part3ff_v2.c: In function 'CODE_B6BFF6_M0X0':
D:/l4t/DKC3Recomp/generated/snesrecomp/bankb6_part3ff_v2.c:50:3: warning: label 'L_BFF6_M0X0' defined but not used [-Wunused-label]
   50 |   L_BFF6_M0X0:
      |   ^~~~~~~~~~~
D:/l4t/DKC3Recomp/generated/snesrecomp/bankb6_part401_v2.c: In function 'CODE_B6C014_M0X0':
D:/l4t/DKC3Recomp/generated/snesrecomp/bankb6_part401_v2.c:50:3: warning: label 'L_C014_M0X0' defined but not used [-Wunused-label]
   50 |   L_C014_M0X0:
      |   ^~~~~~~~~~~
D:/l4t/DKC3Recomp/generated/snesrecomp/bankb6_part402_v2.c: In function 'CODE_B6C022_M0X0':
D:/l4t/DKC3Recomp/generated/snesrecomp/bankb6_part402_v2.c:50:3: warning: label 'L_C022_M0X0' defined but not used [-Wunused-label]
   50 |   L_C022_M0X0:
      |   ^~~~~~~~~~~
D:/l4t/DKC3Recomp/generated/snesrecomp/bankb6_part403_v2.c: In function 'kopter_main_M0X0':
D:/l4t/DKC3Recomp/generated/snesrecomp/bankb6_part403_v2.c:55:3: warning: label 'L_C033_M0X0' defined but not used [-Wunused-label]
   55 |   L_C033_M0X0:
      |   ^~~~~~~~~~~
D:/l4t/DKC3Recomp/generated/snesrecomp/bankb6_part405_v2.c: In function 'CODE_B6C05C_M0X0':
D:/l4t/DKC3Recomp/generated/snesrecomp/bankb6_part405_v2.c:51:3: warning: label 'L_C05C_M0X0' defined but not used [-Wunused-label]
   51 |   L_C05C_M0X0:
      |   ^~~~~~~~~~~
D:/l4t/DKC3Recomp/generated/snesrecomp/bankb6_part40_v2.c: In function 'CODE_B6840E_M0X0':
D:/l4t/DKC3Recomp/generated/snesrecomp/bankb6_part40_v2.c:49:3: warning: label 'L_840E_M0X0' defined but not used [-Wunused-label]
   49 |   L_840E_M0X0:
      |   ^~~~~~~~~~~
D:/l4t/DKC3Recomp/generated/snesrecomp/bankb6_part40b_v2.c: In function 'CODE_B6C0B3_M0X0':
D:/l4t/DKC3Recomp/generated/snesrecomp/bankb6_part40b_v2.c:50:3: warning: label 'L_C0B3_M0X0' defined but not used [-Wunused-label]
   50 |   L_C0B3_M0X0:
      |   ^~~~~~~~~~~
D:/l4t/DKC3Recomp/generated/snesrecomp/bankb6_part40f_v2.c: In function 'CODE_B6C0F8_M0X0':
D:/l4t/DKC3Recomp/generated/snesrecomp/bankb6_part40f_v2.c:50:3: warning: label 'L_C0F8_M0X0' defined but not used [-Wunused-label]
   50 |   L_C0F8_M0X0:
      |   ^~~~~~~~~~~
D:/l4t/DKC3Recomp/generated/snesrecomp/bankb6_part41a_v2.c: In function 'CODE_B6C1A9_M0X0':
D:/l4t/DKC3Recomp/generated/snesrecomp/bankb6_part41a_v2.c:50:3: warning: label 'L_C1A9_M0X0' defined but not used [-Wunused-label]
   50 |   L_C1A9_M0X0:
      |   ^~~~~~~~~~~
D:/l4t/DKC3Recomp/generated/snesrecomp/bankb6_part426_v2.c: In function 'CODE_B6C26A_M0X0':
D:/l4t/DKC3Recomp/generated/snesrecomp/bankb6_part426_v2.c:49:3: warning: label 'L_C26A_M0X0' defined but not used [-Wunused-label]
   49 |   L_C26A_M0X0:
      |   ^~~~~~~~~~~
D:/l4t/DKC3Recomp/generated/snesrecomp/bankb6_part427_v2.c: In function 'CODE_B6C277_M0X0':
D:/l4t/DKC3Recomp/generated/snesrecomp/bankb6_part427_v2.c:49:3: warning: label 'L_C277_M0X0' defined but not used [-Wunused-label]
   49 |   L_C277_M0X0:
      |   ^~~~~~~~~~~
D:/l4t/DKC3Recomp/generated/snesrecomp/bankb6_part42a_v2.c: In function 'CODE_B6C2AF_M0X0':
D:/l4t/DKC3Recomp/generated/snesrecomp/bankb6_part42a_v2.c:49:3: warning: label 'L_C2AF_M0X0' defined but not used [-Wunused-label]
   49 |   L_C2AF_M0X0:
      |   ^~~~~~~~~~~
D:/l4t/DKC3Recomp/generated/snesrecomp/bankb6_part431_v2.c: In function 'CODE_B6C31F_M0X0':
D:/l4t/DKC3Recomp/generated/snesrecomp/bankb6_part431_v2.c:49:3: warning: label 'L_C31F_M0X0' defined but not used [-Wunused-label]
   49 |   L_C31F_M0X0:
      |   ^~~~~~~~~~~
D:/l4t/DKC3Recomp/generated/snesrecomp/bankb6_part432_v2.c: In function 'CODE_B6C32C_M0X0':
D:/l4t/DKC3Recomp/generated/snesrecomp/bankb6_part432_v2.c:49:3: warning: label 'L_C32C_M0X0' defined but not used [-Wunused-label]
   49 |   L_C32C_M0X0:
      |   ^~~~~~~~~~~
D:/l4t/DKC3Recomp/generated/snesrecomp/bankb6_part433_v2.c: In function 'murky_mill_elevator_main_M0X0':
D:/l4t/DKC3Recomp/generated/snesrecomp/bankb6_part433_v2.c:52:3: warning: label 'L_C33C_M0X0' defined but not used [-Wunused-label]
   52 |   L_C33C_M0X0:
      |   ^~~~~~~~~~~
D:/l4t/DKC3Recomp/generated/snesrecomp/bankb6_part43c_v2.c: In function 'CODE_B6C3CC_M0X0':
D:/l4t/DKC3Recomp/generated/snesrecomp/bankb6_part43c_v2.c:51:3: warning: label 'L_C3CC_M0X0' defined but not used [-Wunused-label]
   51 |   L_C3CC_M0X0:
      |   ^~~~~~~~~~~
D:/l4t/DKC3Recomp/generated/snesrecomp/bankb6_part43c_v2.c: In function 'CODE_B6C3CF_M0X0':
D:/l4t/DKC3Recomp/generated/snesrecomp/bankb6_part43c_v2.c:97:3: warning: label 'L_C3CF_M0X0' defined but not used [-Wunused-label]
   97 |   L_C3CF_M0X0:
      |   ^~~~~~~~~~~
D:/l4t/DKC3Recomp/generated/snesrecomp/bankb6_part43d_v2.c: In function 'CODE_B6C3DD_M0X0':
D:/l4t/DKC3Recomp/generated/snesrecomp/bankb6_part43d_v2.c:50:3: warning: label 'L_C3DD_M0X0' defined but not used [-Wunused-label]
   50 |   L_C3DD_M0X0:
      |   ^~~~~~~~~~~
D:/l4t/DKC3Recomp/generated/snesrecomp/bankb6_part43e_v2.c: In function 'CODE_B6C3EA_M0X0':
D:/l4t/DKC3Recomp/generated/snesrecomp/bankb6_part43e_v2.c:51:3: warning: label 'L_C3EA_M0X0' defined but not used [-Wunused-label]
   51 |   L_C3EA_M0X0:
      |   ^~~~~~~~~~~
D:/l4t/DKC3Recomp/generated/snesrecomp/bankb6_part443_v2.c: In function 'CODE_B6C43A_M0X0':
D:/l4t/DKC3Recomp/generated/snesrecomp/bankb6_part443_v2.c:49:3: warning: label 'L_C43A_M0X0' defined but not used [-Wunused-label]
   49 |   L_C43A_M0X0:
      |   ^~~~~~~~~~~
D:/l4t/DKC3Recomp/generated/snesrecomp/bankb6_part444_v2.c: In function 'CODE_B6C44C_M0X0':
D:/l4t/DKC3Recomp/generated/snesrecomp/bankb6_part444_v2.c:49:3: warning: label 'L_C44C_M0X0' defined but not used [-Wunused-label]
   49 |   L_C44C_M0X0:
      |   ^~~~~~~~~~~
D:/l4t/DKC3Recomp/generated/snesrecomp/bankb6_part445_v2.c: In function 'CODE_B6C458_M0X0':
D:/l4t/DKC3Recomp/generated/snesrecomp/bankb6_part445_v2.c:49:3: warning: label 'L_C458_M0X0' defined but not used [-Wunused-label]
   49 |   L_C458_M0X0:
      |   ^~~~~~~~~~~
D:/l4t/DKC3Recomp/generated/snesrecomp/bankb6_part454_v2.c: In function 'nibbla_head_main_M0X0':
D:/l4t/DKC3Recomp/generated/snesrecomp/bankb6_part454_v2.c:49:3: warning: label 'L_C541_M0X0' defined but not used [-Wunused-label]
   49 |   L_C541_M0X0:
      |   ^~~~~~~~~~~
D:/l4t/DKC3Recomp/generated/snesrecomp/bankb6_part46a_v2.c: In function 'CODE_B6C6AA_M0X0':
D:/l4t/DKC3Recomp/generated/snesrecomp/bankb6_part46a_v2.c:49:3: warning: label 'L_C6AA_M0X0' defined but not used [-Wunused-label]
   49 |   L_C6AA_M0X0:
      |   ^~~~~~~~~~~
D:/l4t/DKC3Recomp/generated/snesrecomp/bankb6_part46e_v2.c: In function 'CODE_B6C6EA_M0X0':
D:/l4t/DKC3Recomp/generated/snesrecomp/bankb6_part46e_v2.c:49:3: warning: label 'L_C6EA_M0X0' defined but not used [-Wunused-label]
   49 |   L_C6EA_M0X0:
      |   ^~~~~~~~~~~
D:/l4t/DKC3Recomp/generated/snesrecomp/bankb6_part47e_v2.c: In function 'CODE_B6C7E2_M0X0':
D:/l4t/DKC3Recomp/generated/snesrecomp/bankb6_part47e_v2.c:49:3: warning: label 'L_C7E2_M0X0' defined but not used [-Wunused-label]
   49 |   L_C7E2_M0X0:
      |   ^~~~~~~~~~~
D:/l4t/DKC3Recomp/generated/snesrecomp/bankb6_part488_v2.c: In function 'karbine_main_M0X0':
D:/l4t/DKC3Recomp/generated/snesrecomp/bankb6_part488_v2.c:51:3: warning: label 'L_C886_M0X0' defined but not used [-Wunused-label]
   51 |   L_C886_M0X0:
      |   ^~~~~~~~~~~
D:/l4t/DKC3Recomp/generated/snesrecomp/bankb6_part489_v2.c: In function 'CODE_B6C891_M0X0':
D:/l4t/DKC3Recomp/generated/snesrecomp/bankb6_part489_v2.c:50:3: warning: label 'L_C891_M0X0' defined but not used [-Wunused-label]
   50 |   L_C891_M0X0:
      |   ^~~~~~~~~~~
D:/l4t/DKC3Recomp/generated/snesrecomp/bankb6_part48c_v2.c: In function 'CODE_B6C8C9_M0X0':
D:/l4t/DKC3Recomp/generated/snesrecomp/bankb6_part48c_v2.c:50:3: warning: label 'L_C8C9_M0X0' defined but not used [-Wunused-label]
   50 |   L_C8C9_M0X0:
      |   ^~~~~~~~~~~
D:/l4t/DKC3Recomp/generated/snesrecomp/bankb6_part491_v2.c: In function 'CODE_B6C91A_M0X0':
D:/l4t/DKC3Recomp/generated/snesrecomp/bankb6_part491_v2.c:49:3: warning: label 'L_C91A_M0X0' defined but not used [-Wunused-label]
   49 |   L_C91A_M0X0:
      |   ^~~~~~~~~~~
D:/l4t/DKC3Recomp/generated/snesrecomp/bankb6_part49b_v2.c: In function 'CODE_B6C9BE_M0X0':
D:/l4t/DKC3Recomp/generated/snesrecomp/bankb6_part49b_v2.c:49:3: warning: label 'L_C9BE_M0X0' defined but not used [-Wunused-label]
   49 |   L_C9BE_M0X0:
      |   ^~~~~~~~~~~
D:/l4t/DKC3Recomp/generated/snesrecomp/bankb6_part49d_v2.c: In function 'CODE_B6C9D3_M0X0':
D:/l4t/DKC3Recomp/generated/snesrecomp/bankb6_part49d_v2.c:50:3: warning: label 'L_C9D3_M0X0' defined but not used [-Wunused-label]
   50 |   L_C9D3_M0X0:
      |   ^~~~~~~~~~~
D:/l4t/DKC3Recomp/generated/snesrecomp/bankb6_part49e_v2.c: In function 'CODE_B6C9E8_M0X0':
D:/l4t/DKC3Recomp/generated/snesrecomp/bankb6_part49e_v2.c:50:3: warning: label 'L_C9E8_M0X0' defined but not used [-Wunused-label]
   50 |   L_C9E8_M0X0:
      |   ^~~~~~~~~~~
D:/l4t/DKC3Recomp/generated/snesrecomp/bankb6_part49f_v2.c: In function 'CODE_B6C9FD_M0X0':
D:/l4t/DKC3Recomp/generated/snesrecomp/bankb6_part49f_v2.c:50:3: warning: label 'L_C9FD_M0X0' defined but not used [-Wunused-label]
   50 |   L_C9FD_M0X0:
      |   ^~~~~~~~~~~
D:/l4t/DKC3Recomp/generated/snesrecomp/bankb6_part4a2_v2.c: In function 'karbine_fireball_main_M0X0':
D:/l4t/DKC3Recomp/generated/snesrecomp/bankb6_part4a2_v2.c:49:3: warning: label 'L_CA2F_M0X0' defined but not used [-Wunused-label]
   49 |   L_CA2F_M0X0:
      |   ^~~~~~~~~~~
D:/l4t/DKC3Recomp/generated/snesrecomp/bankb6_part4ad_v2.c: In function 'krosshair_fireball_main_M0X0':
D:/l4t/DKC3Recomp/generated/snesrecomp/bankb6_part4ad_v2.c:49:3: warning: label 'L_CAD0_M0X0' defined but not used [-Wunused-label]
   49 |   L_CAD0_M0X0:
      |   ^~~~~~~~~~~
D:/l4t/DKC3Recomp/generated/snesrecomp/bankb6_part4ba_v2.c: In function 'CODE_B6CBAE_M0X0':
D:/l4t/DKC3Recomp/generated/snesrecomp/bankb6_part4ba_v2.c:50:3: warning: label 'L_CBAE_M0X0' defined but not used [-Wunused-label]
   50 |   L_CBAE_M0X0:
      |   ^~~~~~~~~~~
D:/l4t/DKC3Recomp/generated/snesrecomp/bankb6_part4bc_v2.c: In function 'CODE_B6CBC7_M0X0':
D:/l4t/DKC3Recomp/generated/snesrecomp/bankb6_part4bc_v2.c:50:3: warning: label 'L_CBC7_M0X0' defined but not used [-Wunused-label]
   50 |   L_CBC7_M0X0:
      |   ^~~~~~~~~~~
D:/l4t/DKC3Recomp/generated/snesrecomp/bankb6_part4be_v2.c: In function 'gleamin_bream_main_M0X0':
D:/l4t/DKC3Recomp/generated/snesrecomp/bankb6_part4be_v2.c:53:3: warning: label 'L_CBE0_M0X0' defined but not used [-Wunused-label]
   53 |   L_CBE0_M0X0:
      |   ^~~~~~~~~~~
D:/l4t/DKC3Recomp/generated/snesrecomp/bankb6_part4be_v2.c: In function 'CODE_B6CBEB_M0X0':
D:/l4t/DKC3Recomp/generated/snesrecomp/bankb6_part4be_v2.c:143:3: warning: label 'L_CBEB_M0X0' defined but not used [-Wunused-label]
  143 |   L_CBEB_M0X0:
      |   ^~~~~~~~~~~
D:/l4t/DKC3Recomp/generated/snesrecomp/bankb6_part4c7_v2.c: In function 'CODE_B6CC7F_M0X0':
D:/l4t/DKC3Recomp/generated/snesrecomp/bankb6_part4c7_v2.c:51:3: warning: label 'L_CC7F_M0X0' defined but not used [-Wunused-label]
   51 |   L_CC7F_M0X0:
      |   ^~~~~~~~~~~
D:/l4t/DKC3Recomp/generated/snesrecomp/bankb6_part4c8_v2.c: In function 'CODE_B6CC8B_M0X0':
D:/l4t/DKC3Recomp/generated/snesrecomp/bankb6_part4c8_v2.c:49:3: warning: label 'L_CC8B_M0X0' defined but not used [-Wunused-label]
   49 |   L_CC8B_M0X0:
      |   ^~~~~~~~~~~
D:/l4t/DKC3Recomp/generated/snesrecomp/bankb6_part4cb_v2.c: In function 'knautilus_fireball_shooter_main_M0X0':
D:/l4t/DKC3Recomp/generated/snesrecomp/bankb6_part4cb_v2.c:53:3: warning: label 'L_CCB0_M0X0' defined but not used [-Wunused-label]
   53 |   L_CCB0_M0X0:
      |   ^~~~~~~~~~~
D:/l4t/DKC3Recomp/generated/snesrecomp/bankb6_part4cb_v2.c: In function 'belcha_main_M0X0':
D:/l4t/DKC3Recomp/generated/snesrecomp/bankb6_part4cb_v2.c:99:3: warning: label 'L_CCB6_M0X0' defined but not used [-Wunused-label]
   99 |   L_CCB6_M0X0:
      |   ^~~~~~~~~~~
D:/l4t/DKC3Recomp/generated/snesrecomp/bankb6_part4d6_v2.c: In function 'CODE_B6CD65_M0X0':
D:/l4t/DKC3Recomp/generated/snesrecomp/bankb6_part4d6_v2.c:49:3: warning: label 'L_CD65_M0X0' defined but not used [-Wunused-label]
   49 |   L_CD65_M0X0:
      |   ^~~~~~~~~~~
D:/l4t/DKC3Recomp/generated/snesrecomp/bankb6_part4f9_v2.c: In function 'CODE_B6CF97_M0X0':
D:/l4t/DKC3Recomp/generated/snesrecomp/bankb6_part4f9_v2.c:49:3: warning: label 'L_CF97_M0X0' defined but not used [-Wunused-label]
   49 |   L_CF97_M0X0:
      |   ^~~~~~~~~~~
D:/l4t/DKC3Recomp/generated/snesrecomp/bankb6_part4fa_v2.c: In function 'CODE_B6CFAA_M0X0':
D:/l4t/DKC3Recomp/generated/snesrecomp/bankb6_part4fa_v2.c:49:3: warning: label 'L_CFAA_M0X0' defined but not used [-Wunused-label]
   49 |   L_CFAA_M0X0:
      |   ^~~~~~~~~~~
D:/l4t/DKC3Recomp/generated/snesrecomp/bankb6_part503_v2.c: In function 'CODE_B6D03F_M0X0':
D:/l4t/DKC3Recomp/generated/snesrecomp/bankb6_part503_v2.c:50:3: warning: label 'L_D03F_M0X0' defined but not used [-Wunused-label]
   50 |   L_D03F_M0X0:
      |   ^~~~~~~~~~~
D:/l4t/DKC3Recomp/generated/snesrecomp/bankb6_part509_v2.c: In function 'CODE_B6D09A_M0X0':
D:/l4t/DKC3Recomp/generated/snesrecomp/bankb6_part509_v2.c:49:3: warning: label 'L_D09A_M0X0' defined but not used [-Wunused-label]
   49 |   L_D09A_M0X0:
      |   ^~~~~~~~~~~
D:/l4t/DKC3Recomp/generated/snesrecomp/bankb6_part50_v2.c: In function 'buzz_swarm_main_M0X0':
D:/l4t/DKC3Recomp/generated/snesrecomp/bankb6_part50_v2.c:51:3: warning: label 'L_8507_M0X0' defined but not used [-Wunused-label]
   51 |   L_8507_M0X0:
      |   ^~~~~~~~~~~
D:/l4t/DKC3Recomp/generated/snesrecomp/bankb6_part50a_v2.c: In function 'belcha_mouth_side_main_M0X0':
D:/l4t/DKC3Recomp/generated/snesrecomp/bankb6_part50a_v2.c:61:3: warning: label 'L_D0A4_M0X0' defined but not used [-Wunused-label]
   61 |   L_D0A4_M0X0:
      |   ^~~~~~~~~~~
D:/l4t/DKC3Recomp/generated/snesrecomp/bankb6_part50c_v2.c: In function 'CODE_B6D0C7_M0X0':
D:/l4t/DKC3Recomp/generated/snesrecomp/bankb6_part50c_v2.c:50:3: warning: label 'L_D0C7_M0X0' defined but not used [-Wunused-label]
   50 |   L_D0C7_M0X0:
      |   ^~~~~~~~~~~
D:/l4t/DKC3Recomp/generated/snesrecomp/bankb6_part50c_v2.c: In function 'CODE_B6D0CA_M0X0':
D:/l4t/DKC3Recomp/generated/snesrecomp/bankb6_part50c_v2.c:96:3: warning: label 'L_D0CA_M0X0' defined but not used [-Wunused-label]
   96 |   L_D0CA_M0X0:
      |   ^~~~~~~~~~~
D:/l4t/DKC3Recomp/generated/snesrecomp/bankb6_part50d_v2.c: In function 'CODE_B6D0D5_M0X0':
D:/l4t/DKC3Recomp/generated/snesrecomp/bankb6_part50d_v2.c:50:3: warning: label 'L_D0D5_M0X0' defined but not used [-Wunused-label]
   50 |   L_D0D5_M0X0:
      |   ^~~~~~~~~~~
D:/l4t/DKC3Recomp/generated/snesrecomp/bankb6_part50e_v2.c: In function 'CODE_B6D0E4_M0X0':
D:/l4t/DKC3Recomp/generated/snesrecomp/bankb6_part50e_v2.c:49:3: warning: label 'L_D0E4_M0X0' defined but not used [-Wunused-label]
   49 |   L_D0E4_M0X0:
      |   ^~~~~~~~~~~
D:/l4t/DKC3Recomp/generated/snesrecomp/bankb6_part50f_v2.c: In function 'CODE_B6D0F2_M0X0':
D:/l4t/DKC3Recomp/generated/snesrecomp/bankb6_part50f_v2.c:51:3: warning: label 'L_D0F2_M0X0' defined but not used [-Wunused-label]
   51 |   L_D0F2_M0X0:
      |   ^~~~~~~~~~~
D:/l4t/DKC3Recomp/generated/snesrecomp/bankb6_part50f_v2.c: In function 'CODE_B6D0F5_M0X0':
D:/l4t/DKC3Recomp/generated/snesrecomp/bankb6_part50f_v2.c:97:3: warning: label 'L_D0F5_M0X0' defined but not used [-Wunused-label]
   97 |   L_D0F5_M0X0:
      |   ^~~~~~~~~~~
D:/l4t/DKC3Recomp/generated/snesrecomp/bankb6_part510_v2.c: In function 'CODE_B6D104_M0X0':
D:/l4t/DKC3Recomp/generated/snesrecomp/bankb6_part510_v2.c:50:3: warning: label 'L_D104_M0X0' defined but not used [-Wunused-label]
   50 |   L_D104_M0X0:
      |   ^~~~~~~~~~~
D:/l4t/DKC3Recomp/generated/snesrecomp/bankb6_part511_v2.c: In function 'CODE_B6D113_M0X0':
D:/l4t/DKC3Recomp/generated/snesrecomp/bankb6_part511_v2.c:50:3: warning: label 'L_D113_M0X0' defined but not used [-Wunused-label]
   50 |   L_D113_M0X0:
      |   ^~~~~~~~~~~
D:/l4t/DKC3Recomp/generated/snesrecomp/bankb6_part512_v2.c: In function 'CODE_B6D122_M0X0':
D:/l4t/DKC3Recomp/generated/snesrecomp/bankb6_part512_v2.c:50:3: warning: label 'L_D122_M0X0' defined but not used [-Wunused-label]
   50 |   L_D122_M0X0:
      |   ^~~~~~~~~~~
D:/l4t/DKC3Recomp/generated/snesrecomp/bankb6_part513_v2.c: In function 'CODE_B6D131_M0X0':
D:/l4t/DKC3Recomp/generated/snesrecomp/bankb6_part513_v2.c:50:3: warning: label 'L_D131_M0X0' defined but not used [-Wunused-label]
   50 |   L_D131_M0X0:
      |   ^~~~~~~~~~~
D:/l4t/DKC3Recomp/generated/snesrecomp/bankb6_part514_v2.c: In function 'CODE_B6D140_M0X0':
D:/l4t/DKC3Recomp/generated/snesrecomp/bankb6_part514_v2.c:50:3: warning: label 'L_D140_M0X0' defined but not used [-Wunused-label]
   50 |   L_D140_M0X0:
      |   ^~~~~~~~~~~
D:/l4t/DKC3Recomp/generated/snesrecomp/bankb6_part517_v2.c: In function 'belcha_barrel_main_M0X0':
D:/l4t/DKC3Recomp/generated/snesrecomp/bankb6_part517_v2.c:50:3: warning: label 'L_D177_M0X0' defined but not used [-Wunused-label]
   50 |   L_D177_M0X0:
      |   ^~~~~~~~~~~
D:/l4t/DKC3Recomp/generated/snesrecomp/bankb6_part51_v2.c: In function 'CODE_B68517_M0X0':
D:/l4t/DKC3Recomp/generated/snesrecomp/bankb6_part51_v2.c:49:3: warning: label 'L_8517_M0X0' defined but not used [-Wunused-label]
   49 |   L_8517_M0X0:
      |   ^~~~~~~~~~~
D:/l4t/DKC3Recomp/generated/snesrecomp/bankb6_part51e_v2.c: In function 'CODE_B6D1E5_M0X0':
D:/l4t/DKC3Recomp/generated/snesrecomp/bankb6_part51e_v2.c:49:3: warning: label 'L_D1E5_M0X0' defined but not used [-Wunused-label]
   49 |   L_D1E5_M0X0:
      |   ^~~~~~~~~~~
D:/l4t/DKC3Recomp/generated/snesrecomp/bankb6_part522_v2.c: In function 'knik_knak_main_M0X0':
D:/l4t/DKC3Recomp/generated/snesrecomp/bankb6_part522_v2.c:51:3: warning: label 'L_D228_M0X0' defined but not used [-Wunused-label]
   51 |   L_D228_M0X0:
      |   ^~~~~~~~~~~
D:/l4t/DKC3Recomp/generated/snesrecomp/bankb6_part535_v2.c: In function 'CODE_B6D35A_M0X0':
D:/l4t/DKC3Recomp/generated/snesrecomp/bankb6_part535_v2.c:49:3: warning: label 'L_D35A_M0X0' defined but not used [-Wunused-label]
   49 |   L_D35A_M0X0:
      |   ^~~~~~~~~~~
D:/l4t/DKC3Recomp/generated/snesrecomp/bankb6_part53f_v2.c: In function 'CODE_B6D3FC_M0X0':
D:/l4t/DKC3Recomp/generated/snesrecomp/bankb6_part53f_v2.c:50:3: warning: label 'L_D3FC_M0X0' defined but not used [-Wunused-label]
   50 |   L_D3FC_M0X0:
      |   ^~~~~~~~~~~
D:/l4t/DKC3Recomp/generated/snesrecomp/bankb6_part541_v2.c: In function 'CODE_B6D410_M0X0':
D:/l4t/DKC3Recomp/generated/snesrecomp/bankb6_part541_v2.c:50:3: warning: label 'L_D410_M0X0' defined but not used [-Wunused-label]
   50 |   L_D410_M0X0:
      |   ^~~~~~~~~~~
D:/l4t/DKC3Recomp/generated/snesrecomp/bankb6_part542_v2.c: In function 'belcha_tooth_main_M0X0':
D:/l4t/DKC3Recomp/generated/snesrecomp/bankb6_part542_v2.c:54:3: warning: label 'L_D425_M0X0' defined but not used [-Wunused-label]
   54 |   L_D425_M0X0:
      |   ^~~~~~~~~~~
D:/l4t/DKC3Recomp/generated/snesrecomp/bankb6_part545_v2.c: In function 'CODE_B6D455_M0X0':
D:/l4t/DKC3Recomp/generated/snesrecomp/bankb6_part545_v2.c:50:3: warning: label 'L_D455_M0X0' defined but not used [-Wunused-label]
   50 |   L_D455_M0X0:
      |   ^~~~~~~~~~~
D:/l4t/DKC3Recomp/generated/snesrecomp/bankb6_part545_v2.c: In function 'CODE_B6D458_M0X0':
D:/l4t/DKC3Recomp/generated/snesrecomp/bankb6_part545_v2.c:96:3: warning: label 'L_D458_M0X0' defined but not used [-Wunused-label]
   96 |   L_D458_M0X0:
      |   ^~~~~~~~~~~
D:/l4t/DKC3Recomp/generated/snesrecomp/bankb6_part549_v2.c: In function 'CODE_B6D493_M0X0':
D:/l4t/DKC3Recomp/generated/snesrecomp/bankb6_part549_v2.c:54:3: warning: label 'L_D493_M0X0' defined but not used [-Wunused-label]
   54 |   L_D493_M0X0:
      |   ^~~~~~~~~~~
D:/l4t/DKC3Recomp/generated/snesrecomp/bankb6_part551_v2.c: In function 'CODE_B6D514_M0X0':
D:/l4t/DKC3Recomp/generated/snesrecomp/bankb6_part551_v2.c:49:3: warning: label 'L_D514_M0X0' defined but not used [-Wunused-label]
   49 |   L_D514_M0X0:
      |   ^~~~~~~~~~~
D:/l4t/DKC3Recomp/generated/snesrecomp/bankb6_part552_v2.c: In function 'CODE_B6D527_M0X0':
D:/l4t/DKC3Recomp/generated/snesrecomp/bankb6_part552_v2.c:49:3: warning: label 'L_D527_M0X0' defined but not used [-Wunused-label]
   49 |   L_D527_M0X0:
      |   ^~~~~~~~~~~
D:/l4t/DKC3Recomp/generated/snesrecomp/bankb6_part553_v2.c: In function 'CODE_B6D534_M0X0':
D:/l4t/DKC3Recomp/generated/snesrecomp/bankb6_part553_v2.c:50:3: warning: label 'L_D534_M0X0' defined but not used [-Wunused-label]
   50 |   L_D534_M0X0:
      |   ^~~~~~~~~~~
D:/l4t/DKC3Recomp/generated/snesrecomp/bankb6_part553_v2.c: In function 'CODE_B6D53A_M0X0':
D:/l4t/DKC3Recomp/generated/snesrecomp/bankb6_part553_v2.c:110:3: warning: label 'L_D53A_M0X0' defined but not used [-Wunused-label]
  110 |   L_D53A_M0X0:
      |   ^~~~~~~~~~~
D:/l4t/DKC3Recomp/generated/snesrecomp/bankb6_part555_v2.c: In function 'CODE_B6D556_M0X0':
D:/l4t/DKC3Recomp/generated/snesrecomp/bankb6_part555_v2.c:49:3: warning: label 'L_D556_M0X0' defined but not used [-Wunused-label]
   49 |   L_D556_M0X0:
      |   ^~~~~~~~~~~
D:/l4t/DKC3Recomp/generated/snesrecomp/bankb6_part55b_v2.c: In function 'CODE_B6D5B5_M0X0':
D:/l4t/DKC3Recomp/generated/snesrecomp/bankb6_part55b_v2.c:51:3: warning: label 'L_D5B5_M0X0' defined but not used [-Wunused-label]
   51 |   L_D5B5_M0X0:
      |   ^~~~~~~~~~~
D:/l4t/DKC3Recomp/generated/snesrecomp/bankb6_part57e_v2.c: In function 'CODE_B6D7E9_M0X0':
D:/l4t/DKC3Recomp/generated/snesrecomp/bankb6_part57e_v2.c:49:3: warning: label 'L_D7E9_M0X0' defined but not used [-Wunused-label]
   49 |   L_D7E9_M0X0:
      |   ^~~~~~~~~~~
D:/l4t/DKC3Recomp/generated/snesrecomp/bankb6_part57f_v2.c: In function 'CODE_B6D7F4_M0X0':
D:/l4t/DKC3Recomp/generated/snesrecomp/bankb6_part57f_v2.c:49:3: warning: label 'L_D7F4_M0X0' defined but not used [-Wunused-label]
   49 |   L_D7F4_M0X0:
      |   ^~~~~~~~~~~
D:/l4t/DKC3Recomp/generated/snesrecomp/bankb6_part583_v2.c: In function 'CODE_B6D836_M0X0':
D:/l4t/DKC3Recomp/generated/snesrecomp/bankb6_part583_v2.c:49:3: warning: label 'L_D836_M0X0' defined but not used [-Wunused-label]
   49 |   L_D836_M0X0:
      |   ^~~~~~~~~~~
D:/l4t/DKC3Recomp/generated/snesrecomp/bankb6_part586_v2.c: In function 'squirt_main_M0X0':
D:/l4t/DKC3Recomp/generated/snesrecomp/bankb6_part586_v2.c:60:3: warning: label 'L_D864_M0X0' defined but not used [-Wunused-label]
   60 |   L_D864_M0X0:
      |   ^~~~~~~~~~~
D:/l4t/DKC3Recomp/generated/snesrecomp/bankb6_part590_v2.c: In function 'CODE_B6D90B_M0X0':
D:/l4t/DKC3Recomp/generated/snesrecomp/bankb6_part590_v2.c:53:3: warning: label 'L_D90B_M0X0' defined but not used [-Wunused-label]
   53 |   L_D90B_M0X0:
      |   ^~~~~~~~~~~
D:/l4t/DKC3Recomp/generated/snesrecomp/bankb6_part593_v2.c: In function 'CODE_B6D935_M0X0':
D:/l4t/DKC3Recomp/generated/snesrecomp/bankb6_part593_v2.c:53:3: warning: label 'L_D935_M0X0' defined but not used [-Wunused-label]
   53 |   L_D935_M0X0:
      |   ^~~~~~~~~~~
D:/l4t/DKC3Recomp/generated/snesrecomp/bankb6_part598_v2.c: In function 'CODE_B6D98F_M0X0':
D:/l4t/DKC3Recomp/generated/snesrecomp/bankb6_part598_v2.c:53:3: warning: label 'L_D98F_M0X0' defined but not used [-Wunused-label]
   53 |   L_D98F_M0X0:
      |   ^~~~~~~~~~~
D:/l4t/DKC3Recomp/generated/snesrecomp/bankb6_part59a_v2.c: In function 'CODE_B6D9A5_M0X0':
D:/l4t/DKC3Recomp/generated/snesrecomp/bankb6_part59a_v2.c:52:3: warning: label 'L_D9A5_M0X0' defined but not used [-Wunused-label]
   52 |   L_D9A5_M0X0:
      |   ^~~~~~~~~~~
D:/l4t/DKC3Recomp/generated/snesrecomp/bankb6_part59b_v2.c: In function 'CODE_B6D9BE_M0X0':
D:/l4t/DKC3Recomp/generated/snesrecomp/bankb6_part59b_v2.c:53:3: warning: label 'L_D9BE_M0X0' defined but not used [-Wunused-label]
   53 |   L_D9BE_M0X0:
      |   ^~~~~~~~~~~
D:/l4t/DKC3Recomp/generated/snesrecomp/bankb6_part59d_v2.c: In function 'CODE_B6D9D1_M0X0':
D:/l4t/DKC3Recomp/generated/snesrecomp/bankb6_part59d_v2.c:53:3: warning: label 'L_D9D1_M0X0' defined but not used [-Wunused-label]
   53 |   L_D9D1_M0X0:
      |   ^~~~~~~~~~~
D:/l4t/DKC3Recomp/generated/snesrecomp/bankb6_part59e_v2.c: In function 'CODE_B6D9E7_M0X0':
D:/l4t/DKC3Recomp/generated/snesrecomp/bankb6_part59e_v2.c:55:3: warning: label 'L_D9E7_M0X0' defined but not used [-Wunused-label]
   55 |   L_D9E7_M0X0:
      |   ^~~~~~~~~~~
D:/l4t/DKC3Recomp/generated/snesrecomp/bankb6_part5a2_v2.c: In function 'CODE_B6DA2A_M0X0':
D:/l4t/DKC3Recomp/generated/snesrecomp/bankb6_part5a2_v2.c:53:3: warning: label 'L_DA2A_M0X0' defined but not used [-Wunused-label]
   53 |   L_DA2A_M0X0:
      |   ^~~~~~~~~~~
D:/l4t/DKC3Recomp/generated/snesrecomp/bankb6_part5a3_v2.c: In function 'CODE_B6DA38_M0X0':
D:/l4t/DKC3Recomp/generated/snesrecomp/bankb6_part5a3_v2.c:54:3: warning: label 'L_DA38_M0X0' defined but not used [-Wunused-label]
   54 |   L_DA38_M0X0:
      |   ^~~~~~~~~~~
D:/l4t/DKC3Recomp/generated/snesrecomp/bankb6_part5a4_v2.c: In function 'CODE_B6DA44_M0X0':
D:/l4t/DKC3Recomp/generated/snesrecomp/bankb6_part5a4_v2.c:50:3: warning: label 'L_DA44_M0X0' defined but not used [-Wunused-label]
   50 |   L_DA44_M0X0:
      |   ^~~~~~~~~~~
D:/l4t/DKC3Recomp/generated/snesrecomp/bankb6_part5ac_v2.c: In function 'CODE_B6DACA_M0X0':
D:/l4t/DKC3Recomp/generated/snesrecomp/bankb6_part5ac_v2.c:50:3: warning: label 'L_DACA_M0X0' defined but not used [-Wunused-label]
   50 |   L_DACA_M0X0:
      |   ^~~~~~~~~~~
D:/l4t/DKC3Recomp/generated/snesrecomp/bankb6_part5ae_v2.c: In function 'CODE_B6DAE7_M0X0':
D:/l4t/DKC3Recomp/generated/snesrecomp/bankb6_part5ae_v2.c:52:3: warning: label 'L_DAE7_M0X0' defined but not used [-Wunused-label]
   52 |   L_DAE7_M0X0:
      |   ^~~~~~~~~~~
D:/l4t/DKC3Recomp/generated/snesrecomp/bankb6_part5b2_v2.c: In function 'CODE_B6DB23_M0X0':
D:/l4t/DKC3Recomp/generated/snesrecomp/bankb6_part5b2_v2.c:53:3: warning: label 'L_DB23_M0X0' defined but not used [-Wunused-label]
   53 |   L_DB23_M0X0:
      |   ^~~~~~~~~~~
D:/l4t/DKC3Recomp/generated/snesrecomp/bankb6_part5b2_v2.c: In function 'CODE_B6DB26_M0X0':
D:/l4t/DKC3Recomp/generated/snesrecomp/bankb6_part5b2_v2.c:141:3: warning: label 'L_DB26_M0X0' defined but not used [-Wunused-label]
  141 |   L_DB26_M0X0:
      |   ^~~~~~~~~~~
D:/l4t/DKC3Recomp/generated/snesrecomp/bankb6_part5b5_v2.c: In function 'CODE_B6DB5A_M0X0':
D:/l4t/DKC3Recomp/generated/snesrecomp/bankb6_part5b5_v2.c:51:3: warning: label 'L_DB5A_M0X0' defined but not used [-Wunused-label]
   51 |   L_DB5A_M0X0:
      |   ^~~~~~~~~~~
D:/l4t/DKC3Recomp/generated/snesrecomp/bankb6_part5b9_v2.c: In function 'CODE_B6DB92_M0X0':
D:/l4t/DKC3Recomp/generated/snesrecomp/bankb6_part5b9_v2.c:51:3: warning: label 'L_DB92_M0X0' defined but not used [-Wunused-label]
   51 |   L_DB92_M0X0:
      |   ^~~~~~~~~~~
D:/l4t/DKC3Recomp/generated/snesrecomp/bankb6_part5ba_v2.c: In function 'CODE_B6DBA3_M0X0':
D:/l4t/DKC3Recomp/generated/snesrecomp/bankb6_part5ba_v2.c:52:3: warning: label 'L_DBA3_M0X0' defined but not used [-Wunused-label]
   52 |   L_DBA3_M0X0:
      |   ^~~~~~~~~~~
D:/l4t/DKC3Recomp/generated/snesrecomp/bankb6_part5ba_v2.c: In function 'CODE_B6DBA4_M0X0':
D:/l4t/DKC3Recomp/generated/snesrecomp/bankb6_part5ba_v2.c:151:3: warning: label 'L_DBA4_M0X0' defined but not used [-Wunused-label]
  151 |   L_DBA4_M0X0:
      |   ^~~~~~~~~~~
D:/l4t/DKC3Recomp/generated/snesrecomp/bankb6_part5bc_v2.c: In function 'CODE_B6DBC7_M0X0':
D:/l4t/DKC3Recomp/generated/snesrecomp/bankb6_part5bc_v2.c:53:3: warning: label 'L_DBC7_M0X0' defined but not used [-Wunused-label]
   53 |   L_DBC7_M0X0:
      |   ^~~~~~~~~~~
D:/l4t/DKC3Recomp/generated/snesrecomp/bankb6_part5cc_v2.c: In function 'CODE_B6DCC3_M0X0':
D:/l4t/DKC3Recomp/generated/snesrecomp/bankb6_part5cc_v2.c:49:3: warning: label 'L_DCC3_M0X0' defined but not used [-Wunused-label]
   49 |   L_DCC3_M0X0:
      |   ^~~~~~~~~~~
D:/l4t/DKC3Recomp/generated/snesrecomp/bankb6_part5ce_v2.c: In function 'squirts_eye_part_main_M0X0':
D:/l4t/DKC3Recomp/generated/snesrecomp/bankb6_part5ce_v2.c:60:3: warning: label 'L_DCEB_M0X0' defined but not used [-Wunused-label]
   60 |   L_DCEB_M0X0:
      |   ^~~~~~~~~~~
D:/l4t/DKC3Recomp/generated/snesrecomp/bankb6_part5da_v2.c: In function 'CODE_B6DDA3_M0X0':
D:/l4t/DKC3Recomp/generated/snesrecomp/bankb6_part5da_v2.c:50:3: warning: label 'L_DDA3_M0X0' defined but not used [-Wunused-label]
   50 |   L_DDA3_M0X0:
      |   ^~~~~~~~~~~
D:/l4t/DKC3Recomp/generated/snesrecomp/bankb6_part5dd_v2.c: In function 'CODE_B6DDD4_M0X0':
D:/l4t/DKC3Recomp/generated/snesrecomp/bankb6_part5dd_v2.c:52:3: warning: label 'L_DDD4_M0X0' defined but not used [-Wunused-label]
   52 |   L_DDD4_M0X0:
      |   ^~~~~~~~~~~
D:/l4t/DKC3Recomp/generated/snesrecomp/bankb6_part5df_v2.c: In function 'CODE_B6DDFE_M0X0':
D:/l4t/DKC3Recomp/generated/snesrecomp/bankb6_part5df_v2.c:49:3: warning: label 'L_DDFE_M0X0' defined but not used [-Wunused-label]
   49 |   L_DDFE_M0X0:
      |   ^~~~~~~~~~~
D:/l4t/DKC3Recomp/generated/snesrecomp/bankb6_part5e0_v2.c: In function 'CODE_B6DE08_M0X0':
D:/l4t/DKC3Recomp/generated/snesrecomp/bankb6_part5e0_v2.c:51:3: warning: label 'L_DE08_M0X0' defined but not used [-Wunused-label]
   51 |   L_DE08_M0X0:
      |   ^~~~~~~~~~~
D:/l4t/DKC3Recomp/generated/snesrecomp/bankb6_part5e1_v2.c: In function 'CODE_B6DE1E_M0X0':
D:/l4t/DKC3Recomp/generated/snesrecomp/bankb6_part5e1_v2.c:49:3: warning: label 'L_DE1E_M0X0' defined but not used [-Wunused-label]
   49 |   L_DE1E_M0X0:
      |   ^~~~~~~~~~~
D:/l4t/DKC3Recomp/generated/snesrecomp/bankb6_part5e2_v2.c: In function 'CODE_B6DE21_M0X0':
D:/l4t/DKC3Recomp/generated/snesrecomp/bankb6_part5e2_v2.c:50:3: warning: label 'L_DE21_M0X0' defined but not used [-Wunused-label]
   50 |   L_DE21_M0X0:
      |   ^~~~~~~~~~~
D:/l4t/DKC3Recomp/generated/snesrecomp/bankb6_part5e5_v2.c: In function 'CODE_B6DE5A_M0X0':
D:/l4t/DKC3Recomp/generated/snesrecomp/bankb6_part5e5_v2.c:51:3: warning: label 'L_DE5A_M0X0' defined but not used [-Wunused-label]
   51 |   L_DE5A_M0X0:
      |   ^~~~~~~~~~~
D:/l4t/DKC3Recomp/generated/snesrecomp/bankb6_part5e7_v2.c: In function 'CODE_B6DE72_M0X0':
D:/l4t/DKC3Recomp/generated/snesrecomp/bankb6_part5e7_v2.c:49:3: warning: label 'L_DE72_M0X0' defined but not used [-Wunused-label]
   49 |   L_DE72_M0X0:
      |   ^~~~~~~~~~~
D:/l4t/DKC3Recomp/generated/snesrecomp/bankb6_part5e9_v2.c: In function 'CODE_B6DE94_M0X0':
D:/l4t/DKC3Recomp/generated/snesrecomp/bankb6_part5e9_v2.c:51:3: warning: label 'L_DE94_M0X0' defined but not used [-Wunused-label]
   51 |   L_DE94_M0X0:
      |   ^~~~~~~~~~~
D:/l4t/DKC3Recomp/generated/snesrecomp/bankb6_part5eb_v2.c: In function 'CODE_B6DEB0_M0X0':
D:/l4t/DKC3Recomp/generated/snesrecomp/bankb6_part5eb_v2.c:51:3: warning: label 'L_DEB0_M0X0' defined but not used [-Wunused-label]
   51 |   L_DEB0_M0X0:
      |   ^~~~~~~~~~~
D:/l4t/DKC3Recomp/generated/snesrecomp/bankb6_part5eb_v2.c: In function 'CODE_B6DEBE_M0X0':
D:/l4t/DKC3Recomp/generated/snesrecomp/bankb6_part5eb_v2.c:145:3: warning: label 'L_DEBE_M0X0' defined but not used [-Wunused-label]
  145 |   L_DEBE_M0X0:
      |   ^~~~~~~~~~~
D:/l4t/DKC3Recomp/generated/snesrecomp/bankb6_part5f1_v2.c: In function 'CODE_B6DF1F_M0X0':
D:/l4t/DKC3Recomp/generated/snesrecomp/bankb6_part5f1_v2.c:52:3: warning: label 'L_DF1F_M0X0' defined but not used [-Wunused-label]
   52 |   L_DF1F_M0X0:
      |   ^~~~~~~~~~~
D:/l4t/DKC3Recomp/generated/snesrecomp/bankb6_part5f3_v2.c: In function 'CODE_B6DF3F_M0X0':
D:/l4t/DKC3Recomp/generated/snesrecomp/bankb6_part5f3_v2.c:50:3: warning: label 'L_DF3F_M0X0' defined but not used [-Wunused-label]
   50 |   L_DF3F_M0X0:
      |   ^~~~~~~~~~~
D:/l4t/DKC3Recomp/generated/snesrecomp/bankb6_part5f6_v2.c: In function 'CODE_B6DF6F_M0X0':
D:/l4t/DKC3Recomp/generated/snesrecomp/bankb6_part5f6_v2.c:49:3: warning: label 'L_DF6F_M0X0' defined but not used [-Wunused-label]
   49 |   L_DF6F_M0X0:
      |   ^~~~~~~~~~~
D:/l4t/DKC3Recomp/generated/snesrecomp/bankb6_part5f7_v2.c: In function 'CODE_B6DF7A_M0X0':
D:/l4t/DKC3Recomp/generated/snesrecomp/bankb6_part5f7_v2.c:49:3: warning: label 'L_DF7A_M0X0' defined but not used [-Wunused-label]
   49 |   L_DF7A_M0X0:
      |   ^~~~~~~~~~~
D:/l4t/DKC3Recomp/generated/snesrecomp/bankb6_part5f8_v2.c: In function 'CODE_B6DF87_M0X0':
D:/l4t/DKC3Recomp/generated/snesrecomp/bankb6_part5f8_v2.c:49:3: warning: label 'L_DF87_M0X0' defined but not used [-Wunused-label]
   49 |   L_DF87_M0X0:
      |   ^~~~~~~~~~~
D:/l4t/DKC3Recomp/generated/snesrecomp/bankb6_part5f9_v2.c: In function 'CODE_B6DF97_M0X0':
D:/l4t/DKC3Recomp/generated/snesrecomp/bankb6_part5f9_v2.c:49:3: warning: label 'L_DF97_M0X0' defined but not used [-Wunused-label]
   49 |   L_DF97_M0X0:
      |   ^~~~~~~~~~~
D:/l4t/DKC3Recomp/generated/snesrecomp/bankb6_part60_v2.c: In function 'CODE_B6860E_M0X0':
D:/l4t/DKC3Recomp/generated/snesrecomp/bankb6_part60_v2.c:49:3: warning: label 'L_860E_M0X0' defined but not used [-Wunused-label]
   49 |   L_860E_M0X0:
      |   ^~~~~~~~~~~
D:/l4t/DKC3Recomp/generated/snesrecomp/bankb6_part620_v2.c: In function 'CODE_B6E208_M0X0':
D:/l4t/DKC3Recomp/generated/snesrecomp/bankb6_part620_v2.c:51:3: warning: label 'L_E208_M0X0' defined but not used [-Wunused-label]
   51 |   L_E208_M0X0:
      |   ^~~~~~~~~~~
D:/l4t/DKC3Recomp/generated/snesrecomp/bankb6_part624_v2.c: In function 'target_main_M0X0':
D:/l4t/DKC3Recomp/generated/snesrecomp/bankb6_part624_v2.c:49:3: warning: label 'L_E24D_M0X0' defined but not used [-Wunused-label]
   49 |   L_E24D_M0X0:
      |   ^~~~~~~~~~~
D:/l4t/DKC3Recomp/generated/snesrecomp/bankb6_part629_v2.c: In function 'unknown_sprite_0018_main_M0X0':
D:/l4t/DKC3Recomp/generated/snesrecomp/bankb6_part629_v2.c:50:3: warning: label 'L_E290_M0X0' defined but not used [-Wunused-label]
   50 |   L_E290_M0X0:
      |   ^~~~~~~~~~~
D:/l4t/DKC3Recomp/generated/snesrecomp/bankb6_part629_v2.c: In function 'CODE_B6E299_M0X0':
D:/l4t/DKC3Recomp/generated/snesrecomp/bankb6_part629_v2.c:140:3: warning: label 'L_E299_M0X0' defined but not used [-Wunused-label]
  140 |   L_E299_M0X0:
      |   ^~~~~~~~~~~
D:/l4t/DKC3Recomp/generated/snesrecomp/bankb6_part630_v2.c: In function 'swanky_kong_prize_main_M0X0':
D:/l4t/DKC3Recomp/generated/snesrecomp/bankb6_part630_v2.c:50:3: warning: label 'L_E301_M0X0' defined but not used [-Wunused-label]
   50 |   L_E301_M0X0:
      |   ^~~~~~~~~~~
D:/l4t/DKC3Recomp/generated/snesrecomp/bankb6_part631_v2.c: In function 'CODE_B6E31A_M0X0':
D:/l4t/DKC3Recomp/generated/snesrecomp/bankb6_part631_v2.c:50:3: warning: label 'L_E31A_M0X0' defined but not used [-Wunused-label]
   50 |   L_E31A_M0X0:
      |   ^~~~~~~~~~~
D:/l4t/DKC3Recomp/generated/snesrecomp/bankb6_part633_v2.c: In function 'CODE_B6E333_M0X0':
D:/l4t/DKC3Recomp/generated/snesrecomp/bankb6_part633_v2.c:50:3: warning: label 'L_E333_M0X0' defined but not used [-Wunused-label]
   50 |   L_E333_M0X0:
      |   ^~~~~~~~~~~
D:/l4t/DKC3Recomp/generated/snesrecomp/bankb6_part634_v2.c: In function 'CODE_B6E340_M0X0':
D:/l4t/DKC3Recomp/generated/snesrecomp/bankb6_part634_v2.c:51:3: warning: label 'L_E340_M0X0' defined but not used [-Wunused-label]
   51 |   L_E340_M0X0:
      |   ^~~~~~~~~~~
D:/l4t/DKC3Recomp/generated/snesrecomp/bankb6_part634_v2.c: In function 'kaos_boxing_glove_main_M0X0':
D:/l4t/DKC3Recomp/generated/snesrecomp/bankb6_part634_v2.c:96:3: warning: label 'L_E344_M0X0' defined but not used [-Wunused-label]
   96 |   L_E344_M0X0:
      |   ^~~~~~~~~~~
D:/l4t/DKC3Recomp/generated/snesrecomp/bankb6_part63_v2.c: In function 'klasp_follow_main_M0X0':
D:/l4t/DKC3Recomp/generated/snesrecomp/bankb6_part63_v2.c:51:3: warning: label 'L_863B_M0X0' defined but not used [-Wunused-label]
   51 |   L_863B_M0X0:
      |   ^~~~~~~~~~~
D:/l4t/DKC3Recomp/generated/snesrecomp/bankb6_part63a_v2.c: In function 'CODE_B6E3AB_M0X0':
D:/l4t/DKC3Recomp/generated/snesrecomp/bankb6_part63a_v2.c:51:3: warning: label 'L_E3AB_M0X0' defined but not used [-Wunused-label]
   51 |   L_E3AB_M0X0:
      |   ^~~~~~~~~~~
D:/l4t/DKC3Recomp/generated/snesrecomp/bankb6_part643_v2.c: In function 'kaos_bombs_main_M0X0':
D:/l4t/DKC3Recomp/generated/snesrecomp/bankb6_part643_v2.c:49:3: warning: label 'L_E436_M0X0' defined but not used [-Wunused-label]
   49 |   L_E436_M0X0:
      |   ^~~~~~~~~~~
D:/l4t/DKC3Recomp/generated/snesrecomp/bankb6_part648_v2.c: In function 'CODE_B6E48B_M0X0':
D:/l4t/DKC3Recomp/generated/snesrecomp/bankb6_part648_v2.c:50:3: warning: label 'L_E48B_M0X0' defined but not used [-Wunused-label]
   50 |   L_E48B_M0X0:
      |   ^~~~~~~~~~~
D:/l4t/DKC3Recomp/generated/snesrecomp/bankb6_part64_v2.c: In function 'klasp_follow_main_following_klasp_init_M0X0':
D:/l4t/DKC3Recomp/generated/snesrecomp/bankb6_part64_v2.c:49:3: warning: label 'L_8644_M0X0' defined but not used [-Wunused-label]
   49 |   L_8644_M0X0:
      |   ^~~~~~~~~~~
D:/l4t/DKC3Recomp/generated/snesrecomp/bankb6_part64a_v2.c: In function 'barbos_mouth_main_M0X0':
D:/l4t/DKC3Recomp/generated/snesrecomp/bankb6_part64a_v2.c:50:3: warning: label 'L_E4A7_M0X0' defined but not used [-Wunused-label]
   50 |   L_E4A7_M0X0:
      |   ^~~~~~~~~~~
D:/l4t/DKC3Recomp/generated/snesrecomp/bankb6_part64b_v2.c: In function 'CODE_B6E4BA_M0X0':
D:/l4t/DKC3Recomp/generated/snesrecomp/bankb6_part64b_v2.c:49:3: warning: label 'L_E4BA_M0X0' defined but not used [-Wunused-label]
   49 |   L_E4BA_M0X0:
      |   ^~~~~~~~~~~
D:/l4t/DKC3Recomp/generated/snesrecomp/bankb6_part652_v2.c: In function 'defeated_bleak_snowball_main_M0X0':
D:/l4t/DKC3Recomp/generated/snesrecomp/bankb6_part652_v2.c:50:3: warning: label 'L_E523_M0X0' defined but not used [-Wunused-label]
   50 |   L_E523_M0X0:
      |   ^~~~~~~~~~~
D:/l4t/DKC3Recomp/generated/snesrecomp/bankb6_part652_v2.c: In function 'CODE_B6E52C_M0X0':
D:/l4t/DKC3Recomp/generated/snesrecomp/bankb6_part652_v2.c:140:3: warning: label 'L_E52C_M0X0' defined but not used [-Wunused-label]
  140 |   L_E52C_M0X0:
      |   ^~~~~~~~~~~
D:/l4t/DKC3Recomp/generated/snesrecomp/bankb6_part65e_v2.c: In function 'unknown_sprite_0024_main_M0X0':
D:/l4t/DKC3Recomp/generated/snesrecomp/bankb6_part65e_v2.c:49:3: warning: label 'L_E5EC_M0X0' defined but not used [-Wunused-label]
   49 |   L_E5EC_M0X0:
      |   ^~~~~~~~~~~
D:/l4t/DKC3Recomp/generated/snesrecomp/bankb6_part666_v2.c: In function 'CODE_B6E664_M0X0':
D:/l4t/DKC3Recomp/generated/snesrecomp/bankb6_part666_v2.c:53:3: warning: label 'L_E664_M0X0' defined but not used [-Wunused-label]
   53 |   L_E664_M0X0:
      |   ^~~~~~~~~~~
D:/l4t/DKC3Recomp/generated/snesrecomp/bankb6_part666_v2.c: In function 'arich_back_hitbox_main_M0X0':
D:/l4t/DKC3Recomp/generated/snesrecomp/bankb6_part666_v2.c:177:3: warning: label 'L_E66D_M0X0' defined but not used [-Wunused-label]
  177 |   L_E66D_M0X0:
      |   ^~~~~~~~~~~
D:/l4t/DKC3Recomp/generated/snesrecomp/bankb6_part667_v2.c: In function 'CODE_B6E676_M0X0':
D:/l4t/DKC3Recomp/generated/snesrecomp/bankb6_part667_v2.c:53:3: warning: label 'L_E676_M0X0' defined but not used [-Wunused-label]
   53 |   L_E676_M0X0:
      |   ^~~~~~~~~~~
D:/l4t/DKC3Recomp/generated/snesrecomp/bankb6_part667_v2.c: In function 'CODE_B6E67C_M0X0':
D:/l4t/DKC3Recomp/generated/snesrecomp/bankb6_part667_v2.c:142:3: warning: label 'L_E67C_M0X0' defined but not used [-Wunused-label]
  142 |   L_E67C_M0X0:
      |   ^~~~~~~~~~~
D:/l4t/DKC3Recomp/generated/snesrecomp/bankb6_part668_v2.c: In function 'CODE_B6E683_M0X0':
D:/l4t/DKC3Recomp/generated/snesrecomp/bankb6_part668_v2.c:50:3: warning: label 'L_E683_M0X0' defined but not used [-Wunused-label]
   50 |   L_E683_M0X0:
      |   ^~~~~~~~~~~
D:/l4t/DKC3Recomp/generated/snesrecomp/bankb6_part668_v2.c: In function 'arich_legs_main_M0X0':
D:/l4t/DKC3Recomp/generated/snesrecomp/bankb6_part668_v2.c:96:3: warning: label 'L_E68E_M0X0' defined but not used [-Wunused-label]
   96 |   L_E68E_M0X0:
      |   ^~~~~~~~~~~
D:/l4t/DKC3Recomp/generated/snesrecomp/bankb6_part670_v2.c: In function 'CODE_B6E70F_M0X0':
D:/l4t/DKC3Recomp/generated/snesrecomp/bankb6_part670_v2.c:50:3: warning: label 'L_E70F_M0X0' defined but not used [-Wunused-label]
   50 |   L_E70F_M0X0:
      |   ^~~~~~~~~~~
D:/l4t/DKC3Recomp/generated/snesrecomp/bankb6_part672_v2.c: In function 'electric_node_main_M0X0':
D:/l4t/DKC3Recomp/generated/snesrecomp/bankb6_part672_v2.c:52:3: warning: label 'L_E725_M0X0' defined but not used [-Wunused-label]
   52 |   L_E725_M0X0:
      |   ^~~~~~~~~~~
D:/l4t/DKC3Recomp/generated/snesrecomp/bankb6_part672_v2.c: In function 'CODE_B6E72E_M0X0':
D:/l4t/DKC3Recomp/generated/snesrecomp/bankb6_part672_v2.c:142:3: warning: label 'L_E72E_M0X0' defined but not used [-Wunused-label]
  142 |   L_E72E_M0X0:
      |   ^~~~~~~~~~~
D:/l4t/DKC3Recomp/generated/snesrecomp/bankb6_part67c_v2.c: In function 'CODE_B6E7C0_M0X0':
D:/l4t/DKC3Recomp/generated/snesrecomp/bankb6_part67c_v2.c:51:3: warning: label 'L_E7C0_M0X0' defined but not used [-Wunused-label]
   51 |   L_E7C0_M0X0:
      |   ^~~~~~~~~~~
D:/l4t/DKC3Recomp/generated/snesrecomp/bankb6_part67d_v2.c: In function 'CODE_B6E7DB_M0X0':
D:/l4t/DKC3Recomp/generated/snesrecomp/bankb6_part67d_v2.c:49:3: warning: label 'L_E7DB_M0X0' defined but not used [-Wunused-label]
   49 |   L_E7DB_M0X0:
      |   ^~~~~~~~~~~
D:/l4t/DKC3Recomp/generated/snesrecomp/bankb6_part67e_v2.c: In function 'unknown_sprite_04C0_main_M0X0':
D:/l4t/DKC3Recomp/generated/snesrecomp/bankb6_part67e_v2.c:49:3: warning: label 'L_E7EA_M0X0' defined but not used [-Wunused-label]
   49 |   L_E7EA_M0X0:
      |   ^~~~~~~~~~~
D:/l4t/DKC3Recomp/generated/snesrecomp/bankb6_part680_v2.c: In function 'CODE_B6E806_M0X0':
D:/l4t/DKC3Recomp/generated/snesrecomp/bankb6_part680_v2.c:49:3: warning: label 'L_E806_M0X0' defined but not used [-Wunused-label]
   49 |   L_E806_M0X0:
      |   ^~~~~~~~~~~
D:/l4t/DKC3Recomp/generated/snesrecomp/bankb6_part681_v2.c: In function 'CODE_B6E81E_M0X0':
D:/l4t/DKC3Recomp/generated/snesrecomp/bankb6_part681_v2.c:49:3: warning: label 'L_E81E_M0X0' defined but not used [-Wunused-label]
   49 |   L_E81E_M0X0:
      |   ^~~~~~~~~~~
D:/l4t/DKC3Recomp/generated/snesrecomp/bankb6_part683_v2.c: In function 'kaos_flame_main_M0X0':
D:/l4t/DKC3Recomp/generated/snesrecomp/bankb6_part683_v2.c:49:3: warning: label 'L_E838_M0X0' defined but not used [-Wunused-label]
   49 |   L_E838_M0X0:
      |   ^~~~~~~~~~~
D:/l4t/DKC3Recomp/generated/snesrecomp/bankb6_part693_v2.c: In function 'kaos_flame_spread_main_M0X0':
D:/l4t/DKC3Recomp/generated/snesrecomp/bankb6_part693_v2.c:49:3: warning: label 'L_E932_M0X0' defined but not used [-Wunused-label]
   49 |   L_E932_M0X0:
      |   ^~~~~~~~~~~
D:/l4t/DKC3Recomp/generated/snesrecomp/bankb6_part69b_v2.c: In function 'krool_feet_main_M0X0':
D:/l4t/DKC3Recomp/generated/snesrecomp/bankb6_part69b_v2.c:51:3: warning: label 'L_E9B3_M0X0' defined but not used [-Wunused-label]
   51 |   L_E9B3_M0X0:
      |   ^~~~~~~~~~~
D:/l4t/DKC3Recomp/generated/snesrecomp/bankb6_part6a0_v2.c: In function 'CODE_B6EA00_M0X0':
D:/l4t/DKC3Recomp/generated/snesrecomp/bankb6_part6a0_v2.c:51:3: warning: label 'L_EA00_M0X0' defined but not used [-Wunused-label]
   51 |   L_EA00_M0X0:
      |   ^~~~~~~~~~~
D:/l4t/DKC3Recomp/generated/snesrecomp/bankb6_part6a2_v2.c: In function 'CODE_B6EA29_M0X0':
D:/l4t/DKC3Recomp/generated/snesrecomp/bankb6_part6a2_v2.c:49:3: warning: label 'L_EA29_M0X0' defined but not used [-Wunused-label]
   49 |   L_EA29_M0X0:
      |   ^~~~~~~~~~~
D:/l4t/DKC3Recomp/generated/snesrecomp/bankb6_part6a4_v2.c: In function 'krool_curtain_main_M0X0':
D:/l4t/DKC3Recomp/generated/snesrecomp/bankb6_part6a4_v2.c:50:3: warning: label 'L_EA44_M0X0' defined but not used [-Wunused-label]
   50 |   L_EA44_M0X0:
      |   ^~~~~~~~~~~
D:/l4t/DKC3Recomp/generated/snesrecomp/bankb6_part6a5_v2.c: In function 'CODE_B6EA58_M0X0':
D:/l4t/DKC3Recomp/generated/snesrecomp/bankb6_part6a5_v2.c:49:3: warning: label 'L_EA58_M0X0' defined but not used [-Wunused-label]
   49 |   L_EA58_M0X0:
      |   ^~~~~~~~~~~
D:/l4t/DKC3Recomp/generated/snesrecomp/bankb6_part6a6_v2.c: In function 'krool_propeller_main_M0X0':
D:/l4t/DKC3Recomp/generated/snesrecomp/bankb6_part6a6_v2.c:51:3: warning: label 'L_EA67_M0X0' defined but not used [-Wunused-label]
   51 |   L_EA67_M0X0:
      |   ^~~~~~~~~~~
D:/l4t/DKC3Recomp/generated/snesrecomp/bankb6_part6a7_v2.c: In function 'CODE_B6EA74_M0X0':
D:/l4t/DKC3Recomp/generated/snesrecomp/bankb6_part6a7_v2.c:52:3: warning: label 'L_EA74_M0X0' defined but not used [-Wunused-label]
   52 |   L_EA74_M0X0:
      |   ^~~~~~~~~~~
D:/l4t/DKC3Recomp/generated/snesrecomp/bankb6_part6a8_v2.c: In function 'CODE_B6EA89_M0X0':
D:/l4t/DKC3Recomp/generated/snesrecomp/bankb6_part6a8_v2.c:49:3: warning: label 'L_EA89_M0X0' defined but not used [-Wunused-label]
   49 |   L_EA89_M0X0:
      |   ^~~~~~~~~~~
D:/l4t/DKC3Recomp/generated/snesrecomp/bankb6_part6af_v2.c: In function 'CODE_B6EAF1_M0X0':
D:/l4t/DKC3Recomp/generated/snesrecomp/bankb6_part6af_v2.c:49:3: warning: label 'L_EAF1_M0X0' defined but not used [-Wunused-label]
   49 |   L_EAF1_M0X0:
      |   ^~~~~~~~~~~
D:/l4t/DKC3Recomp/generated/snesrecomp/bankb6_part6b0_v2.c: In function 'CODE_B6EB08_M0X0':
D:/l4t/DKC3Recomp/generated/snesrecomp/bankb6_part6b0_v2.c:51:3: warning: label 'L_EB08_M0X0' defined but not used [-Wunused-label]
   51 |   L_EB08_M0X0:
      |   ^~~~~~~~~~~
D:/l4t/DKC3Recomp/generated/snesrecomp/bankb6_part6b1_v2.c: In function 'CODE_B6EB16_M0X0':
D:/l4t/DKC3Recomp/generated/snesrecomp/bankb6_part6b1_v2.c:51:3: warning: label 'L_EB16_M0X0' defined but not used [-Wunused-label]
   51 |   L_EB16_M0X0:
      |   ^~~~~~~~~~~
D:/l4t/DKC3Recomp/generated/snesrecomp/bankb6_part6bd_v2.c: In function 'kastle_kaos_lever_main_M0X0':
D:/l4t/DKC3Recomp/generated/snesrecomp/bankb6_part6bd_v2.c:54:3: warning: label 'L_EBDE_M0X0' defined but not used [-Wunused-label]
   54 |   L_EBDE_M0X0:
      |   ^~~~~~~~~~~
D:/l4t/DKC3Recomp/generated/snesrecomp/bankb6_part6be_v2.c: In function 'CODE_B6EBEF_M0X0':
D:/l4t/DKC3Recomp/generated/snesrecomp/bankb6_part6be_v2.c:49:3: warning: label 'L_EBEF_M0X0' defined but not used [-Wunused-label]
   49 |   L_EBEF_M0X0:
      |   ^~~~~~~~~~~
D:/l4t/DKC3Recomp/generated/snesrecomp/bankb6_part6c4_v2.c: In function 'CODE_B6EC42_M0X0':
D:/l4t/DKC3Recomp/generated/snesrecomp/bankb6_part6c4_v2.c:52:3: warning: label 'L_EC42_M0X0' defined but not used [-Wunused-label]
   52 |   L_EC42_M0X0:
      |   ^~~~~~~~~~~
D:/l4t/DKC3Recomp/generated/snesrecomp/bankb6_part6c5_v2.c: In function 'CODE_B6EC5F_M0X0':
D:/l4t/DKC3Recomp/generated/snesrecomp/bankb6_part6c5_v2.c:51:3: warning: label 'L_EC5F_M0X0' defined but not used [-Wunused-label]
   51 |   L_EC5F_M0X0:
      |   ^~~~~~~~~~~
D:/l4t/DKC3Recomp/generated/snesrecomp/bankb6_part6c7_v2.c: In function 'CODE_B6EC73_M0X0':
D:/l4t/DKC3Recomp/generated/snesrecomp/bankb6_part6c7_v2.c:49:3: warning: label 'L_EC73_M0X0' defined but not used [-Wunused-label]
   49 |   L_EC73_M0X0:
      |   ^~~~~~~~~~~
D:/l4t/DKC3Recomp/generated/snesrecomp/bankb6_part6cc_v2.c: In function 'CODE_B6ECCB_M0X0':
D:/l4t/DKC3Recomp/generated/snesrecomp/bankb6_part6cc_v2.c:50:3: warning: label 'L_ECCB_M0X0' defined but not used [-Wunused-label]
   50 |   L_ECCB_M0X0:
      |   ^~~~~~~~~~~
D:/l4t/DKC3Recomp/generated/snesrecomp/bankb6_part6cf_v2.c: In function 'CODE_B6ECF1_M0X0':
D:/l4t/DKC3Recomp/generated/snesrecomp/bankb6_part6cf_v2.c:52:3: warning: label 'L_ECF1_M0X0' defined but not used [-Wunused-label]
   52 |   L_ECF1_M0X0:
      |   ^~~~~~~~~~~
D:/l4t/DKC3Recomp/generated/snesrecomp/bankb6_part6cf_v2.c: In function 'CODE_B6ECF8_M0X0':
D:/l4t/DKC3Recomp/generated/snesrecomp/bankb6_part6cf_v2.c:160:3: warning: label 'L_ECF8_M0X0' defined but not used [-Wunused-label]
  160 |   L_ECF8_M0X0:
      |   ^~~~~~~~~~~
D:/l4t/DKC3Recomp/generated/snesrecomp/bankb6_part6d0_v2.c: In function 'CODE_B6ED04_M0X0':
D:/l4t/DKC3Recomp/generated/snesrecomp/bankb6_part6d0_v2.c:49:3: warning: label 'L_ED04_M0X0' defined but not used [-Wunused-label]
   49 |   L_ED04_M0X0:
      |   ^~~~~~~~~~~
D:/l4t/DKC3Recomp/generated/snesrecomp/bankb6_part6d1_v2.c: In function 'CODE_B6ED1F_M0X0':
D:/l4t/DKC3Recomp/generated/snesrecomp/bankb6_part6d1_v2.c:49:3: warning: label 'L_ED1F_M0X0' defined but not used [-Wunused-label]
   49 |   L_ED1F_M0X0:
      |   ^~~~~~~~~~~
D:/l4t/DKC3Recomp/generated/snesrecomp/bankb6_part6d3_v2.c: In function 'CODE_B6ED32_M0X0':
D:/l4t/DKC3Recomp/generated/snesrecomp/bankb6_part6d3_v2.c:49:3: warning: label 'L_ED32_M0X0' defined but not used [-Wunused-label]
   49 |   L_ED32_M0X0:
      |   ^~~~~~~~~~~
D:/l4t/DKC3Recomp/generated/snesrecomp/bankb6_part6d4_v2.c: In function 'krool_fight_platform_main_M0X0':
D:/l4t/DKC3Recomp/generated/snesrecomp/bankb6_part6d4_v2.c:56:3: warning: label 'L_ED4E_M0X0' defined but not used [-Wunused-label]
   56 |   L_ED4E_M0X0:
      |   ^~~~~~~~~~~
D:/l4t/DKC3Recomp/generated/snesrecomp/bankb6_part6d6_v2.c: In function 'CODE_B6ED61_M0X0':
D:/l4t/DKC3Recomp/generated/snesrecomp/bankb6_part6d6_v2.c:51:3: warning: label 'L_ED61_M0X0' defined but not used [-Wunused-label]
   51 |   L_ED61_M0X0:
      |   ^~~~~~~~~~~
D:/l4t/DKC3Recomp/generated/snesrecomp/bankb6_part6d7_v2.c: In function 'CODE_B6ED71_M0X0':
D:/l4t/DKC3Recomp/generated/snesrecomp/bankb6_part6d7_v2.c:49:3: warning: label 'L_ED71_M0X0' defined but not used [-Wunused-label]
   49 |   L_ED71_M0X0:
      |   ^~~~~~~~~~~
D:/l4t/DKC3Recomp/generated/snesrecomp/bankb6_part6db_v2.c: In function 'CODE_B6EDB0_M0X0':
D:/l4t/DKC3Recomp/generated/snesrecomp/bankb6_part6db_v2.c:49:3: warning: label 'L_EDB0_M0X0' defined but not used [-Wunused-label]
   49 |   L_EDB0_M0X0:
      |   ^~~~~~~~~~~
D:/l4t/DKC3Recomp/generated/snesrecomp/bankb6_part6dc_v2.c: In function 'CODE_B6EDC1_M0X0':
D:/l4t/DKC3Recomp/generated/snesrecomp/bankb6_part6dc_v2.c:51:3: warning: label 'L_EDC1_M0X0' defined but not used [-Wunused-label]
   51 |   L_EDC1_M0X0:
      |   ^~~~~~~~~~~
D:/l4t/DKC3Recomp/generated/snesrecomp/bankb6_part6dc_v2.c: In function 'CODE_B6EDC5_M0X0':
D:/l4t/DKC3Recomp/generated/snesrecomp/bankb6_part6dc_v2.c:137:3: warning: label 'L_EDC5_M0X0' defined but not used [-Wunused-label]
  137 |   L_EDC5_M0X0:
      |   ^~~~~~~~~~~
D:/l4t/DKC3Recomp/generated/snesrecomp/bankb6_part6dd_v2.c: In function 'CODE_B6EDDF_M0X0':
D:/l4t/DKC3Recomp/generated/snesrecomp/bankb6_part6dd_v2.c:51:3: warning: label 'L_EDDF_M0X0' defined but not used [-Wunused-label]
   51 |   L_EDDF_M0X0:
      |   ^~~~~~~~~~~
D:/l4t/DKC3Recomp/generated/snesrecomp/bankb6_part6df_v2.c: In function 'CODE_B6EDF6_M0X0':
D:/l4t/DKC3Recomp/generated/snesrecomp/bankb6_part6df_v2.c:52:3: warning: label 'L_EDF6_M0X0' defined but not used [-Wunused-label]
   52 |   L_EDF6_M0X0:
      |   ^~~~~~~~~~~
D:/l4t/DKC3Recomp/generated/snesrecomp/bankb6_part6df_v2.c: In function 'CODE_B6EDFE_M0X0':
D:/l4t/DKC3Recomp/generated/snesrecomp/bankb6_part6df_v2.c:172:3: warning: label 'L_EDFE_M0X0' defined but not used [-Wunused-label]
  172 |   L_EDFE_M0X0:
      |   ^~~~~~~~~~~
D:/l4t/DKC3Recomp/generated/snesrecomp/bankb6_part6e5_v2.c: In function 'area_name_text_main_M0X0':
D:/l4t/DKC3Recomp/generated/snesrecomp/bankb6_part6e5_v2.c:51:3: warning: label 'L_EE51_M0X0' defined but not used [-Wunused-label]
   51 |   L_EE51_M0X0:
      |   ^~~~~~~~~~~
D:/l4t/DKC3Recomp/generated/snesrecomp/bankb6_part6e9_v2.c: In function 'CODE_B6EE92_M0X0':
D:/l4t/DKC3Recomp/generated/snesrecomp/bankb6_part6e9_v2.c:50:3: warning: label 'L_EE92_M0X0' defined but not used [-Wunused-label]
   50 |   L_EE92_M0X0:
      |   ^~~~~~~~~~~
D:/l4t/DKC3Recomp/generated/snesrecomp/bankb6_part6eb_v2.c: In function 'CODE_B6EEB4_M0X0':
D:/l4t/DKC3Recomp/generated/snesrecomp/bankb6_part6eb_v2.c:51:3: warning: label 'L_EEB4_M0X0' defined but not used [-Wunused-label]
   51 |   L_EEB4_M0X0:
      |   ^~~~~~~~~~~
D:/l4t/DKC3Recomp/generated/snesrecomp/bankb6_part6f8_v2.c: In function 'CODE_B6EF8F_M0X0':
D:/l4t/DKC3Recomp/generated/snesrecomp/bankb6_part6f8_v2.c:49:3: warning: label 'L_EF8F_M0X0' defined but not used [-Wunused-label]
   49 |   L_EF8F_M0X0:
      |   ^~~~~~~~~~~
D:/l4t/DKC3Recomp/generated/snesrecomp/bankb6_part6f9_v2.c: In function 'CODE_B6EF90_M0X0':
D:/l4t/DKC3Recomp/generated/snesrecomp/bankb6_part6f9_v2.c:50:3: warning: label 'L_EF90_M0X0' defined but not used [-Wunused-label]
   50 |   L_EF90_M0X0:
      |   ^~~~~~~~~~~
D:/l4t/DKC3Recomp/generated/snesrecomp/bankb6_part6f_v2.c: In function 'klasp_follow_main_explode_M0X0':
D:/l4t/DKC3Recomp/generated/snesrecomp/bankb6_part6f_v2.c:52:3: warning: label 'L_86F0_M0X0' defined but not used [-Wunused-label]
   52 |   L_86F0_M0X0:
      |   ^~~~~~~~~~~
D:/l4t/DKC3Recomp/generated/snesrecomp/bankb6_part6fa_v2.c: In function 'CODE_B6EFAD_M0X0':
D:/l4t/DKC3Recomp/generated/snesrecomp/bankb6_part6fa_v2.c:51:3: warning: label 'L_EFAD_M0X0' defined but not used [-Wunused-label]
   51 |   L_EFAD_M0X0:
      |   ^~~~~~~~~~~
D:/l4t/DKC3Recomp/generated/snesrecomp/bankb6_part6fc_v2.c: In function 'CODE_B6EFC3_M0X0':
D:/l4t/DKC3Recomp/generated/snesrecomp/bankb6_part6fc_v2.c:51:3: warning: label 'L_EFC3_M0X0' defined but not used [-Wunused-label]
   51 |   L_EFC3_M0X0:
      |   ^~~~~~~~~~~
D:/l4t/DKC3Recomp/generated/snesrecomp/bankb6_part705_v2.c: In function 'CODE_B6F05E_M0X0':
D:/l4t/DKC3Recomp/generated/snesrecomp/bankb6_part705_v2.c:51:3: warning: label 'L_F05E_M0X0' defined but not used [-Wunused-label]
   51 |   L_F05E_M0X0:
      |   ^~~~~~~~~~~
D:/l4t/DKC3Recomp/generated/snesrecomp/bankb6_part707_v2.c: In function 'CODE_B6F071_M0X0':
D:/l4t/DKC3Recomp/generated/snesrecomp/bankb6_part707_v2.c:52:3: warning: label 'L_F071_M0X0' defined but not used [-Wunused-label]
   52 |   L_F071_M0X0:
      |   ^~~~~~~~~~~
D:/l4t/DKC3Recomp/generated/snesrecomp/bankb6_part707_v2.c: In function 'CODE_B6F07A_M0X0':
D:/l4t/DKC3Recomp/generated/snesrecomp/bankb6_part707_v2.c:801:3: warning: label 'L_F07A_M0X0' defined but not used [-Wunused-label]
  801 |   L_F07A_M0X0:
      |   ^~~~~~~~~~~
D:/l4t/DKC3Recomp/generated/snesrecomp/bankb6_part708_v2.c: In function 'CODE_B6F087_M0X0':
D:/l4t/DKC3Recomp/generated/snesrecomp/bankb6_part708_v2.c:49:3: warning: label 'L_F087_M0X0' defined but not used [-Wunused-label]
   49 |   L_F087_M0X0:
      |   ^~~~~~~~~~~
D:/l4t/DKC3Recomp/generated/snesrecomp/bankb6_part709_v2.c: In function 'CODE_B6F09F_M0X0':
D:/l4t/DKC3Recomp/generated/snesrecomp/bankb6_part709_v2.c:49:3: warning: label 'L_F09F_M0X0' defined but not used [-Wunused-label]
   49 |   L_F09F_M0X0:
      |   ^~~~~~~~~~~
D:/l4t/DKC3Recomp/generated/snesrecomp/bankb6_part70a_v2.c: In function 'CODE_B6F0AF_M0X0':
D:/l4t/DKC3Recomp/generated/snesrecomp/bankb6_part70a_v2.c:50:3: warning: label 'L_F0AF_M0X0' defined but not used [-Wunused-label]
   50 |   L_F0AF_M0X0:
      |   ^~~~~~~~~~~
D:/l4t/DKC3Recomp/generated/snesrecomp/bankb6_part70c_v2.c: In function 'CODE_B6F0C6_M0X0':
D:/l4t/DKC3Recomp/generated/snesrecomp/bankb6_part70c_v2.c:49:3: warning: label 'L_F0C6_M0X0' defined but not used [-Wunused-label]
   49 |   L_F0C6_M0X0:
      |   ^~~~~~~~~~~
D:/l4t/DKC3Recomp/generated/snesrecomp/bankb6_part70e_v2.c: In function 'CODE_B6F0E3_M0X0':
D:/l4t/DKC3Recomp/generated/snesrecomp/bankb6_part70e_v2.c:49:3: warning: label 'L_F0E3_M0X0' defined but not used [-Wunused-label]
   49 |   L_F0E3_M0X0:
      |   ^~~~~~~~~~~
D:/l4t/DKC3Recomp/generated/snesrecomp/bankb6_part70f_v2.c: In function 'CODE_B6F0F6_M0X0':
D:/l4t/DKC3Recomp/generated/snesrecomp/bankb6_part70f_v2.c:49:3: warning: label 'L_F0F6_M0X0' defined but not used [-Wunused-label]
   49 |   L_F0F6_M0X0:
      |   ^~~~~~~~~~~
D:/l4t/DKC3Recomp/generated/snesrecomp/bankb6_part718_v2.c: In function 'CODE_B6F186_M0X0':
D:/l4t/DKC3Recomp/generated/snesrecomp/bankb6_part718_v2.c:50:3: warning: label 'L_F186_M0X0' defined but not used [-Wunused-label]
   50 |   L_F186_M0X0:
      |   ^~~~~~~~~~~
D:/l4t/DKC3Recomp/generated/snesrecomp/bankb6_part71_v2.c: In function 'klasp_auto_move_main_M0X0':
D:/l4t/DKC3Recomp/generated/snesrecomp/bankb6_part71_v2.c:51:3: warning: label 'L_871F_M0X0' defined but not used [-Wunused-label]
   51 |   L_871F_M0X0:
      |   ^~~~~~~~~~~
D:/l4t/DKC3Recomp/generated/snesrecomp/bankb6_part71a_v2.c: In function 'CODE_B6F1A3_M0X0':
D:/l4t/DKC3Recomp/generated/snesrecomp/bankb6_part71a_v2.c:50:3: warning: label 'L_F1A3_M0X0' defined but not used [-Wunused-label]
   50 |   L_F1A3_M0X0:
      |   ^~~~~~~~~~~
D:/l4t/DKC3Recomp/generated/snesrecomp/bankb6_part71b_v2.c: In function 'CODE_B6F1BD_M0X0':
D:/l4t/DKC3Recomp/generated/snesrecomp/bankb6_part71b_v2.c:49:3: warning: label 'L_F1BD_M0X0' defined but not used [-Wunused-label]
   49 |   L_F1BD_M0X0:
      |   ^~~~~~~~~~~
D:/l4t/DKC3Recomp/generated/snesrecomp/bankb6_part723_v2.c: In function 'CODE_B6F23E_M0X0':
D:/l4t/DKC3Recomp/generated/snesrecomp/bankb6_part723_v2.c:49:3: warning: label 'L_F23E_M0X0' defined but not used [-Wunused-label]
   49 |   L_F23E_M0X0:
      |   ^~~~~~~~~~~
D:/l4t/DKC3Recomp/generated/snesrecomp/bankb6_part726_v2.c: In function 'invert_max_x_speed_if_needed_M0X0':
D:/l4t/DKC3Recomp/generated/snesrecomp/bankb6_part726_v2.c:49:3: warning: label 'L_F262_M0X0' defined but not used [-Wunused-label]
   49 |   L_F262_M0X0:
      |   ^~~~~~~~~~~
D:/l4t/DKC3Recomp/generated/snesrecomp/bankb6_part727_v2.c: In function 'CODE_B6F272_M0X0':
D:/l4t/DKC3Recomp/generated/snesrecomp/bankb6_part727_v2.c:51:3: warning: label 'L_F272_M0X0' defined but not used [-Wunused-label]
   51 |   L_F272_M0X0:
      |   ^~~~~~~~~~~
D:/l4t/DKC3Recomp/generated/snesrecomp/bankb6_part727_v2.c: In function 'bank_B6_F27D_M0X0':
D:/l4t/DKC3Recomp/generated/snesrecomp/bankb6_part727_v2.c:167:3: warning: label 'L_F27D_M0X0' defined but not used [-Wunused-label]
  167 |   L_F27D_M0X0:
      |   ^~~~~~~~~~~
D:/l4t/DKC3Recomp/generated/snesrecomp/bankb6_part728_v2.c: In function 'CODE_B6F284_M0X0':
D:/l4t/DKC3Recomp/generated/snesrecomp/bankb6_part728_v2.c:49:3: warning: label 'L_F284_M0X0' defined but not used [-Wunused-label]
   49 |   L_F284_M0X0:
      |   ^~~~~~~~~~~
D:/l4t/DKC3Recomp/generated/snesrecomp/bankb6_part729_v2.c: In function 'CODE_B6F29D_M0X0':
D:/l4t/DKC3Recomp/generated/snesrecomp/bankb6_part729_v2.c:49:3: warning: label 'L_F29D_M0X0' defined but not used [-Wunused-label]
   49 |   L_F29D_M0X0:
      |   ^~~~~~~~~~~
D:/l4t/DKC3Recomp/generated/snesrecomp/bankb6_part72_v2.c: In function 'klasp_follow_main_automoving_klasp_init_M0X0':
D:/l4t/DKC3Recomp/generated/snesrecomp/bankb6_part72_v2.c:50:3: warning: label 'L_8728_M0X0' defined but not used [-Wunused-label]
   50 |   L_8728_M0X0:
      |   ^~~~~~~~~~~
D:/l4t/DKC3Recomp/generated/snesrecomp/bankb6_part72a_v2.c: In function 'CODE_B6F2A5_M0X0':
D:/l4t/DKC3Recomp/generated/snesrecomp/bankb6_part72a_v2.c:49:3: warning: label 'L_F2A5_M0X0' defined but not used [-Wunused-label]
   49 |   L_F2A5_M0X0:
      |   ^~~~~~~~~~~
D:/l4t/DKC3Recomp/generated/snesrecomp/bankb6_part72b_v2.c: In function 'CODE_B6F2B1_M0X0':
D:/l4t/DKC3Recomp/generated/snesrecomp/bankb6_part72b_v2.c:49:3: warning: label 'L_F2B1_M0X0' defined but not used [-Wunused-label]
   49 |   L_F2B1_M0X0:
      |   ^~~~~~~~~~~
D:/l4t/DKC3Recomp/generated/snesrecomp/bankb6_part72c_v2.c: In function 'CODE_B6F2C9_M0X0':
D:/l4t/DKC3Recomp/generated/snesrecomp/bankb6_part72c_v2.c:49:3: warning: label 'L_F2C9_M0X0' defined but not used [-Wunused-label]
   49 |   L_F2C9_M0X0:
      |   ^~~~~~~~~~~
D:/l4t/DKC3Recomp/generated/snesrecomp/bankb6_part72d_v2.c: In function 'CODE_B6F2DD_M0X0':
D:/l4t/DKC3Recomp/generated/snesrecomp/bankb6_part72d_v2.c:49:3: warning: label 'L_F2DD_M0X0' defined but not used [-Wunused-label]
   49 |   L_F2DD_M0X0:
      |   ^~~~~~~~~~~
D:/l4t/DKC3Recomp/generated/snesrecomp/bankb6_part72e_v2.c: In function 'CODE_B6F2E8_M0X0':
D:/l4t/DKC3Recomp/generated/snesrecomp/bankb6_part72e_v2.c:50:3: warning: label 'L_F2E8_M0X0' defined but not used [-Wunused-label]
   50 |   L_F2E8_M0X0:
      |   ^~~~~~~~~~~
D:/l4t/DKC3Recomp/generated/snesrecomp/bankb6_part732_v2.c: In function 'CODE_B6F327_M0X0':
D:/l4t/DKC3Recomp/generated/snesrecomp/bankb6_part732_v2.c:49:3: warning: label 'L_F327_M0X0' defined but not used [-Wunused-label]
   49 |   L_F327_M0X0:
      |   ^~~~~~~~~~~
D:/l4t/DKC3Recomp/generated/snesrecomp/bankb6_part734_v2.c: In function 'CODE_B6F348_M0X0':
D:/l4t/DKC3Recomp/generated/snesrecomp/bankb6_part734_v2.c:50:3: warning: label 'L_F348_M0X0' defined but not used [-Wunused-label]
   50 |   L_F348_M0X0:
      |   ^~~~~~~~~~~
D:/l4t/DKC3Recomp/generated/snesrecomp/bankb6_part735_v2.c: In function 'CODE_B6F359_M0X0':
D:/l4t/DKC3Recomp/generated/snesrecomp/bankb6_part735_v2.c:49:3: warning: label 'L_F359_M0X0' defined but not used [-Wunused-label]
   49 |   L_F359_M0X0:
      |   ^~~~~~~~~~~
D:/l4t/DKC3Recomp/generated/snesrecomp/bankb6_part737_v2.c: In function 'CODE_B6F371_M0X0':
D:/l4t/DKC3Recomp/generated/snesrecomp/bankb6_part737_v2.c:49:3: warning: label 'L_F371_M0X0' defined but not used [-Wunused-label]
   49 |   L_F371_M0X0:
      |   ^~~~~~~~~~~
D:/l4t/DKC3Recomp/generated/snesrecomp/bankb6_part738_v2.c: In function 'CODE_B6F381_M0X0':
D:/l4t/DKC3Recomp/generated/snesrecomp/bankb6_part738_v2.c:49:3: warning: label 'L_F381_M0X0' defined but not used [-Wunused-label]
   49 |   L_F381_M0X0:
      |   ^~~~~~~~~~~
D:/l4t/DKC3Recomp/generated/snesrecomp/bankb6_part73a_v2.c: In function 'CODE_B6F3AB_M0X0':
D:/l4t/DKC3Recomp/generated/snesrecomp/bankb6_part73a_v2.c:49:3: warning: label 'L_F3AB_M0X0' defined but not used [-Wunused-label]
   49 |   L_F3AB_M0X0:
      |   ^~~~~~~~~~~
D:/l4t/DKC3Recomp/generated/snesrecomp/bankb6_part73e_v2.c: In function 'CODE_B6F3E7_M0X0':
D:/l4t/DKC3Recomp/generated/snesrecomp/bankb6_part73e_v2.c:51:3: warning: label 'L_F3E7_M0X0' defined but not used [-Wunused-label]
   51 |   L_F3E7_M0X0:
      |   ^~~~~~~~~~~
D:/l4t/DKC3Recomp/generated/snesrecomp/bankb6_part73e_v2.c: In function 'CODE_B6F3EB_M0X0':
D:/l4t/DKC3Recomp/generated/snesrecomp/bankb6_part73e_v2.c:182:3: warning: label 'L_F3EB_M0X0' defined but not used [-Wunused-label]
  182 |   L_F3EB_M0X0:
      |   ^~~~~~~~~~~
D:/l4t/DKC3Recomp/generated/snesrecomp/bankb6_part74e_v2.c: In function 'CODE_B6F4E6_M0X0':
D:/l4t/DKC3Recomp/generated/snesrecomp/bankb6_part74e_v2.c:50:3: warning: label 'L_F4E6_M0X0' defined but not used [-Wunused-label]
   50 |   L_F4E6_M0X0:
      |   ^~~~~~~~~~~
D:/l4t/DKC3Recomp/generated/snesrecomp/bankb6_part753_v2.c: In function 'CODE_B6F536_M0X0':
D:/l4t/DKC3Recomp/generated/snesrecomp/bankb6_part753_v2.c:49:3: warning: label 'L_F536_M0X0' defined but not used [-Wunused-label]
   49 |   L_F536_M0X0:
      |   ^~~~~~~~~~~
D:/l4t/DKC3Recomp/generated/snesrecomp/bankb6_part754_v2.c: In function 'CODE_B6F54C_M0X0':
D:/l4t/DKC3Recomp/generated/snesrecomp/bankb6_part754_v2.c:102:3: warning: label 'L_F54C_M0X0' defined but not used [-Wunused-label]
  102 |   L_F54C_M0X0:
      |   ^~~~~~~~~~~
D:/l4t/DKC3Recomp/generated/snesrecomp/bankb6_part765_v2.c: In function 'CODE_B6F659_M0X0':
D:/l4t/DKC3Recomp/generated/snesrecomp/bankb6_part765_v2.c:54:3: warning: label 'L_F659_M0X0' defined but not used [-Wunused-label]
   54 |   L_F659_M0X0:
      |   ^~~~~~~~~~~
D:/l4t/DKC3Recomp/generated/snesrecomp/bankb6_part76e_v2.c: In function 'CODE_B6F6E1_M0X0':
D:/l4t/DKC3Recomp/generated/snesrecomp/bankb6_part76e_v2.c:49:3: warning: label 'L_F6E1_M0X0' defined but not used [-Wunused-label]
   49 |   L_F6E1_M0X0:
      |   ^~~~~~~~~~~
D:/l4t/DKC3Recomp/generated/snesrecomp/bankb6_part774_v2.c: In function 'CODE_B6F74B_M0X0':
D:/l4t/DKC3Recomp/generated/snesrecomp/bankb6_part774_v2.c:49:3: warning: label 'L_F74B_M0X0' defined but not used [-Wunused-label]
   49 |   L_F74B_M0X0:
      |   ^~~~~~~~~~~
D:/l4t/DKC3Recomp/generated/snesrecomp/bankb6_part77b_v2.c: In function 'CODE_B6F7B4_M0X0':
D:/l4t/DKC3Recomp/generated/snesrecomp/bankb6_part77b_v2.c:49:3: warning: label 'L_F7B4_M0X0' defined but not used [-Wunused-label]
   49 |   L_F7B4_M0X0:
      |   ^~~~~~~~~~~
D:/l4t/DKC3Recomp/generated/snesrecomp/bankb6_part781_v2.c: In function 'CODE_B6F814_M0X0':
D:/l4t/DKC3Recomp/generated/snesrecomp/bankb6_part781_v2.c:49:3: warning: label 'L_F814_M0X0' defined but not used [-Wunused-label]
   49 |   L_F814_M0X0:
      |   ^~~~~~~~~~~
D:/l4t/DKC3Recomp/generated/snesrecomp/bankb6_part78a_v2.c: In function 'CODE_B6F8A9_M0X0':
D:/l4t/DKC3Recomp/generated/snesrecomp/bankb6_part78a_v2.c:49:3: warning: label 'L_F8A9_M0X0' defined but not used [-Wunused-label]
   49 |   L_F8A9_M0X0:
      |   ^~~~~~~~~~~
D:/l4t/DKC3Recomp/generated/snesrecomp/bankb6_part78c_v2.c: In function 'CODE_B6F8C5_M0X0':
D:/l4t/DKC3Recomp/generated/snesrecomp/bankb6_part78c_v2.c:49:3: warning: label 'L_F8C5_M0X0' defined but not used [-Wunused-label]
   49 |   L_F8C5_M0X0:
      |   ^~~~~~~~~~~
D:/l4t/DKC3Recomp/generated/snesrecomp/bankb6_part78e_v2.c: In function 'CODE_B6F8E0_M0X0':
D:/l4t/DKC3Recomp/generated/snesrecomp/bankb6_part78e_v2.c:50:3: warning: label 'L_F8E0_M0X0' defined but not used [-Wunused-label]
   50 |   L_F8E0_M0X0:
      |   ^~~~~~~~~~~
D:/l4t/DKC3Recomp/generated/snesrecomp/bankb6_part791_v2.c: In function 'CODE_B6F913_M0X0':
D:/l4t/DKC3Recomp/generated/snesrecomp/bankb6_part791_v2.c:49:3: warning: label 'L_F913_M0X0' defined but not used [-Wunused-label]
   49 |   L_F913_M0X0:
      |   ^~~~~~~~~~~
D:/l4t/DKC3Recomp/generated/snesrecomp/bankb6_part798_v2.c: In function 'CODE_B6F98F_M0X0':
D:/l4t/DKC3Recomp/generated/snesrecomp/bankb6_part798_v2.c:49:3: warning: label 'L_F98F_M0X0' defined but not used [-Wunused-label]
   49 |   L_F98F_M0X0:
      |   ^~~~~~~~~~~
D:/l4t/DKC3Recomp/generated/snesrecomp/bankb6_part799_v2.c: In function 'CODE_B6F993_M0X0':
D:/l4t/DKC3Recomp/generated/snesrecomp/bankb6_part799_v2.c:50:3: warning: label 'L_F993_M0X0' defined but not used [-Wunused-label]
   50 |   L_F993_M0X0:
      |   ^~~~~~~~~~~
D:/l4t/DKC3Recomp/generated/snesrecomp/bankb6_part79_v2.c: In function 'lemguin_spawner_main_M0X0':
D:/l4t/DKC3Recomp/generated/snesrecomp/bankb6_part79_v2.c:50:3: warning: label 'L_879A_M0X0' defined but not used [-Wunused-label]
   50 |   L_879A_M0X0:
      |   ^~~~~~~~~~~
D:/l4t/DKC3Recomp/generated/snesrecomp/bankb6_part79b_v2.c: In function 'CODE_B6F9B8_M0X0':
D:/l4t/DKC3Recomp/generated/snesrecomp/bankb6_part79b_v2.c:50:3: warning: label 'L_F9B8_M0X0' defined but not used [-Wunused-label]
   50 |   L_F9B8_M0X0:
      |   ^~~~~~~~~~~
D:/l4t/DKC3Recomp/generated/snesrecomp/bankb6_part79b_v2.c: In function 'CODE_B6F9BF_M0X0':
D:/l4t/DKC3Recomp/generated/snesrecomp/bankb6_part79b_v2.c:169:3: warning: label 'L_F9BF_M0X0' defined but not used [-Wunused-label]
  169 |   L_F9BF_M0X0:
      |   ^~~~~~~~~~~
D:/l4t/DKC3Recomp/generated/snesrecomp/bankb6_part79d_v2.c: In function 'CODE_B6F9DE_M0X0':
D:/l4t/DKC3Recomp/generated/snesrecomp/bankb6_part79d_v2.c:49:3: warning: label 'L_F9DE_M0X0' defined but not used [-Wunused-label]
   49 |   L_F9DE_M0X0:
      |   ^~~~~~~~~~~
D:/l4t/DKC3Recomp/generated/snesrecomp/bankb6_part79e_v2.c: In function 'CODE_B6F9E5_M0X0':
D:/l4t/DKC3Recomp/generated/snesrecomp/bankb6_part79e_v2.c:50:3: warning: label 'L_F9E5_M0X0' defined but not used [-Wunused-label]
   50 |   L_F9E5_M0X0:
      |   ^~~~~~~~~~~
D:/l4t/DKC3Recomp/generated/snesrecomp/bankb6_part79e_v2.c: In function 'CODE_B6F9EA_M0X0':
D:/l4t/DKC3Recomp/generated/snesrecomp/bankb6_part79e_v2.c:168:3: warning: label 'L_F9EA_M0X0' defined but not used [-Wunused-label]
  168 |   L_F9EA_M0X0:
      |   ^~~~~~~~~~~
D:/l4t/DKC3Recomp/generated/snesrecomp/bankb6_part7a1_v2.c: In function 'CODE_B6FA1D_M0X0':
D:/l4t/DKC3Recomp/generated/snesrecomp/bankb6_part7a1_v2.c:49:3: warning: label 'L_FA1D_M0X0' defined but not used [-Wunused-label]
   49 |   L_FA1D_M0X0:
      |   ^~~~~~~~~~~
D:/l4t/DKC3Recomp/generated/snesrecomp/bankb6_part7a4_v2.c: In function 'CODE_B6FA4E_M0X0':
D:/l4t/DKC3Recomp/generated/snesrecomp/bankb6_part7a4_v2.c:50:3: warning: label 'L_FA4E_M0X0' defined but not used [-Wunused-label]
   50 |   L_FA4E_M0X0:
      |   ^~~~~~~~~~~
D:/l4t/DKC3Recomp/generated/snesrecomp/bankb6_part7a5_v2.c: In function 'CODE_B6FA5A_M0X0':
D:/l4t/DKC3Recomp/generated/snesrecomp/bankb6_part7a5_v2.c:49:3: warning: label 'L_FA5A_M0X0' defined but not used [-Wunused-label]
   49 |   L_FA5A_M0X0:
      |   ^~~~~~~~~~~
D:/l4t/DKC3Recomp/generated/snesrecomp/bankb6_part7a6_v2.c: In function 'CODE_B6FA61_M0X0':
D:/l4t/DKC3Recomp/generated/snesrecomp/bankb6_part7a6_v2.c:50:3: warning: label 'L_FA61_M0X0' defined but not used [-Wunused-label]
   50 |   L_FA61_M0X0:
      |   ^~~~~~~~~~~
D:/l4t/DKC3Recomp/generated/snesrecomp/bankb6_part7a6_v2.c: In function 'CODE_B6FA68_M0X0':
D:/l4t/DKC3Recomp/generated/snesrecomp/bankb6_part7a6_v2.c:169:3: warning: label 'L_FA68_M0X0' defined but not used [-Wunused-label]
  169 |   L_FA68_M0X0:
      |   ^~~~~~~~~~~
D:/l4t/DKC3Recomp/generated/snesrecomp/bankb6_part7a8_v2.c: In function 'CODE_B6FA84_M0X0':
D:/l4t/DKC3Recomp/generated/snesrecomp/bankb6_part7a8_v2.c:50:3: warning: label 'L_FA84_M0X0' defined but not used [-Wunused-label]
   50 |   L_FA84_M0X0:
      |   ^~~~~~~~~~~
D:/l4t/DKC3Recomp/generated/snesrecomp/bankb6_part7a8_v2.c: In function 'CODE_B6FA8A_M0X0':
D:/l4t/DKC3Recomp/generated/snesrecomp/bankb6_part7a8_v2.c:259:3: warning: label 'L_FA8A_M0X0' defined but not used [-Wunused-label]
  259 |   L_FA8A_M0X0:
      |   ^~~~~~~~~~~
D:/l4t/DKC3Recomp/generated/snesrecomp/bankb6_part7a_v2.c: In function 'lemguin_spawner_main_init_M0X0':
D:/l4t/DKC3Recomp/generated/snesrecomp/bankb6_part7a_v2.c:49:3: warning: label 'L_87A1_M0X0' defined but not used [-Wunused-label]
   49 |   L_87A1_M0X0:
      |   ^~~~~~~~~~~
D:/l4t/DKC3Recomp/generated/snesrecomp/bankb6_part7ac_v2.c: In function 'CODE_B6FAC7_M0X0':
D:/l4t/DKC3Recomp/generated/snesrecomp/bankb6_part7ac_v2.c:49:3: warning: label 'L_FAC7_M0X0' defined but not used [-Wunused-label]
   49 |   L_FAC7_M0X0:
      |   ^~~~~~~~~~~
D:/l4t/DKC3Recomp/generated/snesrecomp/bankb6_part7ad_v2.c: In function 'CODE_B6FAD3_M0X0':
D:/l4t/DKC3Recomp/generated/snesrecomp/bankb6_part7ad_v2.c:49:3: warning: label 'L_FAD3_M0X0' defined but not used [-Wunused-label]
   49 |   L_FAD3_M0X0:
      |   ^~~~~~~~~~~
D:/l4t/DKC3Recomp/generated/snesrecomp/bankb6_part7b0_v2.c: In function 'CODE_B6FB0F_M0X0':
D:/l4t/DKC3Recomp/generated/snesrecomp/bankb6_part7b0_v2.c:49:3: warning: label 'L_FB0F_M0X0' defined but not used [-Wunused-label]
   49 |   L_FB0F_M0X0:
      |   ^~~~~~~~~~~
D:/l4t/DKC3Recomp/generated/snesrecomp/bankb6_part7b1_v2.c: In function 'CODE_B6FB1E_M0X0':
D:/l4t/DKC3Recomp/generated/snesrecomp/bankb6_part7b1_v2.c:49:3: warning: label 'L_FB1E_M0X0' defined but not used [-Wunused-label]
   49 |   L_FB1E_M0X0:
      |   ^~~~~~~~~~~
D:/l4t/DKC3Recomp/generated/snesrecomp/bankb6_part7b2_v2.c: In function 'CODE_B6FB28_M0X0':
D:/l4t/DKC3Recomp/generated/snesrecomp/bankb6_part7b2_v2.c:49:3: warning: label 'L_FB28_M0X0' defined but not used [-Wunused-label]
   49 |   L_FB28_M0X0:
      |   ^~~~~~~~~~~
D:/l4t/DKC3Recomp/generated/snesrecomp/bankb6_part7b3_v2.c: In function 'CODE_B6FB32_M0X0':
D:/l4t/DKC3Recomp/generated/snesrecomp/bankb6_part7b3_v2.c:50:3: warning: label 'L_FB32_M0X0' defined but not used [-Wunused-label]
   50 |   L_FB32_M0X0:
      |   ^~~~~~~~~~~
D:/l4t/DKC3Recomp/generated/snesrecomp/bankb6_part7b3_v2.c: In function 'CODE_B6FB3C_M0X0':
D:/l4t/DKC3Recomp/generated/snesrecomp/bankb6_part7b3_v2.c:351:3: warning: label 'L_FB3C_M0X0' defined but not used [-Wunused-label]
  351 |   L_FB3C_M0X0:
      |   ^~~~~~~~~~~
D:/l4t/DKC3Recomp/generated/snesrecomp/bankb6_part7b4_v2.c: In function 'CODE_B6FB46_M0X0':
D:/l4t/DKC3Recomp/generated/snesrecomp/bankb6_part7b4_v2.c:49:3: warning: label 'L_FB46_M0X0' defined but not used [-Wunused-label]
   49 |   L_FB46_M0X0:
      |   ^~~~~~~~~~~
D:/l4t/DKC3Recomp/generated/snesrecomp/bankb6_part7b7_v2.c: In function 'CODE_B6FB74_M0X0':
D:/l4t/DKC3Recomp/generated/snesrecomp/bankb6_part7b7_v2.c:50:3: warning: label 'L_FB74_M0X0' defined but not used [-Wunused-label]
   50 |   L_FB74_M0X0:
      |   ^~~~~~~~~~~
D:/l4t/DKC3Recomp/generated/snesrecomp/bankb6_part7b7_v2.c: In function 'CODE_B6FB7A_M0X0':
D:/l4t/DKC3Recomp/generated/snesrecomp/bankb6_part7b7_v2.c:259:3: warning: label 'L_FB7A_M0X0' defined but not used [-Wunused-label]
  259 |   L_FB7A_M0X0:
      |   ^~~~~~~~~~~
D:/l4t/DKC3Recomp/generated/snesrecomp/bankb6_part7b8_v2.c: In function 'CODE_B6FB80_M0X0':
D:/l4t/DKC3Recomp/generated/snesrecomp/bankb6_part7b8_v2.c:51:3: warning: label 'L_FB80_M0X0' defined but not used [-Wunused-label]
   51 |   L_FB80_M0X0:
      |   ^~~~~~~~~~~
D:/l4t/DKC3Recomp/generated/snesrecomp/bankb6_part7b9_v2.c: In function 'CODE_B6FB98_M0X0':
D:/l4t/DKC3Recomp/generated/snesrecomp/bankb6_part7b9_v2.c:50:3: warning: label 'L_FB98_M0X0' defined but not used [-Wunused-label]
   50 |   L_FB98_M0X0:
      |   ^~~~~~~~~~~
D:/l4t/DKC3Recomp/generated/snesrecomp/bankb6_part7b9_v2.c: In function 'CODE_B6FB9E_M0X0':
D:/l4t/DKC3Recomp/generated/snesrecomp/bankb6_part7b9_v2.c:259:3: warning: label 'L_FB9E_M0X0' defined but not used [-Wunused-label]
  259 |   L_FB9E_M0X0:
      |   ^~~~~~~~~~~
D:/l4t/DKC3Recomp/generated/snesrecomp/bankb6_part7c6_v2.c: In function 'CODE_B6FC60_M0X0':
D:/l4t/DKC3Recomp/generated/snesrecomp/bankb6_part7c6_v2.c:50:3: warning: label 'L_FC60_M0X0' defined but not used [-Wunused-label]
   50 |   L_FC60_M0X0:
      |   ^~~~~~~~~~~
D:/l4t/DKC3Recomp/generated/snesrecomp/bankb6_part7cc_v2.c: In function 'CODE_B6FCC0_M0X0':
D:/l4t/DKC3Recomp/generated/snesrecomp/bankb6_part7cc_v2.c:49:3: warning: label 'L_FCC0_M0X0' defined but not used [-Wunused-label]
   49 |   L_FCC0_M0X0:
      |   ^~~~~~~~~~~
D:/l4t/DKC3Recomp/generated/snesrecomp/bankb6_part7cd_v2.c: In function 'CODE_B6FCD6_M0X0':
D:/l4t/DKC3Recomp/generated/snesrecomp/bankb6_part7cd_v2.c:49:3: warning: label 'L_FCD6_M0X0' defined but not used [-Wunused-label]
   49 |   L_FCD6_M0X0:
      |   ^~~~~~~~~~~
D:/l4t/DKC3Recomp/generated/snesrecomp/bankb6_part7cf_v2.c: In function 'CODE_B6FCFA_M0X0':
D:/l4t/DKC3Recomp/generated/snesrecomp/bankb6_part7cf_v2.c:49:3: warning: label 'L_FCFA_M0X0' defined but not used [-Wunused-label]
   49 |   L_FCFA_M0X0:
      |   ^~~~~~~~~~~
D:/l4t/DKC3Recomp/generated/snesrecomp/bankb6_part7d8_v2.c: In function 'CODE_B6FD88_M0X0':
D:/l4t/DKC3Recomp/generated/snesrecomp/bankb6_part7d8_v2.c:50:3: warning: label 'L_FD88_M0X0' defined but not used [-Wunused-label]
   50 |   L_FD88_M0X0:
      |   ^~~~~~~~~~~
D:/l4t/DKC3Recomp/generated/snesrecomp/bankb6_part7d8_v2.c: In function 'CODE_B6FD8C_M0X0':
D:/l4t/DKC3Recomp/generated/snesrecomp/bankb6_part7d8_v2.c:169:3: warning: label 'L_FD8C_M0X0' defined but not used [-Wunused-label]
  169 |   L_FD8C_M0X0:
      |   ^~~~~~~~~~~
D:/l4t/DKC3Recomp/generated/snesrecomp/bankb6_part7d9_v2.c: In function 'CODE_B6FD91_M0X0':
D:/l4t/DKC3Recomp/generated/snesrecomp/bankb6_part7d9_v2.c:52:3: warning: label 'L_FD91_M0X0' defined but not used [-Wunused-label]
   52 |   L_FD91_M0X0:
      |   ^~~~~~~~~~~
D:/l4t/DKC3Recomp/generated/snesrecomp/bankb6_part7d9_v2.c: In function 'CODE_B6FD95_M0X0':
D:/l4t/DKC3Recomp/generated/snesrecomp/bankb6_part7d9_v2.c:171:3: warning: label 'L_FD95_M0X0' defined but not used [-Wunused-label]
  171 |   L_FD95_M0X0:
      |   ^~~~~~~~~~~
D:/l4t/DKC3Recomp/generated/snesrecomp/bankb6_part7d9_v2.c: In function 'CODE_B6FD9A_M0X0':
D:/l4t/DKC3Recomp/generated/snesrecomp/bankb6_part7d9_v2.c:309:3: warning: label 'L_FD9A_M0X0' defined but not used [-Wunused-label]
  309 |   L_FD9A_M0X0:
      |   ^~~~~~~~~~~
D:/l4t/DKC3Recomp/generated/snesrecomp/bankb6_part7db_v2.c: In function 'CODE_B6FDB3_M0X0':
D:/l4t/DKC3Recomp/generated/snesrecomp/bankb6_part7db_v2.c:49:3: warning: label 'L_FDB3_M0X0' defined but not used [-Wunused-label]
   49 |   L_FDB3_M0X0:
      |   ^~~~~~~~~~~
D:/l4t/DKC3Recomp/generated/snesrecomp/bankb6_part7dc_v2.c: In function 'CODE_B6FDCC_M0X0':
D:/l4t/DKC3Recomp/generated/snesrecomp/bankb6_part7dc_v2.c:49:3: warning: label 'L_FDCC_M0X0' defined but not used [-Wunused-label]
   49 |   L_FDCC_M0X0:
      |   ^~~~~~~~~~~
D:/l4t/DKC3Recomp/generated/snesrecomp/bankb6_part7de_v2.c: In function 'CODE_B6FDE1_M0X0':
D:/l4t/DKC3Recomp/generated/snesrecomp/bankb6_part7de_v2.c:52:3: warning: label 'L_FDE1_M0X0' defined but not used [-Wunused-label]
   52 |   L_FDE1_M0X0:
      |   ^~~~~~~~~~~
D:/l4t/DKC3Recomp/generated/snesrecomp/bankb6_part7de_v2.c: In function 'CODE_B6FDEC_M0X0':
D:/l4t/DKC3Recomp/generated/snesrecomp/bankb6_part7de_v2.c:196:3: warning: label 'L_FDEC_M0X0' defined but not used [-Wunused-label]
  196 |   L_FDEC_M0X0:
      |   ^~~~~~~~~~~
D:/l4t/DKC3Recomp/generated/snesrecomp/bankb6_part7df_v2.c: In function 'CODE_B6FDF9_M0X0':
D:/l4t/DKC3Recomp/generated/snesrecomp/bankb6_part7df_v2.c:49:3: warning: label 'L_FDF9_M0X0' defined but not used [-Wunused-label]
   49 |   L_FDF9_M0X0:
      |   ^~~~~~~~~~~
D:/l4t/DKC3Recomp/generated/snesrecomp/bankb6_part7e0_v2.c: In function 'CODE_B6FE02_M0X0':
D:/l4t/DKC3Recomp/generated/snesrecomp/bankb6_part7e0_v2.c:49:3: warning: label 'L_FE02_M0X0' defined but not used [-Wunused-label]
   49 |   L_FE02_M0X0:
      |   ^~~~~~~~~~~
D:/l4t/DKC3Recomp/generated/snesrecomp/bankb6_part7e2_v2.c: In function 'CODE_B6FE28_M0X0':
D:/l4t/DKC3Recomp/generated/snesrecomp/bankb6_part7e2_v2.c:50:3: warning: label 'L_FE28_M0X0' defined but not used [-Wunused-label]
   50 |   L_FE28_M0X0:
      |   ^~~~~~~~~~~
D:/l4t/DKC3Recomp/generated/snesrecomp/bankb6_part7e3_v2.c: In function 'CODE_B6FE31_M0X0':
D:/l4t/DKC3Recomp/generated/snesrecomp/bankb6_part7e3_v2.c:49:3: warning: label 'L_FE31_M0X0' defined but not used [-Wunused-label]
   49 |   L_FE31_M0X0:
      |   ^~~~~~~~~~~
D:/l4t/DKC3Recomp/generated/snesrecomp/bankb6_part7e9_v2.c: In function 'CODE_B6FE95_M0X0':
D:/l4t/DKC3Recomp/generated/snesrecomp/bankb6_part7e9_v2.c:50:3: warning: label 'L_FE95_M0X0' defined but not used [-Wunused-label]
   50 |   L_FE95_M0X0:
      |   ^~~~~~~~~~~
D:/l4t/DKC3Recomp/generated/snesrecomp/bankb6_part7ea_v2.c: In function 'CODE_B6FEA7_M0X0':
D:/l4t/DKC3Recomp/generated/snesrecomp/bankb6_part7ea_v2.c:50:3: warning: label 'L_FEA7_M0X0' defined but not used [-Wunused-label]
   50 |   L_FEA7_M0X0:
      |   ^~~~~~~~~~~
D:/l4t/DKC3Recomp/generated/snesrecomp/bankb6_part7eb_v2.c: In function 'CODE_B6FEB4_M0X0':
D:/l4t/DKC3Recomp/generated/snesrecomp/bankb6_part7eb_v2.c:49:3: warning: label 'L_FEB4_M0X0' defined but not used [-Wunused-label]
   49 |   L_FEB4_M0X0:
      |   ^~~~~~~~~~~
D:/l4t/DKC3Recomp/generated/snesrecomp/bankb6_part81_v2.c: In function 'lemguin_main_M0X0':
D:/l4t/DKC3Recomp/generated/snesrecomp/bankb6_part81_v2.c:50:3: warning: label 'L_881B_M0X0' defined but not used [-Wunused-label]
   50 |   L_881B_M0X0:
      |   ^~~~~~~~~~~
D:/l4t/DKC3Recomp/generated/snesrecomp/bankb6_part8e_v2.c: In function 'CODE_B688E6_M0X0':
D:/l4t/DKC3Recomp/generated/snesrecomp/bankb6_part8e_v2.c:49:3: warning: label 'L_88E6_M0X0' defined but not used [-Wunused-label]
   49 |   L_88E6_M0X0:
      |   ^~~~~~~~~~~
D:/l4t/DKC3Recomp/generated/snesrecomp/bankb6_part96_v2.c: In function 'nibbla_head_friendly_main_M0X0':
D:/l4t/DKC3Recomp/generated/snesrecomp/bankb6_part96_v2.c:50:3: warning: label 'L_8969_M0X0' defined but not used [-Wunused-label]
   50 |   L_8969_M0X0:
      |   ^~~~~~~~~~~
D:/l4t/DKC3Recomp/generated/snesrecomp/bankb6_partb5_v2.c: In function 'CODE_B68B5A_M0X0':
D:/l4t/DKC3Recomp/generated/snesrecomp/bankb6_partb5_v2.c:50:3: warning: label 'L_8B5A_M0X0' defined but not used [-Wunused-label]
   50 |   L_8B5A_M0X0:
      |   ^~~~~~~~~~~
D:/l4t/DKC3Recomp/generated/snesrecomp/bankb6_partbe_v2.c: In function 'CODE_B68BE4_M0X0':
D:/l4t/DKC3Recomp/generated/snesrecomp/bankb6_partbe_v2.c:49:3: warning: label 'L_8BE4_M0X0' defined but not used [-Wunused-label]
   49 |   L_8BE4_M0X0:
      |   ^~~~~~~~~~~
D:/l4t/DKC3Recomp/generated/snesrecomp/bankb6_partc1_v2.c: In function 'CODE_B68C12_M0X0':
D:/l4t/DKC3Recomp/generated/snesrecomp/bankb6_partc1_v2.c:49:3: warning: label 'L_8C12_M0X0' defined but not used [-Wunused-label]
   49 |   L_8C12_M0X0:
      |   ^~~~~~~~~~~
D:/l4t/DKC3Recomp/generated/snesrecomp/bankb6_partc3_v2.c: In function 'lurchin_main_M0X0':
D:/l4t/DKC3Recomp/generated/snesrecomp/bankb6_partc3_v2.c:51:3: warning: label 'L_8C3E_M0X0' defined but not used [-Wunused-label]
   51 |   L_8C3E_M0X0:
      |   ^~~~~~~~~~~
D:/l4t/DKC3Recomp/generated/snesrecomp/bankb6_partc6_v2.c: In function 'CODE_B68C6E_M0X0':
D:/l4t/DKC3Recomp/generated/snesrecomp/bankb6_partc6_v2.c:51:3: warning: label 'L_8C6E_M0X0' defined but not used [-Wunused-label]
   51 |   L_8C6E_M0X0:
      |   ^~~~~~~~~~~
D:/l4t/DKC3Recomp/generated/snesrecomp/bankb6_partc9_v2.c: In function 'CODE_B68C97_M0X0':
D:/l4t/DKC3Recomp/generated/snesrecomp/bankb6_partc9_v2.c:49:3: warning: label 'L_8C97_M0X0' defined but not used [-Wunused-label]
   49 |   L_8C97_M0X0:
      |   ^~~~~~~~~~~
D:/l4t/DKC3Recomp/generated/snesrecomp/bankb6_partcd_v2.c: In function 'CODE_B68CD8_M0X0':
D:/l4t/DKC3Recomp/generated/snesrecomp/bankb6_partcd_v2.c:49:3: warning: label 'L_8CD8_M0X0' defined but not used [-Wunused-label]
   49 |   L_8CD8_M0X0:
      |   ^~~~~~~~~~~
D:/l4t/DKC3Recomp/generated/snesrecomp/bankb6_partce_v2.c: In function 'CODE_B68CE0_M0X0':
D:/l4t/DKC3Recomp/generated/snesrecomp/bankb6_partce_v2.c:50:3: warning: label 'L_8CE0_M0X0' defined but not used [-Wunused-label]
   50 |   L_8CE0_M0X0:
      |   ^~~~~~~~~~~
D:/l4t/DKC3Recomp/generated/snesrecomp/bankb6_partce_v2.c: In function 'CODE_B68CED_M0X0':
D:/l4t/DKC3Recomp/generated/snesrecomp/bankb6_partce_v2.c:203:3: warning: label 'L_8CED_M0X0' defined but not used [-Wunused-label]
  203 |   L_8CED_M0X0:
      |   ^~~~~~~~~~~
D:/l4t/DKC3Recomp/generated/snesrecomp/bankb6_partcf_v2.c: In function 'CODE_B68CF3_M0X0':
D:/l4t/DKC3Recomp/generated/snesrecomp/bankb6_partcf_v2.c:50:3: warning: label 'L_8CF3_M0X0' defined but not used [-Wunused-label]
   50 |   L_8CF3_M0X0:
      |   ^~~~~~~~~~~
D:/l4t/DKC3Recomp/generated/snesrecomp/bankb6_partd2_v2.c: In function 'unknown_sprite_0028_main_M0X0':
D:/l4t/DKC3Recomp/generated/snesrecomp/bankb6_partd2_v2.c:50:3: warning: label 'L_8D2C_M0X0' defined but not used [-Wunused-label]
   50 |   L_8D2C_M0X0:
      |   ^~~~~~~~~~~
D:/l4t/DKC3Recomp/generated/snesrecomp/bankb6_partd3_v2.c: In function 'unknown_sprite_00D4_main_M0X0':
D:/l4t/DKC3Recomp/generated/snesrecomp/bankb6_partd3_v2.c:50:3: warning: label 'L_8D33_M0X0' defined but not used [-Wunused-label]
   50 |   L_8D33_M0X0:
      |   ^~~~~~~~~~~
D:/l4t/DKC3Recomp/generated/snesrecomp/bankb6_partdc_v2.c: In function 'CODE_B68DCC_M0X0':
D:/l4t/DKC3Recomp/generated/snesrecomp/bankb6_partdc_v2.c:50:3: warning: label 'L_8DCC_M0X0' defined but not used [-Wunused-label]
   50 |   L_8DCC_M0X0:
      |   ^~~~~~~~~~~
D:/l4t/DKC3Recomp/generated/snesrecomp/bankb6_partdd_v2.c: In function 'CODE_B68DD2_M0X0':
D:/l4t/DKC3Recomp/generated/snesrecomp/bankb6_partdd_v2.c:50:3: warning: label 'L_8DD2_M0X0' defined but not used [-Wunused-label]
   50 |   L_8DD2_M0X0:
      |   ^~~~~~~~~~~
D:/l4t/DKC3Recomp/generated/snesrecomp/bankb6_partde_v2.c: In function 'CODE_B68DE0_M0X0':
D:/l4t/DKC3Recomp/generated/snesrecomp/bankb6_partde_v2.c:51:3: warning: label 'L_8DE0_M0X0' defined but not used [-Wunused-label]
   51 |   L_8DE0_M0X0:
      |   ^~~~~~~~~~~
D:/l4t/DKC3Recomp/generated/snesrecomp/bankb6_parte1_v2.c: In function 'banana_bird_main_M0X0':
D:/l4t/DKC3Recomp/generated/snesrecomp/bankb6_parte1_v2.c:53:3: warning: label 'L_8E11_M0X0' defined but not used [-Wunused-label]
   53 |   L_8E11_M0X0:
      |   ^~~~~~~~~~~
D:/l4t/DKC3Recomp/generated/snesrecomp/bankb6_parte3_v2.c: In function 'CODE_B68E32_M0X0':
D:/l4t/DKC3Recomp/generated/snesrecomp/bankb6_parte3_v2.c:49:3: warning: label 'L_8E32_M0X0' defined but not used [-Wunused-label]
   49 |   L_8E32_M0X0:
      |   ^~~~~~~~~~~
D:/l4t/DKC3Recomp/generated/snesrecomp/bankb6_partf6_v2.c: In function 'CODE_B68F63_M0X0':
D:/l4t/DKC3Recomp/generated/snesrecomp/bankb6_partf6_v2.c:49:3: warning: label 'L_8F63_M0X0' defined but not used [-Wunused-label]
   49 |   L_8F63_M0X0:
      |   ^~~~~~~~~~~
D:/l4t/DKC3Recomp/generated/snesrecomp/bankb6_partf7_v2.c: In function 'CODE_B68F77_M0X0':
D:/l4t/DKC3Recomp/generated/snesrecomp/bankb6_partf7_v2.c:51:3: warning: label 'L_8F77_M0X0' defined but not used [-Wunused-label]
   51 |   L_8F77_M0X0:
      |   ^~~~~~~~~~~
D:/l4t/DKC3Recomp/generated/snesrecomp/bankb6_partf7_v2.c: In function 'CODE_B68F7C_M0X0':
D:/l4t/DKC3Recomp/generated/snesrecomp/bankb6_partf7_v2.c:109:3: warning: label 'L_8F7C_M0X0' defined but not used [-Wunused-label]
  109 |   L_8F7C_M0X0:
      |   ^~~~~~~~~~~
D:/l4t/DKC3Recomp/generated/snesrecomp/bankb7_part00_v2.c: In function 'CODE_B78000_M0X0':
D:/l4t/DKC3Recomp/generated/snesrecomp/bankb7_part00_v2.c:58:3: warning: label 'L_8000_M0X0' defined but not used [-Wunused-label]
   58 |   L_8000_M0X0:
      |   ^~~~~~~~~~~
D:/l4t/DKC3Recomp/generated/snesrecomp/bankb7_part00_v2.c: In function 'CODE_B78009_M0X0':
D:/l4t/DKC3Recomp/generated/snesrecomp/bankb7_part00_v2.c:461:3: warning: label 'L_8009_M0X0' defined but not used [-Wunused-label]
  461 |   L_8009_M0X0:
      |   ^~~~~~~~~~~
D:/l4t/DKC3Recomp/generated/snesrecomp/bankb7_part00_v2.c: In function 'CODE_B7800C_M0X0':
D:/l4t/DKC3Recomp/generated/snesrecomp/bankb7_part00_v2.c:836:3: warning: label 'L_800C_M0X0' defined but not used [-Wunused-label]
  836 |   L_800C_M0X0:
      |   ^~~~~~~~~~~
D:/l4t/DKC3Recomp/generated/snesrecomp/bankb7_part00_v2.c: In function 'CODE_B7800F_M0X0':
D:/l4t/DKC3Recomp/generated/snesrecomp/bankb7_part00_v2.c:1060:3: warning: label 'L_800F_M0X0' defined but not used [-Wunused-label]
 1060 |   L_800F_M0X0:
      |   ^~~~~~~~~~~
D:/l4t/DKC3Recomp/generated/snesrecomp/bankb7_part01_v2.c: In function 'CODE_B78012_M0X0':
D:/l4t/DKC3Recomp/generated/snesrecomp/bankb7_part01_v2.c:59:3: warning: label 'L_8012_M0X0' defined but not used [-Wunused-label]
   59 |   L_8012_M0X0:
      |   ^~~~~~~~~~~
D:/l4t/DKC3Recomp/generated/snesrecomp/bankb7_part01_v2.c: In function 'CODE_B78015_M0X0':
D:/l4t/DKC3Recomp/generated/snesrecomp/bankb7_part01_v2.c:397:3: warning: label 'L_8015_M0X0' defined but not used [-Wunused-label]
  397 |   L_8015_M0X0:
      |   ^~~~~~~~~~~
D:/l4t/DKC3Recomp/generated/snesrecomp/bankb7_part01_v2.c: In function 'CODE_B78018_M0X0':
D:/l4t/DKC3Recomp/generated/snesrecomp/bankb7_part01_v2.c:688:3: warning: label 'L_8018_M0X0' defined but not used [-Wunused-label]
  688 |   L_8018_M0X0:
      |   ^~~~~~~~~~~
D:/l4t/DKC3Recomp/generated/snesrecomp/bankb7_part01_v2.c: In function 'CODE_B7801B_M0X0':
D:/l4t/DKC3Recomp/generated/snesrecomp/bankb7_part01_v2.c:909:3: warning: label 'L_801B_M0X0' defined but not used [-Wunused-label]
  909 |   L_801B_M0X0:
      |   ^~~~~~~~~~~
D:/l4t/DKC3Recomp/generated/snesrecomp/bankb7_part01_v2.c: In function 'CODE_B7801E_M0X0':
D:/l4t/DKC3Recomp/generated/snesrecomp/bankb7_part01_v2.c:953:3: warning: label 'L_801E_M0X0' defined but not used [-Wunused-label]
  953 |   L_801E_M0X0:
      |   ^~~~~~~~~~~
D:/l4t/DKC3Recomp/generated/snesrecomp/bankb7_part02_v2.c: In function 'CODE_B78021_M0X0':
D:/l4t/DKC3Recomp/generated/snesrecomp/bankb7_part02_v2.c:53:3: warning: label 'L_8021_M0X0' defined but not used [-Wunused-label]
   53 |   L_8021_M0X0:
      |   ^~~~~~~~~~~
D:/l4t/DKC3Recomp/generated/snesrecomp/bankb7_part02_v2.c: In function 'CODE_B78027_M0X0':
D:/l4t/DKC3Recomp/generated/snesrecomp/bankb7_part02_v2.c:454:3: warning: label 'L_8027_M0X0' defined but not used [-Wunused-label]
  454 |   L_8027_M0X0:
      |   ^~~~~~~~~~~
D:/l4t/DKC3Recomp/generated/snesrecomp/bankb7_part02_v2.c: In function 'CODE_B7802A_M0X0':
D:/l4t/DKC3Recomp/generated/snesrecomp/bankb7_part02_v2.c:498:3: warning: label 'L_802A_M0X0' defined but not used [-Wunused-label]
  498 |   L_802A_M0X0:
      |   ^~~~~~~~~~~
D:/l4t/DKC3Recomp/generated/snesrecomp/bankb7_part02_v2.c: In function 'CODE_B7802D_M0X0':
D:/l4t/DKC3Recomp/generated/snesrecomp/bankb7_part02_v2.c:659:3: warning: label 'L_802D_M0X0' defined but not used [-Wunused-label]
  659 |   L_802D_M0X0:
      |   ^~~~~~~~~~~
D:/l4t/DKC3Recomp/generated/snesrecomp/bankb7_part03_v2.c: In function 'CODE_B78033_M0X0':
D:/l4t/DKC3Recomp/generated/snesrecomp/bankb7_part03_v2.c:49:3: warning: label 'L_8033_M0X0' defined but not used [-Wunused-label]
   49 |   L_8033_M0X0:
      |   ^~~~~~~~~~~
D:/l4t/DKC3Recomp/generated/snesrecomp/bankb7_part0b_v2.c: In function 'CODE_B780B8_M0X0':
D:/l4t/DKC3Recomp/generated/snesrecomp/bankb7_part0b_v2.c:50:3: warning: label 'L_80B8_M0X0' defined but not used [-Wunused-label]
   50 |   L_80B8_M0X0:
      |   ^~~~~~~~~~~
D:/l4t/DKC3Recomp/generated/snesrecomp/bankb7_part102_v2.c: In function 'CODE_B79026_M0X0':
D:/l4t/DKC3Recomp/generated/snesrecomp/bankb7_part102_v2.c:69:3: warning: label 'L_9026_M0X0' defined but not used [-Wunused-label]
   69 |   L_9026_M0X0:
      |   ^~~~~~~~~~~
D:/l4t/DKC3Recomp/generated/snesrecomp/bankb7_part125_v2.c: In function 'CODE_B79254_M0X0':
D:/l4t/DKC3Recomp/generated/snesrecomp/bankb7_part125_v2.c:49:3: warning: label 'L_9254_M0X0' defined but not used [-Wunused-label]
   49 |   L_9254_M0X0:
      |   ^~~~~~~~~~~
D:/l4t/DKC3Recomp/generated/snesrecomp/bankb7_part126_v2.c: In function 'CODE_B7926F_M0X0':
D:/l4t/DKC3Recomp/generated/snesrecomp/bankb7_part126_v2.c:49:3: warning: label 'L_926F_M0X0' defined but not used [-Wunused-label]
   49 |   L_926F_M0X0:
      |   ^~~~~~~~~~~
D:/l4t/DKC3Recomp/generated/snesrecomp/bankb7_part128_v2.c: In function 'CODE_B7928A_M0X0':
D:/l4t/DKC3Recomp/generated/snesrecomp/bankb7_part128_v2.c:49:3: warning: label 'L_928A_M0X0' defined but not used [-Wunused-label]
   49 |   L_928A_M0X0:
      |   ^~~~~~~~~~~
D:/l4t/DKC3Recomp/generated/snesrecomp/bankb7_part12b_v2.c: In function 'CODE_B792BC_M0X0':
D:/l4t/DKC3Recomp/generated/snesrecomp/bankb7_part12b_v2.c:49:3: warning: label 'L_92BC_M0X0' defined but not used [-Wunused-label]
   49 |   L_92BC_M0X0:
      |   ^~~~~~~~~~~
D:/l4t/DKC3Recomp/generated/snesrecomp/bankb7_part13_v2.c: In function 'CODE_B78133_M0X0':
D:/l4t/DKC3Recomp/generated/snesrecomp/bankb7_part13_v2.c:50:3: warning: label 'L_8133_M0X0' defined but not used [-Wunused-label]
   50 |   L_8133_M0X0:
      |   ^~~~~~~~~~~
D:/l4t/DKC3Recomp/generated/snesrecomp/bankb7_part142_v2.c: In function 'CODE_B7942E_M0X0':
D:/l4t/DKC3Recomp/generated/snesrecomp/bankb7_part142_v2.c:49:3: warning: label 'L_942E_M0X0' defined but not used [-Wunused-label]
   49 |   L_942E_M0X0:
      |   ^~~~~~~~~~~
D:/l4t/DKC3Recomp/generated/snesrecomp/bankb7_part144_v2.c: In function 'CODE_B79449_M0X0':
D:/l4t/DKC3Recomp/generated/snesrecomp/bankb7_part144_v2.c:49:3: warning: label 'L_9449_M0X0' defined but not used [-Wunused-label]
   49 |   L_9449_M0X0:
      |   ^~~~~~~~~~~
D:/l4t/DKC3Recomp/generated/snesrecomp/bankb7_part146_v2.c: In function 'CODE_B79464_M0X0':
D:/l4t/DKC3Recomp/generated/snesrecomp/bankb7_part146_v2.c:49:3: warning: label 'L_9464_M0X0' defined but not used [-Wunused-label]
   49 |   L_9464_M0X0:
      |   ^~~~~~~~~~~
D:/l4t/DKC3Recomp/generated/snesrecomp/bankb7_part149_v2.c: In function 'CODE_B79496_M0X0':
D:/l4t/DKC3Recomp/generated/snesrecomp/bankb7_part149_v2.c:49:3: warning: label 'L_9496_M0X0' defined but not used [-Wunused-label]
   49 |   L_9496_M0X0:
      |   ^~~~~~~~~~~
D:/l4t/DKC3Recomp/generated/snesrecomp/bankb7_part161_v2.c: In function 'CODE_B79619_M0X0':
D:/l4t/DKC3Recomp/generated/snesrecomp/bankb7_part161_v2.c:49:3: warning: label 'L_9619_M0X0' defined but not used [-Wunused-label]
   49 |   L_9619_M0X0:
      |   ^~~~~~~~~~~
D:/l4t/DKC3Recomp/generated/snesrecomp/bankb7_part163_v2.c: In function 'CODE_B79634_M0X0':
D:/l4t/DKC3Recomp/generated/snesrecomp/bankb7_part163_v2.c:49:3: warning: label 'L_9634_M0X0' defined but not used [-Wunused-label]
   49 |   L_9634_M0X0:
      |   ^~~~~~~~~~~
D:/l4t/DKC3Recomp/generated/snesrecomp/bankb7_part164_v2.c: In function 'CODE_B7964F_M0X0':
D:/l4t/DKC3Recomp/generated/snesrecomp/bankb7_part164_v2.c:49:3: warning: label 'L_964F_M0X0' defined but not used [-Wunused-label]
   49 |   L_964F_M0X0:
      |   ^~~~~~~~~~~
D:/l4t/DKC3Recomp/generated/snesrecomp/bankb7_part168_v2.c: In function 'CODE_B79681_M0X0':
D:/l4t/DKC3Recomp/generated/snesrecomp/bankb7_part168_v2.c:49:3: warning: label 'L_9681_M0X0' defined but not used [-Wunused-label]
   49 |   L_9681_M0X0:
      |   ^~~~~~~~~~~
D:/l4t/DKC3Recomp/generated/snesrecomp/bankb7_part180_v2.c: In function 'CODE_B79801_M0X0':
D:/l4t/DKC3Recomp/generated/snesrecomp/bankb7_part180_v2.c:49:3: warning: label 'L_9801_M0X0' defined but not used [-Wunused-label]
   49 |   L_9801_M0X0:
      |   ^~~~~~~~~~~
D:/l4t/DKC3Recomp/generated/snesrecomp/bankb7_part181_v2.c: In function 'CODE_B7981C_M0X0':
D:/l4t/DKC3Recomp/generated/snesrecomp/bankb7_part181_v2.c:49:3: warning: label 'L_981C_M0X0' defined but not used [-Wunused-label]
   49 |   L_981C_M0X0:
      |   ^~~~~~~~~~~
D:/l4t/DKC3Recomp/generated/snesrecomp/bankb7_part183_v2.c: In function 'CODE_B79837_M0X0':
D:/l4t/DKC3Recomp/generated/snesrecomp/bankb7_part183_v2.c:49:3: warning: label 'L_9837_M0X0' defined but not used [-Wunused-label]
   49 |   L_9837_M0X0:
      |   ^~~~~~~~~~~
D:/l4t/DKC3Recomp/generated/snesrecomp/bankb7_part186_v2.c: In function 'CODE_B79869_M0X0':
D:/l4t/DKC3Recomp/generated/snesrecomp/bankb7_part186_v2.c:49:3: warning: label 'L_9869_M0X0' defined but not used [-Wunused-label]
   49 |   L_9869_M0X0:
      |   ^~~~~~~~~~~
D:/l4t/DKC3Recomp/generated/snesrecomp/bankb7_part19f_v2.c: In function 'CODE_B799FA_M0X0':
D:/l4t/DKC3Recomp/generated/snesrecomp/bankb7_part19f_v2.c:49:3: warning: label 'L_99FA_M0X0' defined but not used [-Wunused-label]
   49 |   L_99FA_M0X0:
      |   ^~~~~~~~~~~
D:/l4t/DKC3Recomp/generated/snesrecomp/bankb7_part1a6_v2.c: In function 'CODE_B79A6F_M0X0':
D:/l4t/DKC3Recomp/generated/snesrecomp/bankb7_part1a6_v2.c:49:3: warning: label 'L_9A6F_M0X0' defined but not used [-Wunused-label]
   49 |   L_9A6F_M0X0:
      |   ^~~~~~~~~~~
D:/l4t/DKC3Recomp/generated/snesrecomp/bankb7_part1b0_v2.c: In function 'CODE_B79B0E_M0X0':
D:/l4t/DKC3Recomp/generated/snesrecomp/bankb7_part1b0_v2.c:49:3: warning: label 'L_9B0E_M0X0' defined but not used [-Wunused-label]
   49 |   L_9B0E_M0X0:
      |   ^~~~~~~~~~~
D:/l4t/DKC3Recomp/generated/snesrecomp/bankb7_part1bc_v2.c: In function 'CODE_B79BCC_M0X0':
D:/l4t/DKC3Recomp/generated/snesrecomp/bankb7_part1bc_v2.c:49:3: warning: label 'L_9BCC_M0X0' defined but not used [-Wunused-label]
   49 |   L_9BCC_M0X0:
      |   ^~~~~~~~~~~
D:/l4t/DKC3Recomp/generated/snesrecomp/bankb7_part1d3_v2.c: In function 'CODE_B79D35_M0X0':
D:/l4t/DKC3Recomp/generated/snesrecomp/bankb7_part1d3_v2.c:49:3: warning: label 'L_9D35_M0X0' defined but not used [-Wunused-label]
   49 |   L_9D35_M0X0:
      |   ^~~~~~~~~~~
D:/l4t/DKC3Recomp/generated/snesrecomp/bankb7_part2a_v2.c: In function 'CODE_B782A4_M0X0':
D:/l4t/DKC3Recomp/generated/snesrecomp/bankb7_part2a_v2.c:49:3: warning: label 'L_82A4_M0X0' defined but not used [-Wunused-label]
   49 |   L_82A4_M0X0:
      |   ^~~~~~~~~~~
D:/l4t/DKC3Recomp/generated/snesrecomp/bankb7_part300_v2.c: In function 'CODE_B7B000_M0X0':
D:/l4t/DKC3Recomp/generated/snesrecomp/bankb7_part300_v2.c:64:3: warning: label 'L_B000_M0X0' defined but not used [-Wunused-label]
   64 |   L_B000_M0X0:
      |   ^~~~~~~~~~~
D:/l4t/DKC3Recomp/generated/snesrecomp/bankb7_part300_v2.c: In function 'CODE_B7B003_M0X0':
D:/l4t/DKC3Recomp/generated/snesrecomp/bankb7_part300_v2.c:710:3: warning: label 'L_B003_M0X0' defined but not used [-Wunused-label]
  710 |   L_B003_M0X0:
      |   ^~~~~~~~~~~
D:/l4t/DKC3Recomp/generated/snesrecomp/bankb7_part300_v2.c: In function 'CODE_B7B006_M0X0':
D:/l4t/DKC3Recomp/generated/snesrecomp/bankb7_part300_v2.c:1235:3: warning: label 'L_B006_M0X0' defined but not used [-Wunused-label]
 1235 |   L_B006_M0X0:
      |   ^~~~~~~~~~~
D:/l4t/DKC3Recomp/generated/snesrecomp/bankb7_part300_v2.c: In function 'CODE_B7B009_M0X0':
D:/l4t/DKC3Recomp/generated/snesrecomp/bankb7_part300_v2.c:3527:3: warning: label 'L_B009_M0X0' defined but not used [-Wunused-label]
 3527 |   L_B009_M0X0:
      |   ^~~~~~~~~~~
D:/l4t/DKC3Recomp/generated/snesrecomp/bankb7_part300_v2.c: In function 'CODE_B7B00C_M0X0':
D:/l4t/DKC3Recomp/generated/snesrecomp/bankb7_part300_v2.c:3571:3: warning: label 'L_B00C_M0X0' defined but not used [-Wunused-label]
 3571 |   L_B00C_M0X0:
      |   ^~~~~~~~~~~
D:/l4t/DKC3Recomp/generated/snesrecomp/bankb7_part300_v2.c: In function 'CODE_B7B00F_M0X0':
D:/l4t/DKC3Recomp/generated/snesrecomp/bankb7_part300_v2.c:3666:3: warning: label 'L_B00F_M0X0' defined but not used [-Wunused-label]
 3666 |   L_B00F_M0X0:
      |   ^~~~~~~~~~~
D:/l4t/DKC3Recomp/generated/snesrecomp/bankb7_part301_v2.c: In function 'CODE_B7B012_M0X0':
D:/l4t/DKC3Recomp/generated/snesrecomp/bankb7_part301_v2.c:53:3: warning: label 'L_B012_M0X0' defined but not used [-Wunused-label]
   53 |   L_B012_M0X0:
      |   ^~~~~~~~~~~
D:/l4t/DKC3Recomp/generated/snesrecomp/bankb7_part301_v2.c: In function 'CODE_B7B015_M0X0':
D:/l4t/DKC3Recomp/generated/snesrecomp/bankb7_part301_v2.c:496:3: warning: label 'L_B015_M0X0' defined but not used [-Wunused-label]
  496 |   L_B015_M0X0:
      |   ^~~~~~~~~~~
D:/l4t/DKC3Recomp/generated/snesrecomp/bankb7_part301_v2.c: In function 'CODE_B7B018_M0X0':
D:/l4t/DKC3Recomp/generated/snesrecomp/bankb7_part301_v2.c:540:3: warning: label 'L_B018_M0X0' defined but not used [-Wunused-label]
  540 |   L_B018_M0X0:
      |   ^~~~~~~~~~~
D:/l4t/DKC3Recomp/generated/snesrecomp/bankb7_part361_v2.c: In function 'CODE_B7B618_M0X0':
D:/l4t/DKC3Recomp/generated/snesrecomp/bankb7_part361_v2.c:49:3: warning: label 'L_B618_M0X0' defined but not used [-Wunused-label]
   49 |   L_B618_M0X0:
      |   ^~~~~~~~~~~
D:/l4t/DKC3Recomp/generated/snesrecomp/bankb7_part375_v2.c: In function 'CODE_B7B75E_M0X0':
D:/l4t/DKC3Recomp/generated/snesrecomp/bankb7_part375_v2.c:49:3: warning: label 'L_B75E_M0X0' defined but not used [-Wunused-label]
   49 |   L_B75E_M0X0:
      |   ^~~~~~~~~~~
D:/l4t/DKC3Recomp/generated/snesrecomp/bankb7_part386_v2.c: In function 'CODE_B7B86D_M0X0':
D:/l4t/DKC3Recomp/generated/snesrecomp/bankb7_part386_v2.c:49:3: warning: label 'L_B86D_M0X0' defined but not used [-Wunused-label]
   49 |   L_B86D_M0X0:
      |   ^~~~~~~~~~~
D:/l4t/DKC3Recomp/generated/snesrecomp/bankb7_part38d_v2.c: In function 'CODE_B7B8D1_M0X0':
D:/l4t/DKC3Recomp/generated/snesrecomp/bankb7_part38d_v2.c:49:3: warning: label 'L_B8D1_M0X0' defined but not used [-Wunused-label]
   49 |   L_B8D1_M0X0:
      |   ^~~~~~~~~~~
D:/l4t/DKC3Recomp/generated/snesrecomp/bankb7_part399_v2.c: In function 'CODE_B7B998_M0X0':
D:/l4t/DKC3Recomp/generated/snesrecomp/bankb7_part399_v2.c:49:3: warning: label 'L_B998_M0X0' defined but not used [-Wunused-label]
   49 |   L_B998_M0X0:
      |   ^~~~~~~~~~~
D:/l4t/DKC3Recomp/generated/snesrecomp/bankb7_part3bf_v2.c: In function 'CODE_B7BBF2_M0X0':
D:/l4t/DKC3Recomp/generated/snesrecomp/bankb7_part3bf_v2.c:49:3: warning: label 'L_BBF2_M0X0' defined but not used [-Wunused-label]
   49 |   L_BBF2_M0X0:
      |   ^~~~~~~~~~~
D:/l4t/DKC3Recomp/generated/snesrecomp/bankb7_part3e2_v2.c: In function 'CODE_B7BE2C_M0X0':
D:/l4t/DKC3Recomp/generated/snesrecomp/bankb7_part3e2_v2.c:51:3: warning: label 'L_BE2C_M0X0' defined but not used [-Wunused-label]
   51 |   L_BE2C_M0X0:
      |   ^~~~~~~~~~~
D:/l4t/DKC3Recomp/generated/snesrecomp/bankb7_part3e3_v2.c: In function 'CODE_B7BE37_M0X0':
D:/l4t/DKC3Recomp/generated/snesrecomp/bankb7_part3e3_v2.c:49:3: warning: label 'L_BE37_M0X0' defined but not used [-Wunused-label]
   49 |   L_BE37_M0X0:
      |   ^~~~~~~~~~~
D:/l4t/DKC3Recomp/generated/snesrecomp/bankb7_part3f4_v2.c: In function 'bank_B7_BF4F_M0X0':
D:/l4t/DKC3Recomp/generated/snesrecomp/bankb7_part3f4_v2.c:49:3: warning: label 'L_BF4F_M0X0' defined but not used [-Wunused-label]
   49 |   L_BF4F_M0X0:
      |   ^~~~~~~~~~~
D:/l4t/DKC3Recomp/generated/snesrecomp/bankb7_part406_v2.c: In function 'CODE_B7C067_M0X0':
D:/l4t/DKC3Recomp/generated/snesrecomp/bankb7_part406_v2.c:49:3: warning: label 'L_C067_M0X0' defined but not used [-Wunused-label]
   49 |   L_C067_M0X0:
      |   ^~~~~~~~~~~
D:/l4t/DKC3Recomp/generated/snesrecomp/bankb7_part418_v2.c: In function 'bank_B7_C189_M0X0':
D:/l4t/DKC3Recomp/generated/snesrecomp/bankb7_part418_v2.c:49:3: warning: label 'L_C189_M0X0' defined but not used [-Wunused-label]
   49 |   L_C189_M0X0:
      |   ^~~~~~~~~~~
D:/l4t/DKC3Recomp/generated/snesrecomp/bankb7_part42a_v2.c: In function 'CODE_B7C2A3_M0X0':
D:/l4t/DKC3Recomp/generated/snesrecomp/bankb7_part42a_v2.c:52:3: warning: label 'L_C2A3_M0X0' defined but not used [-Wunused-label]
   52 |   L_C2A3_M0X0:
      |   ^~~~~~~~~~~
D:/l4t/DKC3Recomp/generated/snesrecomp/bankb7_part42a_v2.c: In function 'CODE_B7C2AE_M0X0':
D:/l4t/DKC3Recomp/generated/snesrecomp/bankb7_part42a_v2.c:136:3: warning: label 'L_C2AE_M0X0' defined but not used [-Wunused-label]
  136 |   L_C2AE_M0X0:
      |   ^~~~~~~~~~~
D:/l4t/DKC3Recomp/generated/snesrecomp/bankb7_part43d_v2.c: In function 'bank_B7_C3D0_M0X0':
D:/l4t/DKC3Recomp/generated/snesrecomp/bankb7_part43d_v2.c:49:3: warning: label 'L_C3D0_M0X0' defined but not used [-Wunused-label]
   49 |   L_C3D0_M0X0:
      |   ^~~~~~~~~~~
D:/l4t/DKC3Recomp/generated/snesrecomp/bankb7_part44e_v2.c: In function 'CODE_B7C4EA_M0X0':
D:/l4t/DKC3Recomp/generated/snesrecomp/bankb7_part44e_v2.c:51:3: warning: label 'L_C4EA_M0X0' defined but not used [-Wunused-label]
   51 |   L_C4EA_M0X0:
      |   ^~~~~~~~~~~
D:/l4t/DKC3Recomp/generated/snesrecomp/bankb7_part44f_v2.c: In function 'CODE_B7C4F5_M0X0':
D:/l4t/DKC3Recomp/generated/snesrecomp/bankb7_part44f_v2.c:49:3: warning: label 'L_C4F5_M0X0' defined but not used [-Wunused-label]
   49 |   L_C4F5_M0X0:
      |   ^~~~~~~~~~~
D:/l4t/DKC3Recomp/generated/snesrecomp/bankb7_part461_v2.c: In function 'bank_B7_C611_M0X0':
D:/l4t/DKC3Recomp/generated/snesrecomp/bankb7_part461_v2.c:49:3: warning: label 'L_C611_M0X0' defined but not used [-Wunused-label]
   49 |   L_C611_M0X0:
      |   ^~~~~~~~~~~
D:/l4t/DKC3Recomp/generated/snesrecomp/bankb7_part472_v2.c: In function 'CODE_B7C726_M0X0':
D:/l4t/DKC3Recomp/generated/snesrecomp/bankb7_part472_v2.c:51:3: warning: label 'L_C726_M0X0' defined but not used [-Wunused-label]
   51 |   L_C726_M0X0:
      |   ^~~~~~~~~~~
D:/l4t/DKC3Recomp/generated/snesrecomp/bankb7_part476_v2.c: In function 'CODE_B7C766_M0X0':
D:/l4t/DKC3Recomp/generated/snesrecomp/bankb7_part476_v2.c:49:3: warning: label 'L_C766_M0X0' defined but not used [-Wunused-label]
   49 |   L_C766_M0X0:
      |   ^~~~~~~~~~~
D:/l4t/DKC3Recomp/generated/snesrecomp/bankb7_part47d_v2.c: In function 'CODE_B7C7DB_M0X0':
D:/l4t/DKC3Recomp/generated/snesrecomp/bankb7_part47d_v2.c:49:3: warning: label 'L_C7DB_M0X0' defined but not used [-Wunused-label]
   49 |   L_C7DB_M0X0:
      |   ^~~~~~~~~~~
D:/l4t/DKC3Recomp/generated/snesrecomp/bankb7_part481_v2.c: In function 'CODE_B7C81B_M0X0':
D:/l4t/DKC3Recomp/generated/snesrecomp/bankb7_part481_v2.c:50:3: warning: label 'L_C81B_M0X0' defined but not used [-Wunused-label]
   50 |   L_C81B_M0X0:
      |   ^~~~~~~~~~~
D:/l4t/DKC3Recomp/generated/snesrecomp/bankb7_part483_v2.c: In function 'CODE_B7C83D_M0X0':
D:/l4t/DKC3Recomp/generated/snesrecomp/bankb7_part483_v2.c:49:3: warning: label 'L_C83D_M0X0' defined but not used [-Wunused-label]
   49 |   L_C83D_M0X0:
      |   ^~~~~~~~~~~
D:/l4t/DKC3Recomp/generated/snesrecomp/bankb7_part48a_v2.c: In function 'CODE_B7C8AC_M0X0':
D:/l4t/DKC3Recomp/generated/snesrecomp/bankb7_part48a_v2.c:49:3: warning: label 'L_C8AC_M0X0' defined but not used [-Wunused-label]
   49 |   L_C8AC_M0X0:
      |   ^~~~~~~~~~~
D:/l4t/DKC3Recomp/generated/snesrecomp/bankb7_part48d_v2.c: In function 'CODE_B7C8D2_M0X0':
D:/l4t/DKC3Recomp/generated/snesrecomp/bankb7_part48d_v2.c:49:3: warning: label 'L_C8D2_M0X0' defined but not used [-Wunused-label]
   49 |   L_C8D2_M0X0:
      |   ^~~~~~~~~~~
D:/l4t/DKC3Recomp/generated/snesrecomp/bankb7_part494_v2.c: In function 'CODE_B7C942_M0X0':
D:/l4t/DKC3Recomp/generated/snesrecomp/bankb7_part494_v2.c:50:3: warning: label 'L_C942_M0X0' defined but not used [-Wunused-label]
   50 |   L_C942_M0X0:
      |   ^~~~~~~~~~~
D:/l4t/DKC3Recomp/generated/snesrecomp/bankb7_part4b2_v2.c: In function 'CODE_B7CB2B_M0X0':
D:/l4t/DKC3Recomp/generated/snesrecomp/bankb7_part4b2_v2.c:50:3: warning: label 'L_CB2B_M0X0' defined but not used [-Wunused-label]
   50 |   L_CB2B_M0X0:
      |   ^~~~~~~~~~~
D:/l4t/DKC3Recomp/generated/snesrecomp/bankb7_part4c2_v2.c: In function 'CODE_B7CC25_M0X0':
D:/l4t/DKC3Recomp/generated/snesrecomp/bankb7_part4c2_v2.c:50:3: warning: label 'L_CC25_M0X0' defined but not used [-Wunused-label]
   50 |   L_CC25_M0X0:
      |   ^~~~~~~~~~~
D:/l4t/DKC3Recomp/generated/snesrecomp/bankb7_part4d1_v2.c: In function 'CODE_B7CD1F_M0X0':
D:/l4t/DKC3Recomp/generated/snesrecomp/bankb7_part4d1_v2.c:50:3: warning: label 'L_CD1F_M0X0' defined but not used [-Wunused-label]
   50 |   L_CD1F_M0X0:
      |   ^~~~~~~~~~~
D:/l4t/DKC3Recomp/generated/snesrecomp/bankb7_part4e4_v2.c: In function 'CODE_B7CE43_M0X0':
D:/l4t/DKC3Recomp/generated/snesrecomp/bankb7_part4e4_v2.c:50:3: warning: label 'L_CE43_M0X0' defined but not used [-Wunused-label]
   50 |   L_CE43_M0X0:
      |   ^~~~~~~~~~~
D:/l4t/DKC3Recomp/generated/snesrecomp/bankb7_part4f6_v2.c: In function 'CODE_B7CF68_M0X0':
D:/l4t/DKC3Recomp/generated/snesrecomp/bankb7_part4f6_v2.c:50:3: warning: label 'L_CF68_M0X0' defined but not used [-Wunused-label]
   50 |   L_CF68_M0X0:
      |   ^~~~~~~~~~~
D:/l4t/DKC3Recomp/generated/snesrecomp/bankb7_part507_v2.c: In function 'CODE_B7D078_M0X0':
D:/l4t/DKC3Recomp/generated/snesrecomp/bankb7_part507_v2.c:49:3: warning: label 'L_D078_M0X0' defined but not used [-Wunused-label]
   49 |   L_D078_M0X0:
      |   ^~~~~~~~~~~
D:/l4t/DKC3Recomp/generated/snesrecomp/bankb7_part512_v2.c: In function 'CODE_B7D123_M0X0':
D:/l4t/DKC3Recomp/generated/snesrecomp/bankb7_part512_v2.c:49:3: warning: label 'L_D123_M0X0' defined but not used [-Wunused-label]
   49 |   L_D123_M0X0:
      |   ^~~~~~~~~~~
D:/l4t/DKC3Recomp/generated/snesrecomp/bankb7_part515_v2.c: In function 'CODE_B7D151_M0X0':
D:/l4t/DKC3Recomp/generated/snesrecomp/bankb7_part515_v2.c:49:3: warning: label 'L_D151_M0X0' defined but not used [-Wunused-label]
   49 |   L_D151_M0X0:
      |   ^~~~~~~~~~~
D:/l4t/DKC3Recomp/generated/snesrecomp/bankb7_part518_v2.c: In function 'CODE_B7D183_M0X0':
D:/l4t/DKC3Recomp/generated/snesrecomp/bankb7_part518_v2.c:49:3: warning: label 'L_D183_M0X0' defined but not used [-Wunused-label]
   49 |   L_D183_M0X0:
      |   ^~~~~~~~~~~
D:/l4t/DKC3Recomp/generated/snesrecomp/bankb7_part51a_v2.c: In function 'CODE_B7D1A6_M0X0':
D:/l4t/DKC3Recomp/generated/snesrecomp/bankb7_part51a_v2.c:49:3: warning: label 'L_D1A6_M0X0' defined but not used [-Wunused-label]
   49 |   L_D1A6_M0X0:
      |   ^~~~~~~~~~~
D:/l4t/DKC3Recomp/generated/snesrecomp/bankb7_part51d_v2.c: In function 'CODE_B7D1D6_M0X0':
D:/l4t/DKC3Recomp/generated/snesrecomp/bankb7_part51d_v2.c:49:3: warning: label 'L_D1D6_M0X0' defined but not used [-Wunused-label]
   49 |   L_D1D6_M0X0:
      |   ^~~~~~~~~~~
D:/l4t/DKC3Recomp/generated/snesrecomp/bankb7_part51e_v2.c: In function 'CODE_B7D1E3_M0X0':
D:/l4t/DKC3Recomp/generated/snesrecomp/bankb7_part51e_v2.c:49:3: warning: label 'L_D1E3_M0X0' defined but not used [-Wunused-label]
   49 |   L_D1E3_M0X0:
      |   ^~~~~~~~~~~
D:/l4t/DKC3Recomp/generated/snesrecomp/bankb7_part51f_v2.c: In function 'CODE_B7D1F0_M0X0':
D:/l4t/DKC3Recomp/generated/snesrecomp/bankb7_part51f_v2.c:49:3: warning: label 'L_D1F0_M0X0' defined but not used [-Wunused-label]
   49 |   L_D1F0_M0X0:
      |   ^~~~~~~~~~~
D:/l4t/DKC3Recomp/generated/snesrecomp/bankb7_part520_v2.c: In function 'CODE_B7D206_M0X0':
D:/l4t/DKC3Recomp/generated/snesrecomp/bankb7_part520_v2.c:50:3: warning: label 'L_D206_M0X0' defined but not used [-Wunused-label]
   50 |   L_D206_M0X0:
      |   ^~~~~~~~~~~
D:/l4t/DKC3Recomp/generated/snesrecomp/bankb7_part520_v2.c: In function 'CODE_B7D20F_M0X0':
D:/l4t/DKC3Recomp/generated/snesrecomp/bankb7_part520_v2.c:165:3: warning: label 'L_D20F_M0X0' defined but not used [-Wunused-label]
  165 |   L_D20F_M0X0:
      |   ^~~~~~~~~~~
D:/l4t/DKC3Recomp/generated/snesrecomp/bankb7_part521_v2.c: In function 'CODE_B7D218_M0X0':
D:/l4t/DKC3Recomp/generated/snesrecomp/bankb7_part521_v2.c:49:3: warning: label 'L_D218_M0X0' defined but not used [-Wunused-label]
   49 |   L_D218_M0X0:
      |   ^~~~~~~~~~~
D:/l4t/DKC3Recomp/generated/snesrecomp/bankb7_part522_v2.c: In function 'CODE_B7D22C_M0X0':
D:/l4t/DKC3Recomp/generated/snesrecomp/bankb7_part522_v2.c:49:3: warning: label 'L_D22C_M0X0' defined but not used [-Wunused-label]
   49 |   L_D22C_M0X0:
      |   ^~~~~~~~~~~
D:/l4t/DKC3Recomp/generated/snesrecomp/bankb7_part524_v2.c: In function 'CODE_B7D240_M0X0':
D:/l4t/DKC3Recomp/generated/snesrecomp/bankb7_part524_v2.c:49:3: warning: label 'L_D240_M0X0' defined but not used [-Wunused-label]
   49 |   L_D240_M0X0:
      |   ^~~~~~~~~~~
D:/l4t/DKC3Recomp/generated/snesrecomp/bankb7_part525_v2.c: In function 'CODE_B7D25D_M0X0':
D:/l4t/DKC3Recomp/generated/snesrecomp/bankb7_part525_v2.c:49:3: warning: label 'L_D25D_M0X0' defined but not used [-Wunused-label]
   49 |   L_D25D_M0X0:
      |   ^~~~~~~~~~~
D:/l4t/DKC3Recomp/generated/snesrecomp/bankb7_part526_v2.c: In function 'CODE_B7D26F_M0X0':
D:/l4t/DKC3Recomp/generated/snesrecomp/bankb7_part526_v2.c:49:3: warning: label 'L_D26F_M0X0' defined but not used [-Wunused-label]
   49 |   L_D26F_M0X0:
      |   ^~~~~~~~~~~
D:/l4t/DKC3Recomp/generated/snesrecomp/bankb7_part527_v2.c: In function 'CODE_B7D27D_M0X0':
D:/l4t/DKC3Recomp/generated/snesrecomp/bankb7_part527_v2.c:49:3: warning: label 'L_D27D_M0X0' defined but not used [-Wunused-label]
   49 |   L_D27D_M0X0:
      |   ^~~~~~~~~~~
D:/l4t/DKC3Recomp/generated/snesrecomp/bankb7_part528_v2.c: In function 'CODE_B7D286_M0X0':
D:/l4t/DKC3Recomp/generated/snesrecomp/bankb7_part528_v2.c:49:3: warning: label 'L_D286_M0X0' defined but not used [-Wunused-label]
   49 |   L_D286_M0X0:
      |   ^~~~~~~~~~~
D:/l4t/DKC3Recomp/generated/snesrecomp/bankb7_part529_v2.c: In function 'CODE_B7D298_M0X0':
D:/l4t/DKC3Recomp/generated/snesrecomp/bankb7_part529_v2.c:49:3: warning: label 'L_D298_M0X0' defined but not used [-Wunused-label]
   49 |   L_D298_M0X0:
      |   ^~~~~~~~~~~
D:/l4t/DKC3Recomp/generated/snesrecomp/bankb7_part52c_v2.c: In function 'CODE_B7D2C3_M0X0':
D:/l4t/DKC3Recomp/generated/snesrecomp/bankb7_part52c_v2.c:49:3: warning: label 'L_D2C3_M0X0' defined but not used [-Wunused-label]
   49 |   L_D2C3_M0X0:
      |   ^~~~~~~~~~~
D:/l4t/DKC3Recomp/generated/snesrecomp/bankb7_part52d_v2.c: In function 'CODE_B7D2D5_M0X0':
D:/l4t/DKC3Recomp/generated/snesrecomp/bankb7_part52d_v2.c:50:3: warning: label 'L_D2D5_M0X0' defined but not used [-Wunused-label]
   50 |   L_D2D5_M0X0:
      |   ^~~~~~~~~~~
D:/l4t/DKC3Recomp/generated/snesrecomp/bankb7_part52d_v2.c: In function 'CODE_B7D2DE_M0X0':
D:/l4t/DKC3Recomp/generated/snesrecomp/bankb7_part52d_v2.c:165:3: warning: label 'L_D2DE_M0X0' defined but not used [-Wunused-label]
  165 |   L_D2DE_M0X0:
      |   ^~~~~~~~~~~
D:/l4t/DKC3Recomp/generated/snesrecomp/bankb7_part52e_v2.c: In function 'CODE_B7D2E2_M0X0':
D:/l4t/DKC3Recomp/generated/snesrecomp/bankb7_part52e_v2.c:52:3: warning: label 'L_D2E2_M0X0' defined but not used [-Wunused-label]
   52 |   L_D2E2_M0X0:
      |   ^~~~~~~~~~~
D:/l4t/DKC3Recomp/generated/snesrecomp/bankb7_part52e_v2.c: In function 'CODE_B7D2E6_M0X0':
D:/l4t/DKC3Recomp/generated/snesrecomp/bankb7_part52e_v2.c:156:3: warning: label 'L_D2E6_M0X0' defined but not used [-Wunused-label]
  156 |   L_D2E6_M0X0:
      |   ^~~~~~~~~~~
D:/l4t/DKC3Recomp/generated/snesrecomp/bankb7_part52e_v2.c: In function 'CODE_B7D2EA_M0X0':
D:/l4t/DKC3Recomp/generated/snesrecomp/bankb7_part52e_v2.c:260:3: warning: label 'L_D2EA_M0X0' defined but not used [-Wunused-label]
  260 |   L_D2EA_M0X0:
      |   ^~~~~~~~~~~
D:/l4t/DKC3Recomp/generated/snesrecomp/bankb7_part52e_v2.c: In function 'CODE_B7D2EE_M0X0':
D:/l4t/DKC3Recomp/generated/snesrecomp/bankb7_part52e_v2.c:364:3: warning: label 'L_D2EE_M0X0' defined but not used [-Wunused-label]
  364 |   L_D2EE_M0X0:
      |   ^~~~~~~~~~~
D:/l4t/DKC3Recomp/generated/snesrecomp/bankb7_part52f_v2.c: In function 'CODE_B7D2F2_M0X0':
D:/l4t/DKC3Recomp/generated/snesrecomp/bankb7_part52f_v2.c:52:3: warning: label 'L_D2F2_M0X0' defined but not used [-Wunused-label]
   52 |   L_D2F2_M0X0:
      |   ^~~~~~~~~~~
D:/l4t/DKC3Recomp/generated/snesrecomp/bankb7_part52f_v2.c: In function 'CODE_B7D2F6_M0X0':
D:/l4t/DKC3Recomp/generated/snesrecomp/bankb7_part52f_v2.c:156:3: warning: label 'L_D2F6_M0X0' defined but not used [-Wunused-label]
  156 |   L_D2F6_M0X0:
      |   ^~~~~~~~~~~
D:/l4t/DKC3Recomp/generated/snesrecomp/bankb7_part52f_v2.c: In function 'CODE_B7D2FA_M0X0':
D:/l4t/DKC3Recomp/generated/snesrecomp/bankb7_part52f_v2.c:260:3: warning: label 'L_D2FA_M0X0' defined but not used [-Wunused-label]
  260 |   L_D2FA_M0X0:
      |   ^~~~~~~~~~~
D:/l4t/DKC3Recomp/generated/snesrecomp/bankb7_part52f_v2.c: In function 'CODE_B7D2FE_M0X0':
D:/l4t/DKC3Recomp/generated/snesrecomp/bankb7_part52f_v2.c:364:3: warning: label 'L_D2FE_M0X0' defined but not used [-Wunused-label]
  364 |   L_D2FE_M0X0:
      |   ^~~~~~~~~~~
D:/l4t/DKC3Recomp/generated/snesrecomp/bankb7_part530_v2.c: In function 'CODE_B7D302_M0X0':
D:/l4t/DKC3Recomp/generated/snesrecomp/bankb7_part530_v2.c:51:3: warning: label 'L_D302_M0X0' defined but not used [-Wunused-label]
   51 |   L_D302_M0X0:
      |   ^~~~~~~~~~~
D:/l4t/DKC3Recomp/generated/snesrecomp/bankb7_part530_v2.c: In function 'CODE_B7D309_M0X0':
D:/l4t/DKC3Recomp/generated/snesrecomp/bankb7_part530_v2.c:188:3: warning: label 'L_D309_M0X0' defined but not used [-Wunused-label]
  188 |   L_D309_M0X0:
      |   ^~~~~~~~~~~
D:/l4t/DKC3Recomp/generated/snesrecomp/bankb7_part530_v2.c: In function 'CODE_B7D30C_M0X0':
D:/l4t/DKC3Recomp/generated/snesrecomp/bankb7_part530_v2.c:299:3: warning: label 'L_D30C_M0X0' defined but not used [-Wunused-label]
  299 |   L_D30C_M0X0:
      |   ^~~~~~~~~~~
D:/l4t/DKC3Recomp/generated/snesrecomp/bankb7_part531_v2.c: In function 'CODE_B7D313_M0X0':
D:/l4t/DKC3Recomp/generated/snesrecomp/bankb7_part531_v2.c:50:3: warning: label 'L_D313_M0X0' defined but not used [-Wunused-label]
   50 |   L_D313_M0X0:
      |   ^~~~~~~~~~~
D:/l4t/DKC3Recomp/generated/snesrecomp/bankb7_part531_v2.c: In function 'CODE_B7D31A_M0X0':
D:/l4t/DKC3Recomp/generated/snesrecomp/bankb7_part531_v2.c:188:3: warning: label 'L_D31A_M0X0' defined but not used [-Wunused-label]
  188 |   L_D31A_M0X0:
      |   ^~~~~~~~~~~
D:/l4t/DKC3Recomp/generated/snesrecomp/bankb7_part532_v2.c: In function 'CODE_B7D321_M0X0':
D:/l4t/DKC3Recomp/generated/snesrecomp/bankb7_part532_v2.c:49:3: warning: label 'L_D321_M0X0' defined but not used [-Wunused-label]
   49 |   L_D321_M0X0:
      |   ^~~~~~~~~~~
D:/l4t/DKC3Recomp/generated/snesrecomp/bankb7_part533_v2.c: In function 'CODE_B7D330_M0X0':
D:/l4t/DKC3Recomp/generated/snesrecomp/bankb7_part533_v2.c:50:3: warning: label 'L_D330_M0X0' defined but not used [-Wunused-label]
   50 |   L_D330_M0X0:
      |   ^~~~~~~~~~~
D:/l4t/DKC3Recomp/generated/snesrecomp/bankb7_part533_v2.c: In function 'CODE_B7D33F_M0X0':
D:/l4t/DKC3Recomp/generated/snesrecomp/bankb7_part533_v2.c:222:3: warning: label 'L_D33F_M0X0' defined but not used [-Wunused-label]
  222 |   L_D33F_M0X0:
      |   ^~~~~~~~~~~
D:/l4t/DKC3Recomp/generated/snesrecomp/bankb7_part534_v2.c: In function 'CODE_B7D349_M0X0':
D:/l4t/DKC3Recomp/generated/snesrecomp/bankb7_part534_v2.c:49:3: warning: label 'L_D349_M0X0' defined but not used [-Wunused-label]
   49 |   L_D349_M0X0:
      |   ^~~~~~~~~~~
D:/l4t/DKC3Recomp/generated/snesrecomp/bankb7_part535_v2.c: In function 'CODE_B7D353_M0X0':
D:/l4t/DKC3Recomp/generated/snesrecomp/bankb7_part535_v2.c:51:3: warning: label 'L_D353_M0X0' defined but not used [-Wunused-label]
   51 |   L_D353_M0X0:
      |   ^~~~~~~~~~~
D:/l4t/DKC3Recomp/generated/snesrecomp/bankb7_part535_v2.c: In function 'CODE_B7D359_M0X0':
D:/l4t/DKC3Recomp/generated/snesrecomp/bankb7_part535_v2.c:182:3: warning: label 'L_D359_M0X0' defined but not used [-Wunused-label]
  182 |   L_D359_M0X0:
      |   ^~~~~~~~~~~
D:/l4t/DKC3Recomp/generated/snesrecomp/bankb7_part535_v2.c: In function 'CODE_B7D35F_M0X0':
D:/l4t/DKC3Recomp/generated/snesrecomp/bankb7_part535_v2.c:313:3: warning: label 'L_D35F_M0X0' defined but not used [-Wunused-label]
  313 |   L_D35F_M0X0:
      |   ^~~~~~~~~~~
D:/l4t/DKC3Recomp/generated/snesrecomp/bankb7_part536_v2.c: In function 'CODE_B7D365_M0X0':
D:/l4t/DKC3Recomp/generated/snesrecomp/bankb7_part536_v2.c:51:3: warning: label 'L_D365_M0X0' defined but not used [-Wunused-label]
   51 |   L_D365_M0X0:
      |   ^~~~~~~~~~~
D:/l4t/DKC3Recomp/generated/snesrecomp/bankb7_part536_v2.c: In function 'CODE_B7D367_M0X0':
D:/l4t/DKC3Recomp/generated/snesrecomp/bankb7_part536_v2.c:156:3: warning: label 'L_D367_M0X0' defined but not used [-Wunused-label]
  156 |   L_D367_M0X0:
      |   ^~~~~~~~~~~
D:/l4t/DKC3Recomp/generated/snesrecomp/bankb7_part536_v2.c: In function 'CODE_B7D36D_M0X0':
D:/l4t/DKC3Recomp/generated/snesrecomp/bankb7_part536_v2.c:288:3: warning: label 'L_D36D_M0X0' defined but not used [-Wunused-label]
  288 |   L_D36D_M0X0:
      |   ^~~~~~~~~~~
D:/l4t/DKC3Recomp/generated/snesrecomp/bankb7_part537_v2.c: In function 'CODE_B7D373_M0X0':
D:/l4t/DKC3Recomp/generated/snesrecomp/bankb7_part537_v2.c:51:3: warning: label 'L_D373_M0X0' defined but not used [-Wunused-label]
   51 |   L_D373_M0X0:
      |   ^~~~~~~~~~~
D:/l4t/DKC3Recomp/generated/snesrecomp/bankb7_part537_v2.c: In function 'CODE_B7D379_M0X0':
D:/l4t/DKC3Recomp/generated/snesrecomp/bankb7_part537_v2.c:183:3: warning: label 'L_D379_M0X0' defined but not used [-Wunused-label]
  183 |   L_D379_M0X0:
      |   ^~~~~~~~~~~
D:/l4t/DKC3Recomp/generated/snesrecomp/bankb7_part537_v2.c: In function 'CODE_B7D37E_M0X0':
D:/l4t/DKC3Recomp/generated/snesrecomp/bankb7_part537_v2.c:309:3: warning: label 'L_D37E_M0X0' defined but not used [-Wunused-label]
  309 |   L_D37E_M0X0:
      |   ^~~~~~~~~~~
D:/l4t/DKC3Recomp/generated/snesrecomp/bankb7_part538_v2.c: In function 'CODE_B7D383_M0X0':
D:/l4t/DKC3Recomp/generated/snesrecomp/bankb7_part538_v2.c:52:3: warning: label 'L_D383_M0X0' defined but not used [-Wunused-label]
   52 |   L_D383_M0X0:
      |   ^~~~~~~~~~~
D:/l4t/DKC3Recomp/generated/snesrecomp/bankb7_part538_v2.c: In function 'CODE_B7D388_M0X0':
D:/l4t/DKC3Recomp/generated/snesrecomp/bankb7_part538_v2.c:178:3: warning: label 'L_D388_M0X0' defined but not used [-Wunused-label]
  178 |   L_D388_M0X0:
      |   ^~~~~~~~~~~
D:/l4t/DKC3Recomp/generated/snesrecomp/bankb7_part538_v2.c: In function 'CODE_B7D389_M0X0':
D:/l4t/DKC3Recomp/generated/snesrecomp/bankb7_part538_v2.c:277:3: warning: label 'L_D389_M0X0' defined but not used [-Wunused-label]
  277 |   L_D389_M0X0:
      |   ^~~~~~~~~~~
D:/l4t/DKC3Recomp/generated/snesrecomp/bankb7_part538_v2.c: In function 'CODE_B7D38E_M0X0':
D:/l4t/DKC3Recomp/generated/snesrecomp/bankb7_part538_v2.c:402:3: warning: label 'L_D38E_M0X0' defined but not used [-Wunused-label]
  402 |   L_D38E_M0X0:
      |   ^~~~~~~~~~~
D:/l4t/DKC3Recomp/generated/snesrecomp/bankb7_part539_v2.c: In function 'CODE_B7D393_M0X0':
D:/l4t/DKC3Recomp/generated/snesrecomp/bankb7_part539_v2.c:51:3: warning: label 'L_D393_M0X0' defined but not used [-Wunused-label]
   51 |   L_D393_M0X0:
      |   ^~~~~~~~~~~
D:/l4t/DKC3Recomp/generated/snesrecomp/bankb7_part539_v2.c: In function 'CODE_B7D398_M0X0':
D:/l4t/DKC3Recomp/generated/snesrecomp/bankb7_part539_v2.c:176:3: warning: label 'L_D398_M0X0' defined but not used [-Wunused-label]
  176 |   L_D398_M0X0:
      |   ^~~~~~~~~~~
D:/l4t/DKC3Recomp/generated/snesrecomp/bankb7_part539_v2.c: In function 'CODE_B7D39D_M0X0':
D:/l4t/DKC3Recomp/generated/snesrecomp/bankb7_part539_v2.c:301:3: warning: label 'L_D39D_M0X0' defined but not used [-Wunused-label]
  301 |   L_D39D_M0X0:
      |   ^~~~~~~~~~~
D:/l4t/DKC3Recomp/generated/snesrecomp/bankb7_part53a_v2.c: In function 'CODE_B7D3A2_M0X0':
D:/l4t/DKC3Recomp/generated/snesrecomp/bankb7_part53a_v2.c:51:3: warning: label 'L_D3A2_M0X0' defined but not used [-Wunused-label]
   51 |   L_D3A2_M0X0:
      |   ^~~~~~~~~~~
D:/l4t/DKC3Recomp/generated/snesrecomp/bankb7_part53a_v2.c: In function 'CODE_B7D3A7_M0X0':
D:/l4t/DKC3Recomp/generated/snesrecomp/bankb7_part53a_v2.c:176:3: warning: label 'L_D3A7_M0X0' defined but not used [-Wunused-label]
  176 |   L_D3A7_M0X0:
      |   ^~~~~~~~~~~
D:/l4t/DKC3Recomp/generated/snesrecomp/bankb7_part53a_v2.c: In function 'CODE_B7D3AC_M0X0':
D:/l4t/DKC3Recomp/generated/snesrecomp/bankb7_part53a_v2.c:301:3: warning: label 'L_D3AC_M0X0' defined but not used [-Wunused-label]
  301 |   L_D3AC_M0X0:
      |   ^~~~~~~~~~~
D:/l4t/DKC3Recomp/generated/snesrecomp/bankb7_part53b_v2.c: In function 'CODE_B7D3B9_M0X0':
D:/l4t/DKC3Recomp/generated/snesrecomp/bankb7_part53b_v2.c:49:3: warning: label 'L_D3B9_M0X0' defined but not used [-Wunused-label]
   49 |   L_D3B9_M0X0:
      |   ^~~~~~~~~~~
D:/l4t/DKC3Recomp/generated/snesrecomp/bankb7_part53c_v2.c: In function 'CODE_B7D3C6_M0X0':
D:/l4t/DKC3Recomp/generated/snesrecomp/bankb7_part53c_v2.c:49:3: warning: label 'L_D3C6_M0X0' defined but not used [-Wunused-label]
   49 |   L_D3C6_M0X0:
      |   ^~~~~~~~~~~
D:/l4t/DKC3Recomp/generated/snesrecomp/bankb7_part53d_v2.c: In function 'CODE_B7D3D3_M0X0':
D:/l4t/DKC3Recomp/generated/snesrecomp/bankb7_part53d_v2.c:49:3: warning: label 'L_D3D3_M0X0' defined but not used [-Wunused-label]
   49 |   L_D3D3_M0X0:
      |   ^~~~~~~~~~~
D:/l4t/DKC3Recomp/generated/snesrecomp/bankb7_part53e_v2.c: In function 'CODE_B7D3E0_M0X0':
D:/l4t/DKC3Recomp/generated/snesrecomp/bankb7_part53e_v2.c:50:3: warning: label 'L_D3E0_M0X0' defined but not used [-Wunused-label]
   50 |   L_D3E0_M0X0:
      |   ^~~~~~~~~~~
D:/l4t/DKC3Recomp/generated/snesrecomp/bankb7_part53e_v2.c: In function 'CODE_B7D3ED_M0X0':
D:/l4t/DKC3Recomp/generated/snesrecomp/bankb7_part53e_v2.c:197:3: warning: label 'L_D3ED_M0X0' defined but not used [-Wunused-label]
  197 |   L_D3ED_M0X0:
      |   ^~~~~~~~~~~
D:/l4t/DKC3Recomp/generated/snesrecomp/bankb7_part53f_v2.c: In function 'CODE_B7D3FA_M0X0':
D:/l4t/DKC3Recomp/generated/snesrecomp/bankb7_part53f_v2.c:49:3: warning: label 'L_D3FA_M0X0' defined but not used [-Wunused-label]
   49 |   L_D3FA_M0X0:
      |   ^~~~~~~~~~~
D:/l4t/DKC3Recomp/generated/snesrecomp/bankb7_part540_v2.c: In function 'CODE_B7D407_M0X0':
D:/l4t/DKC3Recomp/generated/snesrecomp/bankb7_part540_v2.c:49:3: warning: label 'L_D407_M0X0' defined but not used [-Wunused-label]
   49 |   L_D407_M0X0:
      |   ^~~~~~~~~~~
D:/l4t/DKC3Recomp/generated/snesrecomp/bankb7_part541_v2.c: In function 'CODE_B7D410_M0X0':
D:/l4t/DKC3Recomp/generated/snesrecomp/bankb7_part541_v2.c:50:3: warning: label 'L_D410_M0X0' defined but not used [-Wunused-label]
   50 |   L_D410_M0X0:
      |   ^~~~~~~~~~~
D:/l4t/DKC3Recomp/generated/snesrecomp/bankb7_part541_v2.c: In function 'CODE_B7D41D_M0X0':
D:/l4t/DKC3Recomp/generated/snesrecomp/bankb7_part541_v2.c:198:3: warning: label 'L_D41D_M0X0' defined but not used [-Wunused-label]
  198 |   L_D41D_M0X0:
      |   ^~~~~~~~~~~
D:/l4t/DKC3Recomp/generated/snesrecomp/bankb7_part542_v2.c: In function 'CODE_B7D42A_M0X0':
D:/l4t/DKC3Recomp/generated/snesrecomp/bankb7_part542_v2.c:49:3: warning: label 'L_D42A_M0X0' defined but not used [-Wunused-label]
   49 |   L_D42A_M0X0:
      |   ^~~~~~~~~~~
D:/l4t/DKC3Recomp/generated/snesrecomp/bankb7_part543_v2.c: In function 'CODE_B7D431_M0X0':
D:/l4t/DKC3Recomp/generated/snesrecomp/bankb7_part543_v2.c:51:3: warning: label 'L_D431_M0X0' defined but not used [-Wunused-label]
   51 |   L_D431_M0X0:
      |   ^~~~~~~~~~~
D:/l4t/DKC3Recomp/generated/snesrecomp/bankb7_part543_v2.c: In function 'CODE_B7D438_M0X0':
D:/l4t/DKC3Recomp/generated/snesrecomp/bankb7_part543_v2.c:188:3: warning: label 'L_D438_M0X0' defined but not used [-Wunused-label]
  188 |   L_D438_M0X0:
      |   ^~~~~~~~~~~
D:/l4t/DKC3Recomp/generated/snesrecomp/bankb7_part543_v2.c: In function 'CODE_B7D43F_M0X0':
D:/l4t/DKC3Recomp/generated/snesrecomp/bankb7_part543_v2.c:325:3: warning: label 'L_D43F_M0X0' defined but not used [-Wunused-label]
  325 |   L_D43F_M0X0:
      |   ^~~~~~~~~~~
D:/l4t/DKC3Recomp/generated/snesrecomp/bankb7_part544_v2.c: In function 'CODE_B7D446_M0X0':
D:/l4t/DKC3Recomp/generated/snesrecomp/bankb7_part544_v2.c:50:3: warning: label 'L_D446_M0X0' defined but not used [-Wunused-label]
   50 |   L_D446_M0X0:
      |   ^~~~~~~~~~~
D:/l4t/DKC3Recomp/generated/snesrecomp/bankb7_part544_v2.c: In function 'CODE_B7D44D_M0X0':
D:/l4t/DKC3Recomp/generated/snesrecomp/bankb7_part544_v2.c:187:3: warning: label 'L_D44D_M0X0' defined but not used [-Wunused-label]
  187 |   L_D44D_M0X0:
      |   ^~~~~~~~~~~
D:/l4t/DKC3Recomp/generated/snesrecomp/bankb7_part545_v2.c: In function 'CODE_B7D454_M0X0':
D:/l4t/DKC3Recomp/generated/snesrecomp/bankb7_part545_v2.c:51:3: warning: label 'L_D454_M0X0' defined but not used [-Wunused-label]
   51 |   L_D454_M0X0:
      |   ^~~~~~~~~~~
D:/l4t/DKC3Recomp/generated/snesrecomp/bankb7_part545_v2.c: In function 'CODE_B7D45B_M0X0':
D:/l4t/DKC3Recomp/generated/snesrecomp/bankb7_part545_v2.c:188:3: warning: label 'L_D45B_M0X0' defined but not used [-Wunused-label]
  188 |   L_D45B_M0X0:
      |   ^~~~~~~~~~~
D:/l4t/DKC3Recomp/generated/snesrecomp/bankb7_part545_v2.c: In function 'CODE_B7D45E_M0X0':
D:/l4t/DKC3Recomp/generated/snesrecomp/bankb7_part545_v2.c:299:3: warning: label 'L_D45E_M0X0' defined but not used [-Wunused-label]
  299 |   L_D45E_M0X0:
      |   ^~~~~~~~~~~
D:/l4t/DKC3Recomp/generated/snesrecomp/bankb7_part546_v2.c: In function 'CODE_B7D464_M0X0':
D:/l4t/DKC3Recomp/generated/snesrecomp/bankb7_part546_v2.c:51:3: warning: label 'L_D464_M0X0' defined but not used [-Wunused-label]
   51 |   L_D464_M0X0:
      |   ^~~~~~~~~~~
D:/l4t/DKC3Recomp/generated/snesrecomp/bankb7_part546_v2.c: In function 'CODE_B7D466_M0X0':
D:/l4t/DKC3Recomp/generated/snesrecomp/bankb7_part546_v2.c:156:3: warning: label 'L_D466_M0X0' defined but not used [-Wunused-label]
  156 |   L_D466_M0X0:
      |   ^~~~~~~~~~~
D:/l4t/DKC3Recomp/generated/snesrecomp/bankb7_part546_v2.c: In function 'CODE_B7D46C_M0X0':
D:/l4t/DKC3Recomp/generated/snesrecomp/bankb7_part546_v2.c:287:3: warning: label 'L_D46C_M0X0' defined but not used [-Wunused-label]
  287 |   L_D46C_M0X0:
      |   ^~~~~~~~~~~
D:/l4t/DKC3Recomp/generated/snesrecomp/bankb7_part547_v2.c: In function 'CODE_B7D472_M0X0':
D:/l4t/DKC3Recomp/generated/snesrecomp/bankb7_part547_v2.c:51:3: warning: label 'L_D472_M0X0' defined but not used [-Wunused-label]
   51 |   L_D472_M0X0:
      |   ^~~~~~~~~~~
D:/l4t/DKC3Recomp/generated/snesrecomp/bankb7_part547_v2.c: In function 'CODE_B7D478_M0X0':
D:/l4t/DKC3Recomp/generated/snesrecomp/bankb7_part547_v2.c:182:3: warning: label 'L_D478_M0X0' defined but not used [-Wunused-label]
  182 |   L_D478_M0X0:
      |   ^~~~~~~~~~~
D:/l4t/DKC3Recomp/generated/snesrecomp/bankb7_part547_v2.c: In function 'CODE_B7D47E_M0X0':
D:/l4t/DKC3Recomp/generated/snesrecomp/bankb7_part547_v2.c:313:3: warning: label 'L_D47E_M0X0' defined but not used [-Wunused-label]
  313 |   L_D47E_M0X0:
      |   ^~~~~~~~~~~
D:/l4t/DKC3Recomp/generated/snesrecomp/bankb7_part548_v2.c: In function 'CODE_B7D484_M0X0':
D:/l4t/DKC3Recomp/generated/snesrecomp/bankb7_part548_v2.c:50:3: warning: label 'L_D484_M0X0' defined but not used [-Wunused-label]
   50 |   L_D484_M0X0:
      |   ^~~~~~~~~~~
D:/l4t/DKC3Recomp/generated/snesrecomp/bankb7_part548_v2.c: In function 'CODE_B7D48A_M0X0':
D:/l4t/DKC3Recomp/generated/snesrecomp/bankb7_part548_v2.c:181:3: warning: label 'L_D48A_M0X0' defined but not used [-Wunused-label]
  181 |   L_D48A_M0X0:
      |   ^~~~~~~~~~~
D:/l4t/DKC3Recomp/generated/snesrecomp/bankb7_part578_v2.c: In function 'CODE_B7D78E_M0X0':
D:/l4t/DKC3Recomp/generated/snesrecomp/bankb7_part578_v2.c:51:3: warning: label 'L_D78E_M0X0' defined but not used [-Wunused-label]
   51 |   L_D78E_M0X0:
      |   ^~~~~~~~~~~
D:/l4t/DKC3Recomp/generated/snesrecomp/bankb7_part578_v2.c: In function 'CODE_B7D78F_M0X0':
D:/l4t/DKC3Recomp/generated/snesrecomp/bankb7_part578_v2.c:101:3: warning: label 'L_D78F_M0X0' defined but not used [-Wunused-label]
  101 |   L_D78F_M0X0:
      |   ^~~~~~~~~~~
D:/l4t/DKC3Recomp/generated/snesrecomp/bankb7_part579_v2.c: In function 'CODE_B7D790_M0X0':
D:/l4t/DKC3Recomp/generated/snesrecomp/bankb7_part579_v2.c:53:3: warning: label 'L_D790_M0X0' defined but not used [-Wunused-label]
   53 |   L_D790_M0X0:
      |   ^~~~~~~~~~~
D:/l4t/DKC3Recomp/generated/snesrecomp/bankb7_part579_v2.c: In function 'CODE_B7D791_M0X0':
D:/l4t/DKC3Recomp/generated/snesrecomp/bankb7_part579_v2.c:103:3: warning: label 'L_D791_M0X0' defined but not used [-Wunused-label]
  103 |   L_D791_M0X0:
      |   ^~~~~~~~~~~
D:/l4t/DKC3Recomp/generated/snesrecomp/bankb7_part579_v2.c: In function 'CODE_B7D792_M0X0':
D:/l4t/DKC3Recomp/generated/snesrecomp/bankb7_part579_v2.c:153:3: warning: label 'L_D792_M0X0' defined but not used [-Wunused-label]
  153 |   L_D792_M0X0:
      |   ^~~~~~~~~~~
D:/l4t/DKC3Recomp/generated/snesrecomp/bankb7_part579_v2.c: In function 'CODE_B7D793_M0X0':
D:/l4t/DKC3Recomp/generated/snesrecomp/bankb7_part579_v2.c:203:3: warning: label 'L_D793_M0X0' defined but not used [-Wunused-label]
  203 |   L_D793_M0X0:
      |   ^~~~~~~~~~~
D:/l4t/DKC3Recomp/generated/snesrecomp/bankb7_part57c_v2.c: In function 'CODE_B7D7CE_M0X0':
D:/l4t/DKC3Recomp/generated/snesrecomp/bankb7_part57c_v2.c:49:3: warning: label 'L_D7CE_M0X0' defined but not used [-Wunused-label]
   49 |   L_D7CE_M0X0:
      |   ^~~~~~~~~~~
D:/l4t/DKC3Recomp/generated/snesrecomp/bankb7_part57f_v2.c: In function 'CODE_B7D7FB_M0X0':
D:/l4t/DKC3Recomp/generated/snesrecomp/bankb7_part57f_v2.c:49:3: warning: label 'L_D7FB_M0X0' defined but not used [-Wunused-label]
   49 |   L_D7FB_M0X0:
      |   ^~~~~~~~~~~
D:/l4t/DKC3Recomp/generated/snesrecomp/bankb7_part587_v2.c: In function 'CODE_B7D87B_M0X0':
D:/l4t/DKC3Recomp/generated/snesrecomp/bankb7_part587_v2.c:51:3: warning: label 'L_D87B_M0X0' defined but not used [-Wunused-label]
   51 |   L_D87B_M0X0:
      |   ^~~~~~~~~~~
D:/l4t/DKC3Recomp/generated/snesrecomp/bankb7_part58d_v2.c: In function 'CODE_B7D8DE_M0X0':
D:/l4t/DKC3Recomp/generated/snesrecomp/bankb7_part58d_v2.c:61:3: warning: label 'L_D8DE_M0X0' defined but not used [-Wunused-label]
   61 |   L_D8DE_M0X0:
      |   ^~~~~~~~~~~
D:/l4t/DKC3Recomp/generated/snesrecomp/bankb7_part593_v2.c: In function 'CODE_B7D931_M0X0':
D:/l4t/DKC3Recomp/generated/snesrecomp/bankb7_part593_v2.c:49:3: warning: label 'L_D931_M0X0' defined but not used [-Wunused-label]
   49 |   L_D931_M0X0:
      |   ^~~~~~~~~~~
D:/l4t/DKC3Recomp/generated/snesrecomp/bankb7_part599_v2.c: In function 'CODE_B7D99B_M0X0':
D:/l4t/DKC3Recomp/generated/snesrecomp/bankb7_part599_v2.c:49:3: warning: label 'L_D99B_M0X0' defined but not used [-Wunused-label]
   49 |   L_D99B_M0X0:
      |   ^~~~~~~~~~~
D:/l4t/DKC3Recomp/generated/snesrecomp/bankb7_part59d_v2.c: In function 'CODE_B7D9DB_M0X0':
D:/l4t/DKC3Recomp/generated/snesrecomp/bankb7_part59d_v2.c:49:3: warning: label 'L_D9DB_M0X0' defined but not used [-Wunused-label]
   49 |   L_D9DB_M0X0:
      |   ^~~~~~~~~~~
D:/l4t/DKC3Recomp/generated/snesrecomp/bankb7_part59e_v2.c: In function 'CODE_B7D9E6_M0X0':
D:/l4t/DKC3Recomp/generated/snesrecomp/bankb7_part59e_v2.c:52:3: warning: label 'L_D9E6_M0X0' defined but not used [-Wunused-label]
   52 |   L_D9E6_M0X0:
      |   ^~~~~~~~~~~
D:/l4t/DKC3Recomp/generated/snesrecomp/bankb7_part5a7_v2.c: In function 'CODE_B7DA75_M0X0':
D:/l4t/DKC3Recomp/generated/snesrecomp/bankb7_part5a7_v2.c:49:3: warning: label 'L_DA75_M0X0' defined but not used [-Wunused-label]
   49 |   L_DA75_M0X0:
      |   ^~~~~~~~~~~
D:/l4t/DKC3Recomp/generated/snesrecomp/bankb7_part5a9_v2.c: In function 'CODE_B7DA9F_M0X0':
D:/l4t/DKC3Recomp/generated/snesrecomp/bankb7_part5a9_v2.c:49:3: warning: label 'L_DA9F_M0X0' defined but not used [-Wunused-label]
   49 |   L_DA9F_M0X0:
      |   ^~~~~~~~~~~
D:/l4t/DKC3Recomp/generated/snesrecomp/bankb7_part5ab_v2.c: In function 'CODE_B7DAB9_M0X0':
D:/l4t/DKC3Recomp/generated/snesrecomp/bankb7_part5ab_v2.c:50:3: warning: label 'L_DAB9_M0X0' defined but not used [-Wunused-label]
   50 |   L_DAB9_M0X0:
      |   ^~~~~~~~~~~
D:/l4t/DKC3Recomp/generated/snesrecomp/bankb7_part5ac_v2.c: In function 'CODE_B7DAC5_M0X0':
D:/l4t/DKC3Recomp/generated/snesrecomp/bankb7_part5ac_v2.c:53:3: warning: label 'L_DAC5_M0X0' defined but not used [-Wunused-label]
   53 |   L_DAC5_M0X0:
      |   ^~~~~~~~~~~
D:/l4t/DKC3Recomp/generated/snesrecomp/bankb7_part5ac_v2.c: In function 'CODE_B7DACF_M0X0':
D:/l4t/DKC3Recomp/generated/snesrecomp/bankb7_part5ac_v2.c:121:3: warning: label 'L_DACF_M0X0' defined but not used [-Wunused-label]
  121 |   L_DACF_M0X0:
      |   ^~~~~~~~~~~
D:/l4t/DKC3Recomp/generated/snesrecomp/bankb7_part5af_v2.c: In function 'CODE_B7DAF4_M0X0':
D:/l4t/DKC3Recomp/generated/snesrecomp/bankb7_part5af_v2.c:49:3: warning: label 'L_DAF4_M0X0' defined but not used [-Wunused-label]
   49 |   L_DAF4_M0X0:
      |   ^~~~~~~~~~~
D:/l4t/DKC3Recomp/generated/snesrecomp/bankb7_part5b0_v2.c: In function 'CODE_B7DB00_M0X0':
D:/l4t/DKC3Recomp/generated/snesrecomp/bankb7_part5b0_v2.c:50:3: warning: label 'L_DB00_M0X0' defined but not used [-Wunused-label]
   50 |   L_DB00_M0X0:
      |   ^~~~~~~~~~~
D:/l4t/DKC3Recomp/generated/snesrecomp/bankb7_part5b3_v2.c: In function 'CODE_B7DB31_M0X0':
D:/l4t/DKC3Recomp/generated/snesrecomp/bankb7_part5b3_v2.c:49:3: warning: label 'L_DB31_M0X0' defined but not used [-Wunused-label]
   49 |   L_DB31_M0X0:
      |   ^~~~~~~~~~~
D:/l4t/DKC3Recomp/generated/snesrecomp/bankb7_part5b6_v2.c: In function 'CODE_B7DB6C_M0X0':
D:/l4t/DKC3Recomp/generated/snesrecomp/bankb7_part5b6_v2.c:59:3: warning: label 'L_DB6C_M0X0' defined but not used [-Wunused-label]
   59 |   L_DB6C_M0X0:
      |   ^~~~~~~~~~~
D:/l4t/DKC3Recomp/generated/snesrecomp/bankb7_part5cc_v2.c: In function 'CODE_B7DCC3_M0X0':
D:/l4t/DKC3Recomp/generated/snesrecomp/bankb7_part5cc_v2.c:49:3: warning: label 'L_DCC3_M0X0' defined but not used [-Wunused-label]
   49 |   L_DCC3_M0X0:
      |   ^~~~~~~~~~~
D:/l4t/DKC3Recomp/generated/snesrecomp/bankb7_part5d0_v2.c: In function 'CODE_B7DD07_M0X0':
D:/l4t/DKC3Recomp/generated/snesrecomp/bankb7_part5d0_v2.c:50:3: warning: label 'L_DD07_M0X0' defined but not used [-Wunused-label]
   50 |   L_DD07_M0X0:
      |   ^~~~~~~~~~~
D:/l4t/DKC3Recomp/generated/snesrecomp/bankb7_part5d0_v2.c: In function 'CODE_B7DD0E_M0X0':
D:/l4t/DKC3Recomp/generated/snesrecomp/bankb7_part5d0_v2.c:197:3: warning: label 'L_DD0E_M0X0' defined but not used [-Wunused-label]
  197 |   L_DD0E_M0X0:
      |   ^~~~~~~~~~~
D:/l4t/DKC3Recomp/generated/snesrecomp/bankb7_part5d4_v2.c: In function 'CODE_B7DD4D_M0X0':
D:/l4t/DKC3Recomp/generated/snesrecomp/bankb7_part5d4_v2.c:49:3: warning: label 'L_DD4D_M0X0' defined but not used [-Wunused-label]
   49 |   L_DD4D_M0X0:
      |   ^~~~~~~~~~~
D:/l4t/DKC3Recomp/generated/snesrecomp/bankb7_part5d7_v2.c: In function 'CODE_B7DD7F_M0X0':
D:/l4t/DKC3Recomp/generated/snesrecomp/bankb7_part5d7_v2.c:49:3: warning: label 'L_DD7F_M0X0' defined but not used [-Wunused-label]
   49 |   L_DD7F_M0X0:
      |   ^~~~~~~~~~~
D:/l4t/DKC3Recomp/generated/snesrecomp/bankb7_part5db_v2.c: In function 'CODE_B7DDB9_M0X0':
D:/l4t/DKC3Recomp/generated/snesrecomp/bankb7_part5db_v2.c:49:3: warning: label 'L_DDB9_M0X0' defined but not used [-Wunused-label]
   49 |   L_DDB9_M0X0:
      |   ^~~~~~~~~~~
D:/l4t/DKC3Recomp/generated/snesrecomp/bankb7_part5e0_v2.c: In function 'CODE_B7DE0B_M0X0':
D:/l4t/DKC3Recomp/generated/snesrecomp/bankb7_part5e0_v2.c:51:3: warning: label 'L_DE0B_M0X0' defined but not used [-Wunused-label]
   51 |   L_DE0B_M0X0:
      |   ^~~~~~~~~~~
D:/l4t/DKC3Recomp/generated/snesrecomp/bankb7_part5f6_v2.c: In function 'CODE_B7DF69_M0X0':
D:/l4t/DKC3Recomp/generated/snesrecomp/bankb7_part5f6_v2.c:49:3: warning: label 'L_DF69_M0X0' defined but not used [-Wunused-label]
   49 |   L_DF69_M0X0:
      |   ^~~~~~~~~~~
D:/l4t/DKC3Recomp/generated/snesrecomp/bankb7_part5f8_v2.c: In function 'CODE_B7DF8A_M0X0':
D:/l4t/DKC3Recomp/generated/snesrecomp/bankb7_part5f8_v2.c:49:3: warning: label 'L_DF8A_M0X0' defined but not used [-Wunused-label]
   49 |   L_DF8A_M0X0:
      |   ^~~~~~~~~~~
D:/l4t/DKC3Recomp/generated/snesrecomp/bankb7_part5f_v2.c: In function 'CODE_B785FC_M0X0':
D:/l4t/DKC3Recomp/generated/snesrecomp/bankb7_part5f_v2.c:50:3: warning: label 'L_85FC_M0X0' defined but not used [-Wunused-label]
   50 |   L_85FC_M0X0:
      |   ^~~~~~~~~~~
D:/l4t/DKC3Recomp/generated/snesrecomp/bankb7_part603_v2.c: In function 'CODE_B7E032_M0X0':
D:/l4t/DKC3Recomp/generated/snesrecomp/bankb7_part603_v2.c:53:3: warning: label 'L_E032_M0X0' defined but not used [-Wunused-label]
   53 |   L_E032_M0X0:
      |   ^~~~~~~~~~~
D:/l4t/DKC3Recomp/generated/snesrecomp/bankb7_part60a_v2.c: In function 'CODE_B7E0AD_M0X0':
D:/l4t/DKC3Recomp/generated/snesrecomp/bankb7_part60a_v2.c:49:3: warning: label 'L_E0AD_M0X0' defined but not used [-Wunused-label]
   49 |   L_E0AD_M0X0:
      |   ^~~~~~~~~~~
D:/l4t/DKC3Recomp/generated/snesrecomp/bankb7_part60c_v2.c: In function 'CODE_B7E0CC_M0X0':
D:/l4t/DKC3Recomp/generated/snesrecomp/bankb7_part60c_v2.c:50:3: warning: label 'L_E0CC_M0X0' defined but not used [-Wunused-label]
   50 |   L_E0CC_M0X0:
      |   ^~~~~~~~~~~
D:/l4t/DKC3Recomp/generated/snesrecomp/bankb7_part60d_v2.c: In function 'CODE_B7E0D3_M0X0':
D:/l4t/DKC3Recomp/generated/snesrecomp/bankb7_part60d_v2.c:49:3: warning: label 'L_E0D3_M0X0' defined but not used [-Wunused-label]
   49 |   L_E0D3_M0X0:
      |   ^~~~~~~~~~~
D:/l4t/DKC3Recomp/generated/snesrecomp/bankb7_part60e_v2.c: In function 'CODE_B7E0ED_M0X0':
D:/l4t/DKC3Recomp/generated/snesrecomp/bankb7_part60e_v2.c:49:3: warning: label 'L_E0ED_M0X0' defined but not used [-Wunused-label]
   49 |   L_E0ED_M0X0:
      |   ^~~~~~~~~~~
D:/l4t/DKC3Recomp/generated/snesrecomp/bankb7_part610_v2.c: In function 'CODE_B7E109_M0X0':
D:/l4t/DKC3Recomp/generated/snesrecomp/bankb7_part610_v2.c:49:3: warning: label 'L_E109_M0X0' defined but not used [-Wunused-label]
   49 |   L_E109_M0X0:
      |   ^~~~~~~~~~~
D:/l4t/DKC3Recomp/generated/snesrecomp/bankb7_part613_v2.c: In function 'CODE_B7E13F_M0X0':
D:/l4t/DKC3Recomp/generated/snesrecomp/bankb7_part613_v2.c:52:3: warning: label 'L_E13F_M0X0' defined but not used [-Wunused-label]
   52 |   L_E13F_M0X0:
      |   ^~~~~~~~~~~
D:/l4t/DKC3Recomp/generated/snesrecomp/bankb7_part621_v2.c: In function 'CODE_B7E218_M0X0':
D:/l4t/DKC3Recomp/generated/snesrecomp/bankb7_part621_v2.c:49:3: warning: label 'L_E218_M0X0' defined but not used [-Wunused-label]
   49 |   L_E218_M0X0:
      |   ^~~~~~~~~~~
D:/l4t/DKC3Recomp/generated/snesrecomp/bankb7_part625_v2.c: In function 'CODE_B7E25E_M0X0':
D:/l4t/DKC3Recomp/generated/snesrecomp/bankb7_part625_v2.c:49:3: warning: label 'L_E25E_M0X0' defined but not used [-Wunused-label]
   49 |   L_E25E_M0X0:
      |   ^~~~~~~~~~~
D:/l4t/DKC3Recomp/generated/snesrecomp/bankb7_part633_v2.c: In function 'CODE_B7E336_M0X0':
D:/l4t/DKC3Recomp/generated/snesrecomp/bankb7_part633_v2.c:49:3: warning: label 'L_E336_M0X0' defined but not used [-Wunused-label]
   49 |   L_E336_M0X0:
      |   ^~~~~~~~~~~
D:/l4t/DKC3Recomp/generated/snesrecomp/bankb7_part646_v2.c: In function 'CODE_B7E46C_M0X0':
D:/l4t/DKC3Recomp/generated/snesrecomp/bankb7_part646_v2.c:49:3: warning: label 'L_E46C_M0X0' defined but not used [-Wunused-label]
   49 |   L_E46C_M0X0:
      |   ^~~~~~~~~~~
D:/l4t/DKC3Recomp/generated/snesrecomp/bankb7_part648_v2.c: In function 'CODE_B7E48C_M0X0':
D:/l4t/DKC3Recomp/generated/snesrecomp/bankb7_part648_v2.c:49:3: warning: label 'L_E48C_M0X0' defined but not used [-Wunused-label]
   49 |   L_E48C_M0X0:
      |   ^~~~~~~~~~~
D:/l4t/DKC3Recomp/generated/snesrecomp/bankb7_part649_v2.c: In function 'CODE_B7E49C_M0X0':
D:/l4t/DKC3Recomp/generated/snesrecomp/bankb7_part649_v2.c:54:3: warning: label 'L_E49C_M0X0' defined but not used [-Wunused-label]
   54 |   L_E49C_M0X0:
      |   ^~~~~~~~~~~
D:/l4t/DKC3Recomp/generated/snesrecomp/bankb7_part649_v2.c: In function 'CODE_B7E49F_M0X0':
D:/l4t/DKC3Recomp/generated/snesrecomp/bankb7_part649_v2.c:1879:3: warning: label 'L_E49F_M0X0' defined but not used [-Wunused-label]
 1879 |   L_E49F_M0X0:
      |   ^~~~~~~~~~~
D:/l4t/DKC3Recomp/generated/snesrecomp/bankb7_part64a_v2.c: In function 'CODE_B7E4A2_M0X0':
D:/l4t/DKC3Recomp/generated/snesrecomp/bankb7_part64a_v2.c:53:3: warning: label 'L_E4A2_M0X0' defined but not used [-Wunused-label]
   53 |   L_E4A2_M0X0:
      |   ^~~~~~~~~~~
D:/l4t/DKC3Recomp/generated/snesrecomp/bankb7_part64a_v2.c: In function 'CODE_B7E4A5_M0X0':
D:/l4t/DKC3Recomp/generated/snesrecomp/bankb7_part64a_v2.c:911:3: warning: label 'L_E4A5_M0X0' defined but not used [-Wunused-label]
  911 |   L_E4A5_M0X0:
      |   ^~~~~~~~~~~
D:/l4t/DKC3Recomp/generated/snesrecomp/bankb7_part64a_v2.c: In function 'CODE_B7E4A8_M0X0':
D:/l4t/DKC3Recomp/generated/snesrecomp/bankb7_part64a_v2.c:955:3: warning: label 'L_E4A8_M0X0' defined but not used [-Wunused-label]
  955 |   L_E4A8_M0X0:
      |   ^~~~~~~~~~~
D:/l4t/DKC3Recomp/generated/snesrecomp/bankb7_part678_v2.c: In function 'CODE_B7E783_M0X0':
D:/l4t/DKC3Recomp/generated/snesrecomp/bankb7_part678_v2.c:55:3: warning: label 'L_E783_M0X0' defined but not used [-Wunused-label]
   55 |   L_E783_M0X0:
      |   ^~~~~~~~~~~
D:/l4t/DKC3Recomp/generated/snesrecomp/bankb7_part678_v2.c: In function 'CODE_B7E784_M0X0':
D:/l4t/DKC3Recomp/generated/snesrecomp/bankb7_part678_v2.c:105:3: warning: label 'L_E784_M0X0' defined but not used [-Wunused-label]
  105 |   L_E784_M0X0:
      |   ^~~~~~~~~~~
D:/l4t/DKC3Recomp/generated/snesrecomp/bankb7_part678_v2.c: In function 'CODE_B7E785_M0X0':
D:/l4t/DKC3Recomp/generated/snesrecomp/bankb7_part678_v2.c:155:3: warning: label 'L_E785_M0X0' defined but not used [-Wunused-label]
  155 |   L_E785_M0X0:
      |   ^~~~~~~~~~~
D:/l4t/DKC3Recomp/generated/snesrecomp/bankb7_part678_v2.c: In function 'CODE_B7E786_M0X0':
D:/l4t/DKC3Recomp/generated/snesrecomp/bankb7_part678_v2.c:205:3: warning: label 'L_E786_M0X0' defined but not used [-Wunused-label]
  205 |   L_E786_M0X0:
      |   ^~~~~~~~~~~
D:/l4t/DKC3Recomp/generated/snesrecomp/bankb7_part678_v2.c: In function 'CODE_B7E787_M0X0':
D:/l4t/DKC3Recomp/generated/snesrecomp/bankb7_part678_v2.c:255:3: warning: label 'L_E787_M0X0' defined but not used [-Wunused-label]
  255 |   L_E787_M0X0:
      |   ^~~~~~~~~~~
D:/l4t/DKC3Recomp/generated/snesrecomp/bankb7_part678_v2.c: In function 'CODE_B7E788_M0X0':
D:/l4t/DKC3Recomp/generated/snesrecomp/bankb7_part678_v2.c:305:3: warning: label 'L_E788_M0X0' defined but not used [-Wunused-label]
  305 |   L_E788_M0X0:
      |   ^~~~~~~~~~~
D:/l4t/DKC3Recomp/generated/snesrecomp/bankb7_part678_v2.c: In function 'CODE_B7E789_M0X0':
D:/l4t/DKC3Recomp/generated/snesrecomp/bankb7_part678_v2.c:404:3: warning: label 'L_E789_M0X0' defined but not used [-Wunused-label]
  404 |   L_E789_M0X0:
      |   ^~~~~~~~~~~
D:/l4t/DKC3Recomp/generated/snesrecomp/bankb7_part686_v2.c: In function 'CODE_B7E864_M0X0':
D:/l4t/DKC3Recomp/generated/snesrecomp/bankb7_part686_v2.c:51:3: warning: label 'L_E864_M0X0' defined but not used [-Wunused-label]
   51 |   L_E864_M0X0:
      |   ^~~~~~~~~~~
D:/l4t/DKC3Recomp/generated/snesrecomp/bankb7_part68e_v2.c: In function 'CODE_B7E8E0_M0X0':
D:/l4t/DKC3Recomp/generated/snesrecomp/bankb7_part68e_v2.c:52:3: warning: label 'L_E8E0_M0X0' defined but not used [-Wunused-label]
   52 |   L_E8E0_M0X0:
      |   ^~~~~~~~~~~
D:/l4t/DKC3Recomp/generated/snesrecomp/bankb7_part698_v2.c: In function 'CODE_B7E981_M0X0':
D:/l4t/DKC3Recomp/generated/snesrecomp/bankb7_part698_v2.c:50:3: warning: label 'L_E981_M0X0' defined but not used [-Wunused-label]
   50 |   L_E981_M0X0:
      |   ^~~~~~~~~~~
D:/l4t/DKC3Recomp/generated/snesrecomp/bankb7_part6b0_v2.c: In function 'CODE_B7EB08_M0X0':
D:/l4t/DKC3Recomp/generated/snesrecomp/bankb7_part6b0_v2.c:50:3: warning: label 'L_EB08_M0X0' defined but not used [-Wunused-label]
   50 |   L_EB08_M0X0:
      |   ^~~~~~~~~~~
D:/l4t/DKC3Recomp/generated/snesrecomp/bankb7_part6b4_v2.c: In function 'CODE_B7EB49_M0X0':
D:/l4t/DKC3Recomp/generated/snesrecomp/bankb7_part6b4_v2.c:49:3: warning: label 'L_EB49_M0X0' defined but not used [-Wunused-label]
   49 |   L_EB49_M0X0:
      |   ^~~~~~~~~~~
D:/l4t/DKC3Recomp/generated/snesrecomp/bankb7_part6b6_v2.c: In function 'CODE_B7EB69_M0X0':
D:/l4t/DKC3Recomp/generated/snesrecomp/bankb7_part6b6_v2.c:50:3: warning: label 'L_EB69_M0X0' defined but not used [-Wunused-label]
   50 |   L_EB69_M0X0:
      |   ^~~~~~~~~~~
D:/l4t/DKC3Recomp/generated/snesrecomp/bankb7_part6b9_v2.c: In function 'CODE_B7EB9A_M0X0':
D:/l4t/DKC3Recomp/generated/snesrecomp/bankb7_part6b9_v2.c:51:3: warning: label 'L_EB9A_M0X0' defined but not used [-Wunused-label]
   51 |   L_EB9A_M0X0:
      |   ^~~~~~~~~~~
D:/l4t/DKC3Recomp/generated/snesrecomp/bankb7_part6c8_v2.c: In function 'CODE_B7EC80_M0X0':
D:/l4t/DKC3Recomp/generated/snesrecomp/bankb7_part6c8_v2.c:51:3: warning: label 'L_EC80_M0X0' defined but not used [-Wunused-label]
   51 |   L_EC80_M0X0:
      |   ^~~~~~~~~~~
D:/l4t/DKC3Recomp/generated/snesrecomp/bankb7_part6c8_v2.c: In function 'CODE_B7EC80_M0X1':
D:/l4t/DKC3Recomp/generated/snesrecomp/bankb7_part6c8_v2.c:899:3: warning: label 'L_EC80_M0X1' defined but not used [-Wunused-label]
  899 |   L_EC80_M0X1:
      |   ^~~~~~~~~~~
D:/l4t/DKC3Recomp/generated/snesrecomp/bankb7_part6dd_v2.c: In function 'CODE_B7EDDA_M0X0':
D:/l4t/DKC3Recomp/generated/snesrecomp/bankb7_part6dd_v2.c:49:3: warning: label 'L_EDDA_M0X0' defined but not used [-Wunused-label]
   49 |   L_EDDA_M0X0:
      |   ^~~~~~~~~~~
D:/l4t/DKC3Recomp/generated/snesrecomp/bankb7_part73c_v2.c: In function 'CODE_B7F3C5_M0X0':
D:/l4t/DKC3Recomp/generated/snesrecomp/bankb7_part73c_v2.c:56:3: warning: label 'L_F3C5_M0X0' defined but not used [-Wunused-label]
   56 |   L_F3C5_M0X0:
      |   ^~~~~~~~~~~
D:/l4t/DKC3Recomp/generated/snesrecomp/bankb7_part741_v2.c: In function 'CODE_B7F415_M0X0':
D:/l4t/DKC3Recomp/generated/snesrecomp/bankb7_part741_v2.c:52:3: warning: label 'L_F415_M0X0' defined but not used [-Wunused-label]
   52 |   L_F415_M0X0:
      |   ^~~~~~~~~~~
D:/l4t/DKC3Recomp/generated/snesrecomp/bankb7_part7e_v2.c: In function 'CODE_B787E3_M0X0':
D:/l4t/DKC3Recomp/generated/snesrecomp/bankb7_part7e_v2.c:49:3: warning: label 'L_87E3_M0X0' defined but not used [-Wunused-label]
   49 |   L_87E3_M0X0:
      |   ^~~~~~~~~~~
D:/l4t/DKC3Recomp/generated/snesrecomp/bankb7_part85_v2.c: In function 'CODE_B78857_M0X0':
D:/l4t/DKC3Recomp/generated/snesrecomp/bankb7_part85_v2.c:69:3: warning: label 'L_8857_M0X0' defined but not used [-Wunused-label]
   69 |   L_8857_M0X0:
      |   ^~~~~~~~~~~
D:/l4t/DKC3Recomp/generated/snesrecomp/bankb7_part9e_v2.c: In function 'CODE_B789EE_M0X0':
D:/l4t/DKC3Recomp/generated/snesrecomp/bankb7_part9e_v2.c:68:3: warning: label 'L_89EE_M0X0' defined but not used [-Wunused-label]
   68 |   L_89EE_M0X0:
      |   ^~~~~~~~~~~
D:/l4t/DKC3Recomp/generated/snesrecomp/bankb7_parta0_v2.c: In function 'CODE_B78A00_M0X0':
D:/l4t/DKC3Recomp/generated/snesrecomp/bankb7_parta0_v2.c:68:3: warning: label 'L_8A00_M0X0' defined but not used [-Wunused-label]
   68 |   L_8A00_M0X0:
      |   ^~~~~~~~~~~
D:/l4t/DKC3Recomp/generated/snesrecomp/bankb7_parta4_v2.c: In function 'CODE_B78A47_M0X0':
D:/l4t/DKC3Recomp/generated/snesrecomp/bankb7_parta4_v2.c:76:3: warning: label 'L_8A47_M0X0' defined but not used [-Wunused-label]
   76 |   L_8A47_M0X0:
      |   ^~~~~~~~~~~
D:/l4t/DKC3Recomp/generated/snesrecomp/bankb7_partb5_v2.c: In function 'CODE_B78B52_M0X0':
D:/l4t/DKC3Recomp/generated/snesrecomp/bankb7_partb5_v2.c:69:3: warning: label 'L_8B52_M0X0' defined but not used [-Wunused-label]
   69 |   L_8B52_M0X0:
      |   ^~~~~~~~~~~
D:/l4t/DKC3Recomp/generated/snesrecomp/bankb7_partbd_v2.c: In function 'CODE_B78BD0_M0X0':
D:/l4t/DKC3Recomp/generated/snesrecomp/bankb7_partbd_v2.c:72:3: warning: label 'L_8BD0_M0X0' defined but not used [-Wunused-label]
   72 |   L_8BD0_M0X0:
      |   ^~~~~~~~~~~
D:/l4t/DKC3Recomp/generated/snesrecomp/bankb7_partbd_v2.c: In function 'CODE_B78BDD_M0X0':
D:/l4t/DKC3Recomp/generated/snesrecomp/bankb7_partbd_v2.c:2769:3: warning: label 'L_8BDD_M0X0' defined but not used [-Wunused-label]
 2769 |   L_8BDD_M0X0:
      |   ^~~~~~~~~~~
D:/l4t/DKC3Recomp/generated/snesrecomp/bankb7_partbf_v2.c: In function 'CODE_B78BFB_M0X0':
D:/l4t/DKC3Recomp/generated/snesrecomp/bankb7_partbf_v2.c:50:3: warning: label 'L_8BFB_M0X0' defined but not used [-Wunused-label]
   50 |   L_8BFB_M0X0:
      |   ^~~~~~~~~~~
D:/l4t/DKC3Recomp/generated/snesrecomp/bankb7_partc4_v2.c: In function 'CODE_B78C4A_M0X0':
D:/l4t/DKC3Recomp/generated/snesrecomp/bankb7_partc4_v2.c:50:3: warning: label 'L_8C4A_M0X0' defined but not used [-Wunused-label]
   50 |   L_8C4A_M0X0:
      |   ^~~~~~~~~~~
D:/l4t/DKC3Recomp/generated/snesrecomp/bankb7_partc6_v2.c: In function 'CODE_B78C66_M0X0':
D:/l4t/DKC3Recomp/generated/snesrecomp/bankb7_partc6_v2.c:50:3: warning: label 'L_8C66_M0X0' defined but not used [-Wunused-label]
   50 |   L_8C66_M0X0:
      |   ^~~~~~~~~~~
D:/l4t/DKC3Recomp/generated/snesrecomp/bankb7_partcd_v2.c: In function 'CODE_B78CDD_M0X0':
D:/l4t/DKC3Recomp/generated/snesrecomp/bankb7_partcd_v2.c:50:3: warning: label 'L_8CDD_M0X0' defined but not used [-Wunused-label]
   50 |   L_8CDD_M0X0:
      |   ^~~~~~~~~~~
D:/l4t/DKC3Recomp/generated/snesrecomp/bankb7_partd1_v2.c: In function 'CODE_B78D1E_M0X0':
D:/l4t/DKC3Recomp/generated/snesrecomp/bankb7_partd1_v2.c:70:3: warning: label 'L_8D1E_M0X0' defined but not used [-Wunused-label]
   70 |   L_8D1E_M0X0:
      |   ^~~~~~~~~~~
D:/l4t/DKC3Recomp/generated/snesrecomp/bankb7_partd2_v2.c: In function 'CODE_B78D28_M0X0':
D:/l4t/DKC3Recomp/generated/snesrecomp/bankb7_partd2_v2.c:50:3: warning: label 'L_8D28_M0X0' defined but not used [-Wunused-label]
   50 |   L_8D28_M0X0:
      |   ^~~~~~~~~~~
D:/l4t/DKC3Recomp/generated/snesrecomp/bankb7_partd4_v2.c: In function 'CODE_B78D4C_M0X0':
D:/l4t/DKC3Recomp/generated/snesrecomp/bankb7_partd4_v2.c:50:3: warning: label 'L_8D4C_M0X0' defined but not used [-Wunused-label]
   50 |   L_8D4C_M0X0:
      |   ^~~~~~~~~~~
D:/l4t/DKC3Recomp/generated/snesrecomp/bankb7_partdb_v2.c: In function 'CODE_B78DBB_M0X0':
D:/l4t/DKC3Recomp/generated/snesrecomp/bankb7_partdb_v2.c:50:3: warning: label 'L_8DBB_M0X0' defined but not used [-Wunused-label]
   50 |   L_8DBB_M0X0:
      |   ^~~~~~~~~~~
D:/l4t/DKC3Recomp/generated/snesrecomp/bankb7_partdf_v2.c: In function 'CODE_B78DFC_M0X0':
D:/l4t/DKC3Recomp/generated/snesrecomp/bankb7_partdf_v2.c:69:3: warning: label 'L_8DFC_M0X0' defined but not used [-Wunused-label]
   69 |   L_8DFC_M0X0:
      |   ^~~~~~~~~~~
D:/l4t/DKC3Recomp/generated/snesrecomp/bankb7_parte5_v2.c: In function 'CODE_B78E5A_M0X0':
D:/l4t/DKC3Recomp/generated/snesrecomp/bankb7_parte5_v2.c:76:3: warning: label 'L_8E5A_M0X0' defined but not used [-Wunused-label]
   76 |   L_8E5A_M0X0:
      |   ^~~~~~~~~~~
D:/l4t/DKC3Recomp/generated/snesrecomp/bankb7_partf6_v2.c: In function 'CODE_B78F65_M0X0':
D:/l4t/DKC3Recomp/generated/snesrecomp/bankb7_partf6_v2.c:69:3: warning: label 'L_8F65_M0X0' defined but not used [-Wunused-label]
   69 |   L_8F65_M0X0:
      |   ^~~~~~~~~~~
D:/l4t/DKC3Recomp/generated/snesrecomp/bankb7_partfb_v2.c: In function 'CODE_B78FBE_M0X0':
D:/l4t/DKC3Recomp/generated/snesrecomp/bankb7_partfb_v2.c:69:3: warning: label 'L_8FBE_M0X0' defined but not used [-Wunused-label]
   69 |   L_8FBE_M0X0:
      |   ^~~~~~~~~~~
D:/l4t/DKC3Recomp/generated/snesrecomp/bankb8_part05_v2.c: In function 'CODE_B8805A_M0X0':
D:/l4t/DKC3Recomp/generated/snesrecomp/bankb8_part05_v2.c:50:3: warning: label 'L_805A_M0X0' defined but not used [-Wunused-label]
   50 |   L_805A_M0X0:
      |   ^~~~~~~~~~~
D:/l4t/DKC3Recomp/generated/snesrecomp/bankb8_part06_v2.c: In function 'CODE_B88060_M0X0':
D:/l4t/DKC3Recomp/generated/snesrecomp/bankb8_part06_v2.c:59:3: warning: label 'L_8060_M0X0' defined but not used [-Wunused-label]
   59 |   L_8060_M0X0:
      |   ^~~~~~~~~~~
D:/l4t/DKC3Recomp/generated/snesrecomp/bankb8_part06_v2.c: In function 'CODE_B88069_M0X0':
D:/l4t/DKC3Recomp/generated/snesrecomp/bankb8_part06_v2.c:103:3: warning: label 'L_8069_M0X0' defined but not used [-Wunused-label]
  103 |   L_8069_M0X0:
      |   ^~~~~~~~~~~
D:/l4t/DKC3Recomp/generated/snesrecomp/bankb8_part06_v2.c: In function 'process_player_interactions_M0X0':
D:/l4t/DKC3Recomp/generated/snesrecomp/bankb8_part06_v2.c:147:3: warning: label 'L_806C_M0X0' defined but not used [-Wunused-label]
  147 |   L_806C_M0X0:
      |   ^~~~~~~~~~~
D:/l4t/DKC3Recomp/generated/snesrecomp/bankb8_part07_v2.c: In function 'CODE_B88075_M0X0':
D:/l4t/DKC3Recomp/generated/snesrecomp/bankb8_part07_v2.c:56:3: warning: label 'L_8075_M0X0' defined but not used [-Wunused-label]
   56 |   L_8075_M0X0:
      |   ^~~~~~~~~~~
D:/l4t/DKC3Recomp/generated/snesrecomp/bankb8_part07_v2.c: In function 'CODE_B88078_M0X0':
D:/l4t/DKC3Recomp/generated/snesrecomp/bankb8_part07_v2.c:100:3: warning: label 'L_8078_M0X0' defined but not used [-Wunused-label]
  100 |   L_8078_M0X0:
      |   ^~~~~~~~~~~
D:/l4t/DKC3Recomp/generated/snesrecomp/bankb8_part07_v2.c: In function 'CODE_B8807B_M0X0':
D:/l4t/DKC3Recomp/generated/snesrecomp/bankb8_part07_v2.c:144:3: warning: label 'L_807B_M0X0' defined but not used [-Wunused-label]
  144 |   L_807B_M0X0:
      |   ^~~~~~~~~~~
D:/l4t/DKC3Recomp/generated/snesrecomp/bankb8_part07_v2.c: In function 'CODE_B8807E_M0X0':
D:/l4t/DKC3Recomp/generated/snesrecomp/bankb8_part07_v2.c:188:3: warning: label 'L_807E_M0X0' defined but not used [-Wunused-label]
  188 |   L_807E_M0X0:
      |   ^~~~~~~~~~~
D:/l4t/DKC3Recomp/generated/snesrecomp/bankb8_part08_v2.c: In function 'CODE_B88081_M0X0':
D:/l4t/DKC3Recomp/generated/snesrecomp/bankb8_part08_v2.c:53:3: warning: label 'L_8081_M0X0' defined but not used [-Wunused-label]
   53 |   L_8081_M0X0:
      |   ^~~~~~~~~~~
D:/l4t/DKC3Recomp/generated/snesrecomp/bankb8_part08_v2.c: In function 'CODE_B88084_M0X0':
D:/l4t/DKC3Recomp/generated/snesrecomp/bankb8_part08_v2.c:229:3: warning: label 'L_8084_M0X0' defined but not used [-Wunused-label]
  229 |   L_8084_M0X0:
      |   ^~~~~~~~~~~
D:/l4t/DKC3Recomp/generated/snesrecomp/bankb8_part08_v2.c: In function 'CODE_B88087_M0X0':
D:/l4t/DKC3Recomp/generated/snesrecomp/bankb8_part08_v2.c:455:3: warning: label 'L_8087_M0X0' defined but not used [-Wunused-label]
  455 |   L_8087_M0X0:
      |   ^~~~~~~~~~~
D:/l4t/DKC3Recomp/generated/snesrecomp/bankb8_part08_v2.c: In function 'CODE_B8808A_M0X0':
D:/l4t/DKC3Recomp/generated/snesrecomp/bankb8_part08_v2.c:610:3: warning: label 'L_808A_M0X0' defined but not used [-Wunused-label]
  610 |   L_808A_M0X0:
      |   ^~~~~~~~~~~
D:/l4t/DKC3Recomp/generated/snesrecomp/bankb8_part09_v2.c: In function 'CODE_B88090_M0X0':
D:/l4t/DKC3Recomp/generated/snesrecomp/bankb8_part09_v2.c:58:3: warning: label 'L_8090_M0X0' defined but not used [-Wunused-label]
   58 |   L_8090_M0X0:
      |   ^~~~~~~~~~~
D:/l4t/DKC3Recomp/generated/snesrecomp/bankb8_part09_v2.c: In function 'CODE_B88093_M0X0':
D:/l4t/DKC3Recomp/generated/snesrecomp/bankb8_part09_v2.c:102:3: warning: label 'L_8093_M0X0' defined but not used [-Wunused-label]
  102 |   L_8093_M0X0:
      |   ^~~~~~~~~~~
D:/l4t/DKC3Recomp/generated/snesrecomp/bankb8_part09_v2.c: In function 'CODE_B88096_M0X0':
D:/l4t/DKC3Recomp/generated/snesrecomp/bankb8_part09_v2.c:244:3: warning: label 'L_8096_M0X0' defined but not used [-Wunused-label]
  244 |   L_8096_M0X0:
      |   ^~~~~~~~~~~
D:/l4t/DKC3Recomp/generated/snesrecomp/bankb8_part09_v2.c: In function 'CODE_B88099_M0X0':
D:/l4t/DKC3Recomp/generated/snesrecomp/bankb8_part09_v2.c:288:3: warning: label 'L_8099_M0X0' defined but not used [-Wunused-label]
  288 |   L_8099_M0X0:
      |   ^~~~~~~~~~~
D:/l4t/DKC3Recomp/generated/snesrecomp/bankb8_part09_v2.c: In function 'CODE_B8809F_M0X0':
D:/l4t/DKC3Recomp/generated/snesrecomp/bankb8_part09_v2.c:332:3: warning: label 'L_809F_M0X0' defined but not used [-Wunused-label]
  332 |   L_809F_M0X0:
      |   ^~~~~~~~~~~
D:/l4t/DKC3Recomp/generated/snesrecomp/bankb8_part0a_v2.c: In function 'CODE_B880A2_M0X0':
D:/l4t/DKC3Recomp/generated/snesrecomp/bankb8_part0a_v2.c:57:3: warning: label 'L_80A2_M0X0' defined but not used [-Wunused-label]
   57 |   L_80A2_M0X0:
      |   ^~~~~~~~~~~
D:/l4t/DKC3Recomp/generated/snesrecomp/bankb8_part0a_v2.c: In function 'CODE_B880A5_M0X0':
D:/l4t/DKC3Recomp/generated/snesrecomp/bankb8_part0a_v2.c:101:3: warning: label 'L_80A5_M0X0' defined but not used [-Wunused-label]
  101 |   L_80A5_M0X0:
      |   ^~~~~~~~~~~
D:/l4t/DKC3Recomp/generated/snesrecomp/bankb8_part0a_v2.c: In function 'CODE_B880A8_M0X0':
D:/l4t/DKC3Recomp/generated/snesrecomp/bankb8_part0a_v2.c:354:3: warning: label 'L_80A8_M0X0' defined but not used [-Wunused-label]
  354 |   L_80A8_M0X0:
      |   ^~~~~~~~~~~
D:/l4t/DKC3Recomp/generated/snesrecomp/bankb8_part0a_v2.c: In function 'CODE_B880AB_M0X0':
D:/l4t/DKC3Recomp/generated/snesrecomp/bankb8_part0a_v2.c:398:3: warning: label 'L_80AB_M0X0' defined but not used [-Wunused-label]
  398 |   L_80AB_M0X0:
      |   ^~~~~~~~~~~
D:/l4t/DKC3Recomp/generated/snesrecomp/bankb8_part0a_v2.c: In function 'CODE_B880AE_M0X0':
D:/l4t/DKC3Recomp/generated/snesrecomp/bankb8_part0a_v2.c:674:3: warning: label 'L_80AE_M0X0' defined but not used [-Wunused-label]
  674 |   L_80AE_M0X0:
      |   ^~~~~~~~~~~
D:/l4t/DKC3Recomp/generated/snesrecomp/bankb8_part0b_v2.c: In function 'CODE_B880B4_M0X0':
D:/l4t/DKC3Recomp/generated/snesrecomp/bankb8_part0b_v2.c:50:3: warning: label 'L_80B4_M0X0' defined but not used [-Wunused-label]
   50 |   L_80B4_M0X0:
      |   ^~~~~~~~~~~
D:/l4t/DKC3Recomp/generated/snesrecomp/bankb8_part0b_v2.c: In function 'CODE_B880B7_M0X0':
D:/l4t/DKC3Recomp/generated/snesrecomp/bankb8_part0b_v2.c:212:3: warning: label 'L_80B7_M0X0' defined but not used [-Wunused-label]
  212 |   L_80B7_M0X0:
      |   ^~~~~~~~~~~
D:/l4t/DKC3Recomp/generated/snesrecomp/bankb8_part0f_v2.c: In function 'CODE_B880F1_M0X0':
D:/l4t/DKC3Recomp/generated/snesrecomp/bankb8_part0f_v2.c:49:3: warning: label 'L_80F1_M0X0' defined but not used [-Wunused-label]
   49 |   L_80F1_M0X0:
      |   ^~~~~~~~~~~
D:/l4t/DKC3Recomp/generated/snesrecomp/bankb8_part107_v2.c: In function 'CODE_B89071_M0X0':
D:/l4t/DKC3Recomp/generated/snesrecomp/bankb8_part107_v2.c:49:3: warning: label 'L_9071_M0X0' defined but not used [-Wunused-label]
   49 |   L_9071_M0X0:
      |   ^~~~~~~~~~~
D:/l4t/DKC3Recomp/generated/snesrecomp/bankb8_part109_v2.c: In function 'player_interaction_11_M0X0':
D:/l4t/DKC3Recomp/generated/snesrecomp/bankb8_part109_v2.c:52:3: warning: label 'L_909A_M0X0' defined but not used [-Wunused-label]
   52 |   L_909A_M0X0:
      |   ^~~~~~~~~~~
D:/l4t/DKC3Recomp/generated/snesrecomp/bankb8_part10_v2.c: In function 'CODE_B8810B_M0X0':
D:/l4t/DKC3Recomp/generated/snesrecomp/bankb8_part10_v2.c:51:3: warning: label 'L_810B_M0X0' defined but not used [-Wunused-label]
   51 |   L_810B_M0X0:
      |   ^~~~~~~~~~~
D:/l4t/DKC3Recomp/generated/snesrecomp/bankb8_part125_v2.c: In function 'player_interaction_0F_M0X0':
D:/l4t/DKC3Recomp/generated/snesrecomp/bankb8_part125_v2.c:50:3: warning: label 'L_9256_M0X0' defined but not used [-Wunused-label]
   50 |   L_9256_M0X0:
      |   ^~~~~~~~~~~
D:/l4t/DKC3Recomp/generated/snesrecomp/bankb8_part142_v2.c: In function 'CODE_B89422_M0X0':
D:/l4t/DKC3Recomp/generated/snesrecomp/bankb8_part142_v2.c:50:3: warning: label 'L_9422_M0X0' defined but not used [-Wunused-label]
   50 |   L_9422_M0X0:
      |   ^~~~~~~~~~~
D:/l4t/DKC3Recomp/generated/snesrecomp/bankb8_part15e_v2.c: In function 'CODE_B895E0_M0X0':
D:/l4t/DKC3Recomp/generated/snesrecomp/bankb8_part15e_v2.c:49:3: warning: label 'L_95E0_M0X0' defined but not used [-Wunused-label]
   49 |   L_95E0_M0X0:
      |   ^~~~~~~~~~~
D:/l4t/DKC3Recomp/generated/snesrecomp/bankb8_part18a_v2.c: In function 'CODE_B898AB_M0X0':
D:/l4t/DKC3Recomp/generated/snesrecomp/bankb8_part18a_v2.c:51:3: warning: label 'L_98AB_M0X0' defined but not used [-Wunused-label]
   51 |   L_98AB_M0X0:
      |   ^~~~~~~~~~~
D:/l4t/DKC3Recomp/generated/snesrecomp/bankb8_part1a1_v2.c: In function 'CODE_B89A13_M0X0':
D:/l4t/DKC3Recomp/generated/snesrecomp/bankb8_part1a1_v2.c:49:3: warning: label 'L_9A13_M0X0' defined but not used [-Wunused-label]
   49 |   L_9A13_M0X0:
      |   ^~~~~~~~~~~
D:/l4t/DKC3Recomp/generated/snesrecomp/bankb8_part1c2_v2.c: In function 'CODE_B89C2C_M0X0':
D:/l4t/DKC3Recomp/generated/snesrecomp/bankb8_part1c2_v2.c:49:3: warning: label 'L_9C2C_M0X0' defined but not used [-Wunused-label]
   49 |   L_9C2C_M0X0:
      |   ^~~~~~~~~~~
D:/l4t/DKC3Recomp/generated/snesrecomp/bankb8_part1c3_v2.c: In function 'CODE_B89C37_M0X0':
D:/l4t/DKC3Recomp/generated/snesrecomp/bankb8_part1c3_v2.c:51:3: warning: label 'L_9C37_M0X0' defined but not used [-Wunused-label]
   51 |   L_9C37_M0X0:
      |   ^~~~~~~~~~~
D:/l4t/DKC3Recomp/generated/snesrecomp/bankb8_part1c3_v2.c: In function 'CODE_B89C3C_M0X0':
D:/l4t/DKC3Recomp/generated/snesrecomp/bankb8_part1c3_v2.c:102:3: warning: label 'L_9C3C_M0X0' defined but not used [-Wunused-label]
  102 |   L_9C3C_M0X0:
      |   ^~~~~~~~~~~
D:/l4t/DKC3Recomp/generated/snesrecomp/bankb8_part1c4_v2.c: In function 'CODE_B89C4C_M0X0':
D:/l4t/DKC3Recomp/generated/snesrecomp/bankb8_part1c4_v2.c:49:3: warning: label 'L_9C4C_M0X0' defined but not used [-Wunused-label]
   49 |   L_9C4C_M0X0:
      |   ^~~~~~~~~~~
D:/l4t/DKC3Recomp/generated/snesrecomp/bankb8_part1c5_v2.c: In function 'CODE_B89C5C_M0X0':
D:/l4t/DKC3Recomp/generated/snesrecomp/bankb8_part1c5_v2.c:50:3: warning: label 'L_9C5C_M0X0' defined but not used [-Wunused-label]
   50 |   L_9C5C_M0X0:
      |   ^~~~~~~~~~~
D:/l4t/DKC3Recomp/generated/snesrecomp/bankb8_part1c6_v2.c: In function 'CODE_B89C62_M0X0':
D:/l4t/DKC3Recomp/generated/snesrecomp/bankb8_part1c6_v2.c:50:3: warning: label 'L_9C62_M0X0' defined but not used [-Wunused-label]
   50 |   L_9C62_M0X0:
      |   ^~~~~~~~~~~
D:/l4t/DKC3Recomp/generated/snesrecomp/bankb8_part1e8_v2.c: In function 'CODE_B89E83_M0X0':
D:/l4t/DKC3Recomp/generated/snesrecomp/bankb8_part1e8_v2.c:49:3: warning: label 'L_9E83_M0X0' defined but not used [-Wunused-label]
   49 |   L_9E83_M0X0:
      |   ^~~~~~~~~~~
D:/l4t/DKC3Recomp/generated/snesrecomp/bankb8_part1ea_v2.c: In function 'CODE_B89EAC_M0X0':
D:/l4t/DKC3Recomp/generated/snesrecomp/bankb8_part1ea_v2.c:50:3: warning: label 'L_9EAC_M0X0' defined but not used [-Wunused-label]
   50 |   L_9EAC_M0X0:
      |   ^~~~~~~~~~~
D:/l4t/DKC3Recomp/generated/snesrecomp/bankb8_part1eb_v2.c: In function 'CODE_B89EBE_M0X0':
D:/l4t/DKC3Recomp/generated/snesrecomp/bankb8_part1eb_v2.c:49:3: warning: label 'L_9EBE_M0X0' defined but not used [-Wunused-label]
   49 |   L_9EBE_M0X0:
      |   ^~~~~~~~~~~
D:/l4t/DKC3Recomp/generated/snesrecomp/bankb8_part1f1_v2.c: In function 'CODE_B89F1E_M0X0':
D:/l4t/DKC3Recomp/generated/snesrecomp/bankb8_part1f1_v2.c:50:3: warning: label 'L_9F1E_M0X0' defined but not used [-Wunused-label]
   50 |   L_9F1E_M0X0:
      |   ^~~~~~~~~~~
D:/l4t/DKC3Recomp/generated/snesrecomp/bankb8_part1f2_v2.c: In function 'CODE_B89F20_M0X0':
D:/l4t/DKC3Recomp/generated/snesrecomp/bankb8_part1f2_v2.c:50:3: warning: label 'L_9F20_M0X0' defined but not used [-Wunused-label]
   50 |   L_9F20_M0X0:
      |   ^~~~~~~~~~~
D:/l4t/DKC3Recomp/generated/snesrecomp/bankb8_part1f2_v2.c: In function 'dixie_kong_main_M0X0':
D:/l4t/DKC3Recomp/generated/snesrecomp/bankb8_part1f2_v2.c:166:3: warning: label 'L_9F2C_M0X0' defined but not used [-Wunused-label]
  166 |   L_9F2C_M0X0:
      |   ^~~~~~~~~~~
D:/l4t/DKC3Recomp/generated/snesrecomp/bankb8_part1f3_v2.c: In function 'kiddy_kong_main_M0X0':
D:/l4t/DKC3Recomp/generated/snesrecomp/bankb8_part1f3_v2.c:49:3: warning: label 'L_9F34_M0X0' defined but not used [-Wunused-label]
   49 |   L_9F34_M0X0:
      |   ^~~~~~~~~~~
D:/l4t/DKC3Recomp/generated/snesrecomp/bankb8_part1fa_v2.c: In function 'CODE_B89FAE_M0X0':
D:/l4t/DKC3Recomp/generated/snesrecomp/bankb8_part1fa_v2.c:51:3: warning: label 'L_9FAE_M0X0' defined but not used [-Wunused-label]
   51 |   L_9FAE_M0X0:
      |   ^~~~~~~~~~~
D:/l4t/DKC3Recomp/generated/snesrecomp/bankb8_part1fb_v2.c: In function 'CODE_B89FB1_M0X0':
D:/l4t/DKC3Recomp/generated/snesrecomp/bankb8_part1fb_v2.c:53:3: warning: label 'L_9FB1_M0X0' defined but not used [-Wunused-label]
   53 |   L_9FB1_M0X0:
      |   ^~~~~~~~~~~
D:/l4t/DKC3Recomp/generated/snesrecomp/bankb8_part1fb_v2.c: In function 'CODE_B89FB4_M0X0':
D:/l4t/DKC3Recomp/generated/snesrecomp/bankb8_part1fb_v2.c:117:3: warning: label 'L_9FB4_M0X0' defined but not used [-Wunused-label]
  117 |   L_9FB4_M0X0:
      |   ^~~~~~~~~~~
D:/l4t/DKC3Recomp/generated/snesrecomp/bankb8_part1fc_v2.c: In function 'CODE_B89FC6_M0X0':
D:/l4t/DKC3Recomp/generated/snesrecomp/bankb8_part1fc_v2.c:50:3: warning: label 'L_9FC6_M0X0' defined but not used [-Wunused-label]
   50 |   L_9FC6_M0X0:
      |   ^~~~~~~~~~~
D:/l4t/DKC3Recomp/generated/snesrecomp/bankb8_part203_v2.c: In function 'CODE_B8A035_M0X0':
D:/l4t/DKC3Recomp/generated/snesrecomp/bankb8_part203_v2.c:49:3: warning: label 'L_A035_M0X0' defined but not used [-Wunused-label]
   49 |   L_A035_M0X0:
      |   ^~~~~~~~~~~
D:/l4t/DKC3Recomp/generated/snesrecomp/bankb8_part204_v2.c: In function 'CODE_B8A04C_M0X0':
D:/l4t/DKC3Recomp/generated/snesrecomp/bankb8_part204_v2.c:50:3: warning: label 'L_A04C_M0X0' defined but not used [-Wunused-label]
   50 |   L_A04C_M0X0:
      |   ^~~~~~~~~~~
D:/l4t/DKC3Recomp/generated/snesrecomp/bankb8_part20a_v2.c: In function 'CODE_B8A0A7_M0X0':
D:/l4t/DKC3Recomp/generated/snesrecomp/bankb8_part20a_v2.c:49:3: warning: label 'L_A0A7_M0X0' defined but not used [-Wunused-label]
   49 |   L_A0A7_M0X0:
      |   ^~~~~~~~~~~
D:/l4t/DKC3Recomp/generated/snesrecomp/bankb8_part20c_v2.c: In function 'CODE_B8A0C5_M0X0':
D:/l4t/DKC3Recomp/generated/snesrecomp/bankb8_part20c_v2.c:49:3: warning: label 'L_A0C5_M0X0' defined but not used [-Wunused-label]
   49 |   L_A0C5_M0X0:
      |   ^~~~~~~~~~~
D:/l4t/DKC3Recomp/generated/snesrecomp/bankb8_part20f_v2.c: In function 'CODE_B8A0F7_M0X0':
D:/l4t/DKC3Recomp/generated/snesrecomp/bankb8_part20f_v2.c:50:3: warning: label 'L_A0F7_M0X0' defined but not used [-Wunused-label]
   50 |   L_A0F7_M0X0:
      |   ^~~~~~~~~~~
D:/l4t/DKC3Recomp/generated/snesrecomp/bankb8_part237_v2.c: In function 'get_kong_state_flags_M0X0':
D:/l4t/DKC3Recomp/generated/snesrecomp/bankb8_part237_v2.c:49:3: warning: label 'L_A371_M0X0' defined but not used [-Wunused-label]
   49 |   L_A371_M0X0:
      |   ^~~~~~~~~~~
D:/l4t/DKC3Recomp/generated/snesrecomp/bankb8_part23f_v2.c: In function 'CODE_B8A3F2_M0X0':
D:/l4t/DKC3Recomp/generated/snesrecomp/bankb8_part23f_v2.c:50:3: warning: label 'L_A3F2_M0X0' defined but not used [-Wunused-label]
   50 |   L_A3F2_M0X0:
      |   ^~~~~~~~~~~
D:/l4t/DKC3Recomp/generated/snesrecomp/bankb8_part244_v2.c: In function 'kong_state_06_M0X0':
D:/l4t/DKC3Recomp/generated/snesrecomp/bankb8_part244_v2.c:53:3: warning: label 'L_A44C_M0X0' defined but not used [-Wunused-label]
   53 |   L_A44C_M0X0:
      |   ^~~~~~~~~~~
D:/l4t/DKC3Recomp/generated/snesrecomp/bankb8_part244_v2.c: In function 'kong_state_07_M0X0':
D:/l4t/DKC3Recomp/generated/snesrecomp/bankb8_part244_v2.c:317:3: warning: label 'L_A44F_M0X0' defined but not used [-Wunused-label]
  317 |   L_A44F_M0X0:
      |   ^~~~~~~~~~~
D:/l4t/DKC3Recomp/generated/snesrecomp/bankb8_part24c_v2.c: In function 'CODE_B8A4C9_M0X0':
D:/l4t/DKC3Recomp/generated/snesrecomp/bankb8_part24c_v2.c:49:3: warning: label 'L_A4C9_M0X0' defined but not used [-Wunused-label]
   49 |   L_A4C9_M0X0:
      |   ^~~~~~~~~~~
D:/l4t/DKC3Recomp/generated/snesrecomp/bankb8_part253_v2.c: In function 'CODE_B8A532_M0X0':
D:/l4t/DKC3Recomp/generated/snesrecomp/bankb8_part253_v2.c:49:3: warning: label 'L_A532_M0X0' defined but not used [-Wunused-label]
   49 |   L_A532_M0X0:
      |   ^~~~~~~~~~~
D:/l4t/DKC3Recomp/generated/snesrecomp/bankb8_part266_v2.c: In function 'kong_state_0D_M0X0':
D:/l4t/DKC3Recomp/generated/snesrecomp/bankb8_part266_v2.c:54:3: warning: label 'L_A669_M0X0' defined but not used [-Wunused-label]
   54 |   L_A669_M0X0:
      |   ^~~~~~~~~~~
D:/l4t/DKC3Recomp/generated/snesrecomp/bankb8_part272_v2.c: In function 'kong_state_15_M0X0':
D:/l4t/DKC3Recomp/generated/snesrecomp/bankb8_part272_v2.c:52:3: warning: label 'L_A724_M0X0' defined but not used [-Wunused-label]
   52 |   L_A724_M0X0:
      |   ^~~~~~~~~~~
D:/l4t/DKC3Recomp/generated/snesrecomp/bankb8_part27c_v2.c: In function 'CODE_B8A7CB_M0X0':
D:/l4t/DKC3Recomp/generated/snesrecomp/bankb8_part27c_v2.c:49:3: warning: label 'L_A7CB_M0X0' defined but not used [-Wunused-label]
   49 |   L_A7CB_M0X0:
      |   ^~~~~~~~~~~
D:/l4t/DKC3Recomp/generated/snesrecomp/bankb8_part287_v2.c: In function 'kong_state_19_M0X0':
D:/l4t/DKC3Recomp/generated/snesrecomp/bankb8_part287_v2.c:49:3: warning: label 'L_A874_M0X0' defined but not used [-Wunused-label]
   49 |   L_A874_M0X0:
      |   ^~~~~~~~~~~
D:/l4t/DKC3Recomp/generated/snesrecomp/bankb8_part28d_v2.c: In function 'CODE_B8A8D2_M0X0':
D:/l4t/DKC3Recomp/generated/snesrecomp/bankb8_part28d_v2.c:49:3: warning: label 'L_A8D2_M0X0' defined but not used [-Wunused-label]
   49 |   L_A8D2_M0X0:
      |   ^~~~~~~~~~~
D:/l4t/DKC3Recomp/generated/snesrecomp/bankb8_part29_v2.c: In function 'CODE_B8829F_M0X0':
D:/l4t/DKC3Recomp/generated/snesrecomp/bankb8_part29_v2.c:49:3: warning: label 'L_829F_M0X0' defined but not used [-Wunused-label]
   49 |   L_829F_M0X0:
      |   ^~~~~~~~~~~
D:/l4t/DKC3Recomp/generated/snesrecomp/bankb8_part29a_v2.c: In function 'CODE_B8A9AF_M0X0':
D:/l4t/DKC3Recomp/generated/snesrecomp/bankb8_part29a_v2.c:49:3: warning: label 'L_A9AF_M0X0' defined but not used [-Wunused-label]
   49 |   L_A9AF_M0X0:
      |   ^~~~~~~~~~~
D:/l4t/DKC3Recomp/generated/snesrecomp/bankb8_part29d_v2.c: In function 'CODE_B8A9DE_M0X0':
D:/l4t/DKC3Recomp/generated/snesrecomp/bankb8_part29d_v2.c:49:3: warning: label 'L_A9DE_M0X0' defined but not used [-Wunused-label]
   49 |   L_A9DE_M0X0:
      |   ^~~~~~~~~~~
D:/l4t/DKC3Recomp/generated/snesrecomp/bankb8_part2a_v2.c: In function 'CODE_B882A9_M0X0':
D:/l4t/DKC3Recomp/generated/snesrecomp/bankb8_part2a_v2.c:49:3: warning: label 'L_82A9_M0X0' defined but not used [-Wunused-label]
   49 |   L_82A9_M0X0:
      |   ^~~~~~~~~~~
D:/l4t/DKC3Recomp/generated/snesrecomp/bankb8_part2b8_v2.c: In function 'kong_state_1F_M0X0':
D:/l4t/DKC3Recomp/generated/snesrecomp/bankb8_part2b8_v2.c:54:3: warning: label 'L_AB80_M0X0' defined but not used [-Wunused-label]
   54 |   L_AB80_M0X0:
      |   ^~~~~~~~~~~
D:/l4t/DKC3Recomp/generated/snesrecomp/bankb8_part2b9_v2.c: In function 'kong_state_20_M0X0':
D:/l4t/DKC3Recomp/generated/snesrecomp/bankb8_part2b9_v2.c:54:3: warning: label 'L_AB97_M0X0' defined but not used [-Wunused-label]
   54 |   L_AB97_M0X0:
      |   ^~~~~~~~~~~
D:/l4t/DKC3Recomp/generated/snesrecomp/bankb8_part2b_v2.c: In function 'CODE_B882B6_M0X0':
D:/l4t/DKC3Recomp/generated/snesrecomp/bankb8_part2b_v2.c:49:3: warning: label 'L_82B6_M0X0' defined but not used [-Wunused-label]
   49 |   L_82B6_M0X0:
      |   ^~~~~~~~~~~
D:/l4t/DKC3Recomp/generated/snesrecomp/bankb8_part2c7_v2.c: In function 'CODE_B8AC78_M0X0':
D:/l4t/DKC3Recomp/generated/snesrecomp/bankb8_part2c7_v2.c:49:3: warning: label 'L_AC78_M0X0' defined but not used [-Wunused-label]
   49 |   L_AC78_M0X0:
      |   ^~~~~~~~~~~
D:/l4t/DKC3Recomp/generated/snesrecomp/bankb8_part2d5_v2.c: In function 'CODE_B8AD5C_M0X0':
D:/l4t/DKC3Recomp/generated/snesrecomp/bankb8_part2d5_v2.c:51:3: warning: label 'L_AD5C_M0X0' defined but not used [-Wunused-label]
   51 |   L_AD5C_M0X0:
      |   ^~~~~~~~~~~
D:/l4t/DKC3Recomp/generated/snesrecomp/bankb8_part2dc_v2.c: In function 'CODE_B8ADC5_M0X0':
D:/l4t/DKC3Recomp/generated/snesrecomp/bankb8_part2dc_v2.c:50:3: warning: label 'L_ADC5_M0X0' defined but not used [-Wunused-label]
   50 |   L_ADC5_M0X0:
      |   ^~~~~~~~~~~
D:/l4t/DKC3Recomp/generated/snesrecomp/bankb8_part2dd_v2.c: In function 'CODE_B8ADD8_M0X0':
D:/l4t/DKC3Recomp/generated/snesrecomp/bankb8_part2dd_v2.c:50:3: warning: label 'L_ADD8_M0X0' defined but not used [-Wunused-label]
   50 |   L_ADD8_M0X0:
      |   ^~~~~~~~~~~
D:/l4t/DKC3Recomp/generated/snesrecomp/bankb8_part2f1_v2.c: In function 'kong_state_35_M0X0':
D:/l4t/DKC3Recomp/generated/snesrecomp/bankb8_part2f1_v2.c:50:3: warning: label 'L_AF11_M0X0' defined but not used [-Wunused-label]
   50 |   L_AF11_M0X0:
      |   ^~~~~~~~~~~
D:/l4t/DKC3Recomp/generated/snesrecomp/bankb8_part308_v2.c: In function 'CODE_B8B086_M0X0':
D:/l4t/DKC3Recomp/generated/snesrecomp/bankb8_part308_v2.c:50:3: warning: label 'L_B086_M0X0' defined but not used [-Wunused-label]
   50 |   L_B086_M0X0:
      |   ^~~~~~~~~~~
D:/l4t/DKC3Recomp/generated/snesrecomp/bankb8_part30a_v2.c: In function 'CODE_B8B0A3_M0X0':
D:/l4t/DKC3Recomp/generated/snesrecomp/bankb8_part30a_v2.c:50:3: warning: label 'L_B0A3_M0X0' defined but not used [-Wunused-label]
   50 |   L_B0A3_M0X0:
      |   ^~~~~~~~~~~
D:/l4t/DKC3Recomp/generated/snesrecomp/bankb8_part30b_v2.c: In function 'CODE_B8B0B3_M0X0':
D:/l4t/DKC3Recomp/generated/snesrecomp/bankb8_part30b_v2.c:49:3: warning: label 'L_B0B3_M0X0' defined but not used [-Wunused-label]
   49 |   L_B0B3_M0X0:
      |   ^~~~~~~~~~~
D:/l4t/DKC3Recomp/generated/snesrecomp/bankb8_part311_v2.c: In function 'kong_state_3C_M0X0':
D:/l4t/DKC3Recomp/generated/snesrecomp/bankb8_part311_v2.c:51:3: warning: label 'L_B115_M0X0' defined but not used [-Wunused-label]
   51 |   L_B115_M0X0:
      |   ^~~~~~~~~~~
D:/l4t/DKC3Recomp/generated/snesrecomp/bankb8_part313_v2.c: In function 'CODE_B8B137_M0X0':
D:/l4t/DKC3Recomp/generated/snesrecomp/bankb8_part313_v2.c:51:3: warning: label 'L_B137_M0X0' defined but not used [-Wunused-label]
   51 |   L_B137_M0X0:
      |   ^~~~~~~~~~~
D:/l4t/DKC3Recomp/generated/snesrecomp/bankb8_part315_v2.c: In function 'CODE_B8B15C_M0X0':
D:/l4t/DKC3Recomp/generated/snesrecomp/bankb8_part315_v2.c:52:3: warning: label 'L_B15C_M0X0' defined but not used [-Wunused-label]
   52 |   L_B15C_M0X0:
      |   ^~~~~~~~~~~
D:/l4t/DKC3Recomp/generated/snesrecomp/bankb8_part323_v2.c: In function 'CODE_B8B235_M0X0':
D:/l4t/DKC3Recomp/generated/snesrecomp/bankb8_part323_v2.c:53:3: warning: label 'L_B235_M0X0' defined but not used [-Wunused-label]
   53 |   L_B235_M0X0:
      |   ^~~~~~~~~~~
D:/l4t/DKC3Recomp/generated/snesrecomp/bankb8_part330_v2.c: In function 'CODE_B8B30E_M0X0':
D:/l4t/DKC3Recomp/generated/snesrecomp/bankb8_part330_v2.c:49:3: warning: label 'L_B30E_M0X0' defined but not used [-Wunused-label]
   49 |   L_B30E_M0X0:
      |   ^~~~~~~~~~~
D:/l4t/DKC3Recomp/generated/snesrecomp/bankb8_part332_v2.c: In function 'CODE_B8B32D_M0X0':
D:/l4t/DKC3Recomp/generated/snesrecomp/bankb8_part332_v2.c:49:3: warning: label 'L_B32D_M0X0' defined but not used [-Wunused-label]
   49 |   L_B32D_M0X0:
      |   ^~~~~~~~~~~
D:/l4t/DKC3Recomp/generated/snesrecomp/bankb8_part33_v2.c: In function 'player_interaction_2C_M0X0':
D:/l4t/DKC3Recomp/generated/snesrecomp/bankb8_part33_v2.c:55:3: warning: label 'L_8336_M0X0' defined but not used [-Wunused-label]
   55 |   L_8336_M0X0:
      |   ^~~~~~~~~~~
D:/l4t/DKC3Recomp/generated/snesrecomp/bankb8_part33_v2.c: In function 'player_interaction_2A_M0X0':
D:/l4t/DKC3Recomp/generated/snesrecomp/bankb8_part33_v2.c:126:3: warning: label 'L_833B_M0X0' defined but not used [-Wunused-label]
  126 |   L_833B_M0X0:
      |   ^~~~~~~~~~~
D:/l4t/DKC3Recomp/generated/snesrecomp/bankb8_part33_v2.c: In function 'player_interaction_26_M0X0':
D:/l4t/DKC3Recomp/generated/snesrecomp/bankb8_part33_v2.c:226:3: warning: label 'L_833C_M0X0' defined but not used [-Wunused-label]
  226 |   L_833C_M0X0:
      |   ^~~~~~~~~~~
D:/l4t/DKC3Recomp/generated/snesrecomp/bankb8_part346_v2.c: In function 'CODE_B8B461_M0X0':
D:/l4t/DKC3Recomp/generated/snesrecomp/bankb8_part346_v2.c:50:3: warning: label 'L_B461_M0X0' defined but not used [-Wunused-label]
   50 |   L_B461_M0X0:
      |   ^~~~~~~~~~~
D:/l4t/DKC3Recomp/generated/snesrecomp/bankb8_part358_v2.c: In function 'CODE_B8B585_M0X0':
D:/l4t/DKC3Recomp/generated/snesrecomp/bankb8_part358_v2.c:49:3: warning: label 'L_B585_M0X0' defined but not used [-Wunused-label]
   49 |   L_B585_M0X0:
      |   ^~~~~~~~~~~
D:/l4t/DKC3Recomp/generated/snesrecomp/bankb8_part35_v2.c: In function 'CODE_B88352_M0X0':
D:/l4t/DKC3Recomp/generated/snesrecomp/bankb8_part35_v2.c:49:3: warning: label 'L_8352_M0X0' defined but not used [-Wunused-label]
   49 |   L_8352_M0X0:
      |   ^~~~~~~~~~~
D:/l4t/DKC3Recomp/generated/snesrecomp/bankb8_part362_v2.c: In function 'kong_state_40_M0X0':
D:/l4t/DKC3Recomp/generated/snesrecomp/bankb8_part362_v2.c:50:3: warning: label 'L_B627_M0X0' defined but not used [-Wunused-label]
   50 |   L_B627_M0X0:
      |   ^~~~~~~~~~~
D:/l4t/DKC3Recomp/generated/snesrecomp/bankb8_part36_v2.c: In function 'CODE_B88368_M0X0':
D:/l4t/DKC3Recomp/generated/snesrecomp/bankb8_part36_v2.c:50:3: warning: label 'L_8368_M0X0' defined but not used [-Wunused-label]
   50 |   L_8368_M0X0:
      |   ^~~~~~~~~~~
D:/l4t/DKC3Recomp/generated/snesrecomp/bankb8_part372_v2.c: In function 'CODE_B8B729_M0X0':
D:/l4t/DKC3Recomp/generated/snesrecomp/bankb8_part372_v2.c:49:3: warning: label 'L_B729_M0X0' defined but not used [-Wunused-label]
   49 |   L_B729_M0X0:
      |   ^~~~~~~~~~~
D:/l4t/DKC3Recomp/generated/snesrecomp/bankb8_part374_v2.c: In function 'CODE_B8B74F_M0X0':
D:/l4t/DKC3Recomp/generated/snesrecomp/bankb8_part374_v2.c:49:3: warning: label 'L_B74F_M0X0' defined but not used [-Wunused-label]
   49 |   L_B74F_M0X0:
      |   ^~~~~~~~~~~
D:/l4t/DKC3Recomp/generated/snesrecomp/bankb8_part37_v2.c: In function 'CODE_B8837A_M0X0':
D:/l4t/DKC3Recomp/generated/snesrecomp/bankb8_part37_v2.c:50:3: warning: label 'L_837A_M0X0' defined but not used [-Wunused-label]
   50 |   L_837A_M0X0:
      |   ^~~~~~~~~~~
D:/l4t/DKC3Recomp/generated/snesrecomp/bankb8_part389_v2.c: In function 'CODE_B8B89D_M0X0':
D:/l4t/DKC3Recomp/generated/snesrecomp/bankb8_part389_v2.c:49:3: warning: label 'L_B89D_M0X0' defined but not used [-Wunused-label]
   49 |   L_B89D_M0X0:
      |   ^~~~~~~~~~~
D:/l4t/DKC3Recomp/generated/snesrecomp/bankb8_part392_v2.c: In function 'CODE_B8B923_M0X0':
D:/l4t/DKC3Recomp/generated/snesrecomp/bankb8_part392_v2.c:49:3: warning: label 'L_B923_M0X0' defined but not used [-Wunused-label]
   49 |   L_B923_M0X0:
      |   ^~~~~~~~~~~
D:/l4t/DKC3Recomp/generated/snesrecomp/bankb8_part39d_v2.c: In function 'CODE_B8B9DF_M0X0':
D:/l4t/DKC3Recomp/generated/snesrecomp/bankb8_part39d_v2.c:49:3: warning: label 'L_B9DF_M0X0' defined but not used [-Wunused-label]
   49 |   L_B9DF_M0X0:
      |   ^~~~~~~~~~~
D:/l4t/DKC3Recomp/generated/snesrecomp/bankb8_part39f_v2.c: In function 'CODE_B8B9F3_M0X0':
D:/l4t/DKC3Recomp/generated/snesrecomp/bankb8_part39f_v2.c:51:3: warning: label 'L_B9F3_M0X0' defined but not used [-Wunused-label]
   51 |   L_B9F3_M0X0:
      |   ^~~~~~~~~~~
D:/l4t/DKC3Recomp/generated/snesrecomp/bankb8_part39f_v2.c: In function 'CODE_B8B9FB_M0X0':
D:/l4t/DKC3Recomp/generated/snesrecomp/bankb8_part39f_v2.c:105:3: warning: label 'L_B9FB_M0X0' defined but not used [-Wunused-label]
  105 |   L_B9FB_M0X0:
      |   ^~~~~~~~~~~
D:/l4t/DKC3Recomp/generated/snesrecomp/bankb8_part3a0_v2.c: In function 'CODE_B8BA01_M0X0':
D:/l4t/DKC3Recomp/generated/snesrecomp/bankb8_part3a0_v2.c:50:3: warning: label 'L_BA01_M0X0' defined but not used [-Wunused-label]
   50 |   L_BA01_M0X0:
      |   ^~~~~~~~~~~
D:/l4t/DKC3Recomp/generated/snesrecomp/bankb8_part3a5_v2.c: In function 'CODE_B8BA5B_M0X0':
D:/l4t/DKC3Recomp/generated/snesrecomp/bankb8_part3a5_v2.c:50:3: warning: label 'L_BA5B_M0X0' defined but not used [-Wunused-label]
   50 |   L_BA5B_M0X0:
      |   ^~~~~~~~~~~
D:/l4t/DKC3Recomp/generated/snesrecomp/bankb8_part3a6_v2.c: In function 'CODE_B8BA6A_M0X0':
D:/l4t/DKC3Recomp/generated/snesrecomp/bankb8_part3a6_v2.c:50:3: warning: label 'L_BA6A_M0X0' defined but not used [-Wunused-label]
   50 |   L_BA6A_M0X0:
      |   ^~~~~~~~~~~
D:/l4t/DKC3Recomp/generated/snesrecomp/bankb8_part3a7_v2.c: In function 'CODE_B8BA7C_M0X0':
D:/l4t/DKC3Recomp/generated/snesrecomp/bankb8_part3a7_v2.c:49:3: warning: label 'L_BA7C_M0X0' defined but not used [-Wunused-label]
   49 |   L_BA7C_M0X0:
      |   ^~~~~~~~~~~
D:/l4t/DKC3Recomp/generated/snesrecomp/bankb8_part3ab_v2.c: In function 'kong_state_4D_M0X0':
D:/l4t/DKC3Recomp/generated/snesrecomp/bankb8_part3ab_v2.c:51:3: warning: label 'L_BAB2_M0X0' defined but not used [-Wunused-label]
   51 |   L_BAB2_M0X0:
      |   ^~~~~~~~~~~
D:/l4t/DKC3Recomp/generated/snesrecomp/bankb8_part3d0_v2.c: In function 'CODE_B8BD06_M0X0':
D:/l4t/DKC3Recomp/generated/snesrecomp/bankb8_part3d0_v2.c:49:3: warning: label 'L_BD06_M0X0' defined but not used [-Wunused-label]
   49 |   L_BD06_M0X0:
      |   ^~~~~~~~~~~
D:/l4t/DKC3Recomp/generated/snesrecomp/bankb8_part3e7_v2.c: In function 'CODE_B8BE76_M0X0':
D:/l4t/DKC3Recomp/generated/snesrecomp/bankb8_part3e7_v2.c:54:3: warning: label 'L_BE76_M0X0' defined but not used [-Wunused-label]
   54 |   L_BE76_M0X0:
      |   ^~~~~~~~~~~
D:/l4t/DKC3Recomp/generated/snesrecomp/bankb8_part3ee_v2.c: In function 'CODE_B8BEE8_M0X0':
D:/l4t/DKC3Recomp/generated/snesrecomp/bankb8_part3ee_v2.c:49:3: warning: label 'L_BEE8_M0X0' defined but not used [-Wunused-label]
   49 |   L_BEE8_M0X0:
      |   ^~~~~~~~~~~
D:/l4t/DKC3Recomp/generated/snesrecomp/bankb8_part3fb_v2.c: In function 'kong_state_56_M0X0':
D:/l4t/DKC3Recomp/generated/snesrecomp/bankb8_part3fb_v2.c:49:3: warning: label 'L_BFB4_M0X0' defined but not used [-Wunused-label]
   49 |   L_BFB4_M0X0:
      |   ^~~~~~~~~~~
D:/l4t/DKC3Recomp/generated/snesrecomp/bankb8_part40d_v2.c: In function 'kong_state_61_M0X0':
D:/l4t/DKC3Recomp/generated/snesrecomp/bankb8_part40d_v2.c:49:3: warning: label 'L_C0D4_M0X0' defined but not used [-Wunused-label]
   49 |   L_C0D4_M0X0:
      |   ^~~~~~~~~~~
D:/l4t/DKC3Recomp/generated/snesrecomp/bankb8_part418_v2.c: In function 'kong_state_62_M0X0':
D:/l4t/DKC3Recomp/generated/snesrecomp/bankb8_part418_v2.c:50:3: warning: label 'L_C181_M0X0' defined but not used [-Wunused-label]
   50 |   L_C181_M0X0:
      |   ^~~~~~~~~~~
D:/l4t/DKC3Recomp/generated/snesrecomp/bankb8_part419_v2.c: In function 'CODE_B8C195_M0X0':
D:/l4t/DKC3Recomp/generated/snesrecomp/bankb8_part419_v2.c:54:3: warning: label 'L_C195_M0X0' defined but not used [-Wunused-label]
   54 |   L_C195_M0X0:
      |   ^~~~~~~~~~~
D:/l4t/DKC3Recomp/generated/snesrecomp/bankb8_part423_v2.c: In function 'CODE_B8C232_M0X0':
D:/l4t/DKC3Recomp/generated/snesrecomp/bankb8_part423_v2.c:49:3: warning: label 'L_C232_M0X0' defined but not used [-Wunused-label]
   49 |   L_C232_M0X0:
      |   ^~~~~~~~~~~
D:/l4t/DKC3Recomp/generated/snesrecomp/bankb8_part436_v2.c: In function 'CODE_B8C369_M0X0':
D:/l4t/DKC3Recomp/generated/snesrecomp/bankb8_part436_v2.c:49:3: warning: label 'L_C369_M0X0' defined but not used [-Wunused-label]
   49 |   L_C369_M0X0:
      |   ^~~~~~~~~~~
D:/l4t/DKC3Recomp/generated/snesrecomp/bankb8_part438_v2.c: In function 'CODE_B8C383_M0X0':
D:/l4t/DKC3Recomp/generated/snesrecomp/bankb8_part438_v2.c:49:3: warning: label 'L_C383_M0X0' defined but not used [-Wunused-label]
   49 |   L_C383_M0X0:
      |   ^~~~~~~~~~~
D:/l4t/DKC3Recomp/generated/snesrecomp/bankb8_part439_v2.c: In function 'CODE_B8C392_M0X0':
D:/l4t/DKC3Recomp/generated/snesrecomp/bankb8_part439_v2.c:49:3: warning: label 'L_C392_M0X0' defined but not used [-Wunused-label]
   49 |   L_C392_M0X0:
      |   ^~~~~~~~~~~
D:/l4t/DKC3Recomp/generated/snesrecomp/bankb8_part45a_v2.c: In function 'CODE_B8C5A0_M0X0':
D:/l4t/DKC3Recomp/generated/snesrecomp/bankb8_part45a_v2.c:49:3: warning: label 'L_C5A0_M0X0' defined but not used [-Wunused-label]
   49 |   L_C5A0_M0X0:
      |   ^~~~~~~~~~~
D:/l4t/DKC3Recomp/generated/snesrecomp/bankb8_part45c_v2.c: In function 'CODE_B8C5C7_M0X0':
D:/l4t/DKC3Recomp/generated/snesrecomp/bankb8_part45c_v2.c:49:3: warning: label 'L_C5C7_M0X0' defined but not used [-Wunused-label]
   49 |   L_C5C7_M0X0:
      |   ^~~~~~~~~~~
D:/l4t/DKC3Recomp/generated/snesrecomp/bankb8_part45d_v2.c: In function 'CODE_B8C5D9_M0X0':
D:/l4t/DKC3Recomp/generated/snesrecomp/bankb8_part45d_v2.c:51:3: warning: label 'L_C5D9_M0X0' defined but not used [-Wunused-label]
   51 |   L_C5D9_M0X0:
      |   ^~~~~~~~~~~
D:/l4t/DKC3Recomp/generated/snesrecomp/bankb8_part460_v2.c: In function 'CODE_B8C607_M0X0':
D:/l4t/DKC3Recomp/generated/snesrecomp/bankb8_part460_v2.c:49:3: warning: label 'L_C607_M0X0' defined but not used [-Wunused-label]
   49 |   L_C607_M0X0:
      |   ^~~~~~~~~~~
D:/l4t/DKC3Recomp/generated/snesrecomp/bankb8_part461_v2.c: In function 'CODE_B8C616_M0X0':
D:/l4t/DKC3Recomp/generated/snesrecomp/bankb8_part461_v2.c:51:3: warning: label 'L_C616_M0X0' defined but not used [-Wunused-label]
   51 |   L_C616_M0X0:
      |   ^~~~~~~~~~~
D:/l4t/DKC3Recomp/generated/snesrecomp/bankb8_part464_v2.c: In function 'CODE_B8C647_M0X0':
D:/l4t/DKC3Recomp/generated/snesrecomp/bankb8_part464_v2.c:49:3: warning: label 'L_C647_M0X0' defined but not used [-Wunused-label]
   49 |   L_C647_M0X0:
      |   ^~~~~~~~~~~
D:/l4t/DKC3Recomp/generated/snesrecomp/bankb8_part466_v2.c: In function 'CODE_B8C663_M0X0':
D:/l4t/DKC3Recomp/generated/snesrecomp/bankb8_part466_v2.c:49:3: warning: label 'L_C663_M0X0' defined but not used [-Wunused-label]
   49 |   L_C663_M0X0:
      |   ^~~~~~~~~~~
D:/l4t/DKC3Recomp/generated/snesrecomp/bankb8_part46d_v2.c: In function 'CODE_B8C6DE_M0X0':
D:/l4t/DKC3Recomp/generated/snesrecomp/bankb8_part46d_v2.c:49:3: warning: label 'L_C6DE_M0X0' defined but not used [-Wunused-label]
   49 |   L_C6DE_M0X0:
      |   ^~~~~~~~~~~
D:/l4t/DKC3Recomp/generated/snesrecomp/bankb8_part473_v2.c: In function 'check_sprite_underwater_M0X0':
D:/l4t/DKC3Recomp/generated/snesrecomp/bankb8_part473_v2.c:49:3: warning: label 'L_C73A_M0X0' defined but not used [-Wunused-label]
   49 |   L_C73A_M0X0:
      |   ^~~~~~~~~~~
D:/l4t/DKC3Recomp/generated/snesrecomp/bankb8_part479_v2.c: In function 'CODE_B8C793_M0X0':
D:/l4t/DKC3Recomp/generated/snesrecomp/bankb8_part479_v2.c:49:3: warning: label 'L_C793_M0X0' defined but not used [-Wunused-label]
   49 |   L_C793_M0X0:
      |   ^~~~~~~~~~~
D:/l4t/DKC3Recomp/generated/snesrecomp/bankb8_part48c_v2.c: In function 'CODE_B8C8CD_M0X0':
D:/l4t/DKC3Recomp/generated/snesrecomp/bankb8_part48c_v2.c:50:3: warning: label 'L_C8CD_M0X0' defined but not used [-Wunused-label]
   50 |   L_C8CD_M0X0:
      |   ^~~~~~~~~~~
D:/l4t/DKC3Recomp/generated/snesrecomp/bankb8_part491_v2.c: In function 'CODE_B8C911_M0X0':
D:/l4t/DKC3Recomp/generated/snesrecomp/bankb8_part491_v2.c:49:3: warning: label 'L_C911_M0X0' defined but not used [-Wunused-label]
   49 |   L_C911_M0X0:
      |   ^~~~~~~~~~~
D:/l4t/DKC3Recomp/generated/snesrecomp/bankb8_part493_v2.c: In function 'CODE_B8C936_M0X0':
D:/l4t/DKC3Recomp/generated/snesrecomp/bankb8_part493_v2.c:49:3: warning: label 'L_C936_M0X0' defined but not used [-Wunused-label]
   49 |   L_C936_M0X0:
      |   ^~~~~~~~~~~
D:/l4t/DKC3Recomp/generated/snesrecomp/bankb8_part494_v2.c: In function 'CODE_B8C949_M0X0':
D:/l4t/DKC3Recomp/generated/snesrecomp/bankb8_part494_v2.c:52:3: warning: label 'L_C949_M0X0' defined but not used [-Wunused-label]
   52 |   L_C949_M0X0:
      |   ^~~~~~~~~~~
D:/l4t/DKC3Recomp/generated/snesrecomp/bankb8_part494_v2.c: In function 'CODE_B8C94B_M0X0':
D:/l4t/DKC3Recomp/generated/snesrecomp/bankb8_part494_v2.c:102:3: warning: label 'L_C94B_M0X0' defined but not used [-Wunused-label]
  102 |   L_C94B_M0X0:
      |   ^~~~~~~~~~~
D:/l4t/DKC3Recomp/generated/snesrecomp/bankb8_part494_v2.c: In function 'CODE_B8C94F_M0X0':
D:/l4t/DKC3Recomp/generated/snesrecomp/bankb8_part494_v2.c:155:3: warning: label 'L_C94F_M0X0' defined but not used [-Wunused-label]
  155 |   L_C94F_M0X0:
      |   ^~~~~~~~~~~
D:/l4t/DKC3Recomp/generated/snesrecomp/bankb8_part4a3_v2.c: In function 'CODE_B8CA3C_M0X0':
D:/l4t/DKC3Recomp/generated/snesrecomp/bankb8_part4a3_v2.c:49:3: warning: label 'L_CA3C_M0X0' defined but not used [-Wunused-label]
   49 |   L_CA3C_M0X0:
      |   ^~~~~~~~~~~
D:/l4t/DKC3Recomp/generated/snesrecomp/bankb8_part4b3_v2.c: In function 'CODE_B8CB37_M0X0':
D:/l4t/DKC3Recomp/generated/snesrecomp/bankb8_part4b3_v2.c:49:3: warning: label 'L_CB37_M0X0' defined but not used [-Wunused-label]
   49 |   L_CB37_M0X0:
      |   ^~~~~~~~~~~
D:/l4t/DKC3Recomp/generated/snesrecomp/bankb8_part4bb_v2.c: In function 'CODE_B8CBB2_M0X0':
D:/l4t/DKC3Recomp/generated/snesrecomp/bankb8_part4bb_v2.c:49:3: warning: label 'L_CBB2_M0X0' defined but not used [-Wunused-label]
   49 |   L_CBB2_M0X0:
      |   ^~~~~~~~~~~
D:/l4t/DKC3Recomp/generated/snesrecomp/bankb8_part4ce_v2.c: In function 'CODE_B8CCEC_M0X0':
D:/l4t/DKC3Recomp/generated/snesrecomp/bankb8_part4ce_v2.c:49:3: warning: label 'L_CCEC_M0X0' defined but not used [-Wunused-label]
   49 |   L_CCEC_M0X0:
      |   ^~~~~~~~~~~
D:/l4t/DKC3Recomp/generated/snesrecomp/bankb8_part4d1_v2.c: In function 'CODE_B8CD13_M0X0':
D:/l4t/DKC3Recomp/generated/snesrecomp/bankb8_part4d1_v2.c:75:3: warning: label 'L_CD13_M0X0' defined but not used [-Wunused-label]
   75 |   L_CD13_M0X0:
      |   ^~~~~~~~~~~
D:/l4t/DKC3Recomp/generated/snesrecomp/bankb8_part4d2_v2.c: In function 'CODE_B8CD2C_M0X0':
D:/l4t/DKC3Recomp/generated/snesrecomp/bankb8_part4d2_v2.c:65:3: warning: label 'L_CD2C_M0X0' defined but not used [-Wunused-label]
   65 |   L_CD2C_M0X0:
      |   ^~~~~~~~~~~
D:/l4t/DKC3Recomp/generated/snesrecomp/bankb8_part4d4_v2.c: In function 'CODE_B8CD45_M0X0':
D:/l4t/DKC3Recomp/generated/snesrecomp/bankb8_part4d4_v2.c:55:3: warning: label 'L_CD45_M0X0' defined but not used [-Wunused-label]
   55 |   L_CD45_M0X0:
      |   ^~~~~~~~~~~
D:/l4t/DKC3Recomp/generated/snesrecomp/bankb8_part4d5_v2.c: In function 'CODE_B8CD56_M0X0':
D:/l4t/DKC3Recomp/generated/snesrecomp/bankb8_part4d5_v2.c:55:3: warning: label 'L_CD56_M0X0' defined but not used [-Wunused-label]
   55 |   L_CD56_M0X0:
      |   ^~~~~~~~~~~
D:/l4t/DKC3Recomp/generated/snesrecomp/bankb8_part4f_v2.c: In function 'player_interaction_2B_M0X0':
D:/l4t/DKC3Recomp/generated/snesrecomp/bankb8_part4f_v2.c:52:3: warning: label 'L_84F8_M0X0' defined but not used [-Wunused-label]
   52 |   L_84F8_M0X0:
      |   ^~~~~~~~~~~
D:/l4t/DKC3Recomp/generated/snesrecomp/bankb8_part522_v2.c: In function 'CODE_B8D227_M0X0':
D:/l4t/DKC3Recomp/generated/snesrecomp/bankb8_part522_v2.c:53:3: warning: label 'L_D227_M0X0' defined but not used [-Wunused-label]
   53 |   L_D227_M0X0:
      |   ^~~~~~~~~~~
D:/l4t/DKC3Recomp/generated/snesrecomp/bankb8_part522_v2.c: In function 'CODE_B8D228_M0X0':
D:/l4t/DKC3Recomp/generated/snesrecomp/bankb8_part522_v2.c:152:3: warning: label 'L_D228_M0X0' defined but not used [-Wunused-label]
  152 |   L_D228_M0X0:
      |   ^~~~~~~~~~~
D:/l4t/DKC3Recomp/generated/snesrecomp/bankb8_part522_v2.c: In function 'CODE_B8D229_M0X0':
D:/l4t/DKC3Recomp/generated/snesrecomp/bankb8_part522_v2.c:251:3: warning: label 'L_D229_M0X0' defined but not used [-Wunused-label]
  251 |   L_D229_M0X0:
      |   ^~~~~~~~~~~
D:/l4t/DKC3Recomp/generated/snesrecomp/bankb8_part523_v2.c: In function 'CODE_B8D23A_M0X0':
D:/l4t/DKC3Recomp/generated/snesrecomp/bankb8_part523_v2.c:51:3: warning: label 'L_D23A_M0X0' defined but not used [-Wunused-label]
   51 |   L_D23A_M0X0:
      |   ^~~~~~~~~~~
D:/l4t/DKC3Recomp/generated/snesrecomp/bankb8_part524_v2.c: In function 'CODE_B8D247_M0X0':
D:/l4t/DKC3Recomp/generated/snesrecomp/bankb8_part524_v2.c:49:3: warning: label 'L_D247_M0X0' defined but not used [-Wunused-label]
   49 |   L_D247_M0X0:
      |   ^~~~~~~~~~~
D:/l4t/DKC3Recomp/generated/snesrecomp/bankb8_part526_v2.c: In function 'CODE_B8D26D_M0X0':
D:/l4t/DKC3Recomp/generated/snesrecomp/bankb8_part526_v2.c:49:3: warning: label 'L_D26D_M0X0' defined but not used [-Wunused-label]
   49 |   L_D26D_M0X0:
      |   ^~~~~~~~~~~
D:/l4t/DKC3Recomp/generated/snesrecomp/bankb8_part528_v2.c: In function 'CODE_B8D28F_M0X0':
D:/l4t/DKC3Recomp/generated/snesrecomp/bankb8_part528_v2.c:50:3: warning: label 'L_D28F_M0X0' defined but not used [-Wunused-label]
   50 |   L_D28F_M0X0:
      |   ^~~~~~~~~~~
D:/l4t/DKC3Recomp/generated/snesrecomp/bankb8_part529_v2.c: In function 'CODE_B8D298_M0X0':
D:/l4t/DKC3Recomp/generated/snesrecomp/bankb8_part529_v2.c:50:3: warning: label 'L_D298_M0X0' defined but not used [-Wunused-label]
   50 |   L_D298_M0X0:
      |   ^~~~~~~~~~~
D:/l4t/DKC3Recomp/generated/snesrecomp/bankb8_part52b_v2.c: In function 'CODE_B8D2BB_M0X0':
D:/l4t/DKC3Recomp/generated/snesrecomp/bankb8_part52b_v2.c:50:3: warning: label 'L_D2BB_M0X0' defined but not used [-Wunused-label]
   50 |   L_D2BB_M0X0:
      |   ^~~~~~~~~~~
D:/l4t/DKC3Recomp/generated/snesrecomp/bankb8_part52c_v2.c: In function 'CODE_B8D2C0_M0X0':
D:/l4t/DKC3Recomp/generated/snesrecomp/bankb8_part52c_v2.c:50:3: warning: label 'L_D2C0_M0X0' defined but not used [-Wunused-label]
   50 |   L_D2C0_M0X0:
      |   ^~~~~~~~~~~
D:/l4t/DKC3Recomp/generated/snesrecomp/bankb8_part530_v2.c: In function 'CODE_B8D30C_M0X0':
D:/l4t/DKC3Recomp/generated/snesrecomp/bankb8_part530_v2.c:50:3: warning: label 'L_D30C_M0X0' defined but not used [-Wunused-label]
   50 |   L_D30C_M0X0:
      |   ^~~~~~~~~~~
D:/l4t/DKC3Recomp/generated/snesrecomp/bankb8_part532_v2.c: In function 'CODE_B8D329_M0X0':
D:/l4t/DKC3Recomp/generated/snesrecomp/bankb8_part532_v2.c:50:3: warning: label 'L_D329_M0X0' defined but not used [-Wunused-label]
   50 |   L_D329_M0X0:
      |   ^~~~~~~~~~~
D:/l4t/DKC3Recomp/generated/snesrecomp/bankb8_part533_v2.c: In function 'CODE_B8D338_M0X0':
D:/l4t/DKC3Recomp/generated/snesrecomp/bankb8_part533_v2.c:49:3: warning: label 'L_D338_M0X0' defined but not used [-Wunused-label]
   49 |   L_D338_M0X0:
      |   ^~~~~~~~~~~
D:/l4t/DKC3Recomp/generated/snesrecomp/bankb8_part535_v2.c: In function 'CODE_B8D359_M0X0':
D:/l4t/DKC3Recomp/generated/snesrecomp/bankb8_part535_v2.c:50:3: warning: label 'L_D359_M0X0' defined but not used [-Wunused-label]
   50 |   L_D359_M0X0:
      |   ^~~~~~~~~~~
D:/l4t/DKC3Recomp/generated/snesrecomp/bankb8_part537_v2.c: In function 'CODE_B8D376_M0X0':
D:/l4t/DKC3Recomp/generated/snesrecomp/bankb8_part537_v2.c:49:3: warning: label 'L_D376_M0X0' defined but not used [-Wunused-label]
   49 |   L_D376_M0X0:
      |   ^~~~~~~~~~~
D:/l4t/DKC3Recomp/generated/snesrecomp/bankb8_part539_v2.c: In function 'CODE_B8D395_M0X0':
D:/l4t/DKC3Recomp/generated/snesrecomp/bankb8_part539_v2.c:50:3: warning: label 'L_D395_M0X0' defined but not used [-Wunused-label]
   50 |   L_D395_M0X0:
      |   ^~~~~~~~~~~
D:/l4t/DKC3Recomp/generated/snesrecomp/bankb8_part53a_v2.c: In function 'CODE_B8D3A4_M0X0':
D:/l4t/DKC3Recomp/generated/snesrecomp/bankb8_part53a_v2.c:50:3: warning: label 'L_D3A4_M0X0' defined but not used [-Wunused-label]
   50 |   L_D3A4_M0X0:
      |   ^~~~~~~~~~~
D:/l4t/DKC3Recomp/generated/snesrecomp/bankb8_part53a_v2.c: In function 'CODE_B8D3AF_M0X0':
D:/l4t/DKC3Recomp/generated/snesrecomp/bankb8_part53a_v2.c:168:3: warning: label 'L_D3AF_M0X0' defined but not used [-Wunused-label]
  168 |   L_D3AF_M0X0:
      |   ^~~~~~~~~~~
D:/l4t/DKC3Recomp/generated/snesrecomp/bankb8_part53b_v2.c: In function 'CODE_B8D3BA_M0X0':
D:/l4t/DKC3Recomp/generated/snesrecomp/bankb8_part53b_v2.c:49:3: warning: label 'L_D3BA_M0X0' defined but not used [-Wunused-label]
   49 |   L_D3BA_M0X0:
      |   ^~~~~~~~~~~
D:/l4t/DKC3Recomp/generated/snesrecomp/bankb8_part53c_v2.c: In function 'CODE_B8D3C2_M0X0':
D:/l4t/DKC3Recomp/generated/snesrecomp/bankb8_part53c_v2.c:51:3: warning: label 'L_D3C2_M0X0' defined but not used [-Wunused-label]
   51 |   L_D3C2_M0X0:
      |   ^~~~~~~~~~~
D:/l4t/DKC3Recomp/generated/snesrecomp/bankb8_part53c_v2.c: In function 'CODE_B8D3CE_M0X0':
D:/l4t/DKC3Recomp/generated/snesrecomp/bankb8_part53c_v2.c:206:3: warning: label 'L_D3CE_M0X0' defined but not used [-Wunused-label]
  206 |   L_D3CE_M0X0:
      |   ^~~~~~~~~~~
D:/l4t/DKC3Recomp/generated/snesrecomp/bankb8_part53f_v2.c: In function 'CODE_B8D3F3_M0X0':
D:/l4t/DKC3Recomp/generated/snesrecomp/bankb8_part53f_v2.c:49:3: warning: label 'L_D3F3_M0X0' defined but not used [-Wunused-label]
   49 |   L_D3F3_M0X0:
      |   ^~~~~~~~~~~
D:/l4t/DKC3Recomp/generated/snesrecomp/bankb8_part541_v2.c: In function 'CODE_B8D410_M0X0':
D:/l4t/DKC3Recomp/generated/snesrecomp/bankb8_part541_v2.c:49:3: warning: label 'L_D410_M0X0' defined but not used [-Wunused-label]
   49 |   L_D410_M0X0:
      |   ^~~~~~~~~~~
D:/l4t/DKC3Recomp/generated/snesrecomp/bankb8_part542_v2.c: In function 'CODE_B8D42D_M0X0':
D:/l4t/DKC3Recomp/generated/snesrecomp/bankb8_part542_v2.c:49:3: warning: label 'L_D42D_M0X0' defined but not used [-Wunused-label]
   49 |   L_D42D_M0X0:
      |   ^~~~~~~~~~~
D:/l4t/DKC3Recomp/generated/snesrecomp/bankb8_part544_v2.c: In function 'CODE_B8D448_M0X0':
D:/l4t/DKC3Recomp/generated/snesrecomp/bankb8_part544_v2.c:50:3: warning: label 'L_D448_M0X0' defined but not used [-Wunused-label]
   50 |   L_D448_M0X0:
      |   ^~~~~~~~~~~
D:/l4t/DKC3Recomp/generated/snesrecomp/bankb8_part545_v2.c: In function 'CODE_B8D450_M0X0':
D:/l4t/DKC3Recomp/generated/snesrecomp/bankb8_part545_v2.c:49:3: warning: label 'L_D450_M0X0' defined but not used [-Wunused-label]
   49 |   L_D450_M0X0:
      |   ^~~~~~~~~~~
D:/l4t/DKC3Recomp/generated/snesrecomp/bankb8_part546_v2.c: In function 'CODE_B8D469_M0X0':
D:/l4t/DKC3Recomp/generated/snesrecomp/bankb8_part546_v2.c:49:3: warning: label 'L_D469_M0X0' defined but not used [-Wunused-label]
   49 |   L_D469_M0X0:
      |   ^~~~~~~~~~~
D:/l4t/DKC3Recomp/generated/snesrecomp/bankb8_part548_v2.c: In function 'CODE_B8D482_M0X0':
D:/l4t/DKC3Recomp/generated/snesrecomp/bankb8_part548_v2.c:49:3: warning: label 'L_D482_M0X0' defined but not used [-Wunused-label]
   49 |   L_D482_M0X0:
      |   ^~~~~~~~~~~
D:/l4t/DKC3Recomp/generated/snesrecomp/bankb8_part549_v2.c: In function 'CODE_B8D49D_M0X0':
D:/l4t/DKC3Recomp/generated/snesrecomp/bankb8_part549_v2.c:49:3: warning: label 'L_D49D_M0X0' defined but not used [-Wunused-label]
   49 |   L_D49D_M0X0:
      |   ^~~~~~~~~~~
D:/l4t/DKC3Recomp/generated/snesrecomp/bankb8_part54c_v2.c: In function 'CODE_B8D4C2_M0X0':
D:/l4t/DKC3Recomp/generated/snesrecomp/bankb8_part54c_v2.c:49:3: warning: label 'L_D4C2_M0X0' defined but not used [-Wunused-label]
   49 |   L_D4C2_M0X0:
      |   ^~~~~~~~~~~
D:/l4t/DKC3Recomp/generated/snesrecomp/bankb8_part551_v2.c: In function 'CODE_B8D512_M0X0':
D:/l4t/DKC3Recomp/generated/snesrecomp/bankb8_part551_v2.c:51:3: warning: label 'L_D512_M0X0' defined but not used [-Wunused-label]
   51 |   L_D512_M0X0:
      |   ^~~~~~~~~~~
D:/l4t/DKC3Recomp/generated/snesrecomp/bankb8_part551_v2.c: In function 'CODE_B8D51E_M0X0':
D:/l4t/DKC3Recomp/generated/snesrecomp/bankb8_part551_v2.c:206:3: warning: label 'L_D51E_M0X0' defined but not used [-Wunused-label]
  206 |   L_D51E_M0X0:
      |   ^~~~~~~~~~~
D:/l4t/DKC3Recomp/generated/snesrecomp/bankb8_part552_v2.c: In function 'CODE_B8D52D_M0X0':
D:/l4t/DKC3Recomp/generated/snesrecomp/bankb8_part552_v2.c:50:3: warning: label 'L_D52D_M0X0' defined but not used [-Wunused-label]
   50 |   L_D52D_M0X0:
      |   ^~~~~~~~~~~
D:/l4t/DKC3Recomp/generated/snesrecomp/bankb8_part553_v2.c: In function 'CODE_B8D535_M0X0':
D:/l4t/DKC3Recomp/generated/snesrecomp/bankb8_part553_v2.c:50:3: warning: label 'L_D535_M0X0' defined but not used [-Wunused-label]
   50 |   L_D535_M0X0:
      |   ^~~~~~~~~~~
D:/l4t/DKC3Recomp/generated/snesrecomp/bankb8_part554_v2.c: In function 'CODE_B8D544_M0X0':
D:/l4t/DKC3Recomp/generated/snesrecomp/bankb8_part554_v2.c:49:3: warning: label 'L_D544_M0X0' defined but not used [-Wunused-label]
   49 |   L_D544_M0X0:
      |   ^~~~~~~~~~~
D:/l4t/DKC3Recomp/generated/snesrecomp/bankb8_part55b_v2.c: In function 'CODE_B8D5BE_M0X0':
D:/l4t/DKC3Recomp/generated/snesrecomp/bankb8_part55b_v2.c:49:3: warning: label 'L_D5BE_M0X0' defined but not used [-Wunused-label]
   49 |   L_D5BE_M0X0:
      |   ^~~~~~~~~~~
D:/l4t/DKC3Recomp/generated/snesrecomp/bankb8_part55c_v2.c: In function 'CODE_B8D5C3_M0X0':
D:/l4t/DKC3Recomp/generated/snesrecomp/bankb8_part55c_v2.c:49:3: warning: label 'L_D5C3_M0X0' defined but not used [-Wunused-label]
   49 |   L_D5C3_M0X0:
      |   ^~~~~~~~~~~
D:/l4t/DKC3Recomp/generated/snesrecomp/bankb8_part55d_v2.c: In function 'CODE_B8D5D1_M0X0':
D:/l4t/DKC3Recomp/generated/snesrecomp/bankb8_part55d_v2.c:50:3: warning: label 'L_D5D1_M0X0' defined but not used [-Wunused-label]
   50 |   L_D5D1_M0X0:
      |   ^~~~~~~~~~~
D:/l4t/DKC3Recomp/generated/snesrecomp/bankb8_part55d_v2.c: In function 'CODE_B8D5DF_M0X0':
D:/l4t/DKC3Recomp/generated/snesrecomp/bankb8_part55d_v2.c:304:3: warning: label 'L_D5DF_M0X0' defined but not used [-Wunused-label]
  304 |   L_D5DF_M0X0:
      |   ^~~~~~~~~~~
D:/l4t/DKC3Recomp/generated/snesrecomp/bankb8_part55f_v2.c: In function 'CODE_B8D5FF_M0X0':
D:/l4t/DKC3Recomp/generated/snesrecomp/bankb8_part55f_v2.c:50:3: warning: label 'L_D5FF_M0X0' defined but not used [-Wunused-label]
   50 |   L_D5FF_M0X0:
      |   ^~~~~~~~~~~
D:/l4t/DKC3Recomp/generated/snesrecomp/bankb8_part560_v2.c: In function 'CODE_B8D60E_M0X0':
D:/l4t/DKC3Recomp/generated/snesrecomp/bankb8_part560_v2.c:50:3: warning: label 'L_D60E_M0X0' defined but not used [-Wunused-label]
   50 |   L_D60E_M0X0:
      |   ^~~~~~~~~~~
D:/l4t/DKC3Recomp/generated/snesrecomp/bankb8_part561_v2.c: In function 'CODE_B8D619_M0X0':
D:/l4t/DKC3Recomp/generated/snesrecomp/bankb8_part561_v2.c:49:3: warning: label 'L_D619_M0X0' defined but not used [-Wunused-label]
   49 |   L_D619_M0X0:
      |   ^~~~~~~~~~~
D:/l4t/DKC3Recomp/generated/snesrecomp/bankb8_part562_v2.c: In function 'CODE_B8D620_M0X0':
D:/l4t/DKC3Recomp/generated/snesrecomp/bankb8_part562_v2.c:52:3: warning: label 'L_D620_M0X0' defined but not used [-Wunused-label]
   52 |   L_D620_M0X0:
      |   ^~~~~~~~~~~
D:/l4t/DKC3Recomp/generated/snesrecomp/bankb8_part562_v2.c: In function 'CODE_B8D628_M0X0':
D:/l4t/DKC3Recomp/generated/snesrecomp/bankb8_part562_v2.c:165:3: warning: label 'L_D628_M0X0' defined but not used [-Wunused-label]
  165 |   L_D628_M0X0:
      |   ^~~~~~~~~~~
D:/l4t/DKC3Recomp/generated/snesrecomp/bankb8_part563_v2.c: In function 'CODE_B8D63E_M0X0':
D:/l4t/DKC3Recomp/generated/snesrecomp/bankb8_part563_v2.c:50:3: warning: label 'L_D63E_M0X0' defined but not used [-Wunused-label]
   50 |   L_D63E_M0X0:
      |   ^~~~~~~~~~~
D:/l4t/DKC3Recomp/generated/snesrecomp/bankb8_part565_v2.c: In function 'CODE_B8D659_M0X0':
D:/l4t/DKC3Recomp/generated/snesrecomp/bankb8_part565_v2.c:49:3: warning: label 'L_D659_M0X0' defined but not used [-Wunused-label]
   49 |   L_D659_M0X0:
      |   ^~~~~~~~~~~
D:/l4t/DKC3Recomp/generated/snesrecomp/bankb8_part575_v2.c: In function 'CODE_B8D75D_M0X0':
D:/l4t/DKC3Recomp/generated/snesrecomp/bankb8_part575_v2.c:49:3: warning: label 'L_D75D_M0X0' defined but not used [-Wunused-label]
   49 |   L_D75D_M0X0:
      |   ^~~~~~~~~~~
D:/l4t/DKC3Recomp/generated/snesrecomp/bankb8_part579_v2.c: In function 'CODE_B8D795_M0X0':
D:/l4t/DKC3Recomp/generated/snesrecomp/bankb8_part579_v2.c:49:3: warning: label 'L_D795_M0X0' defined but not used [-Wunused-label]
   49 |   L_D795_M0X0:
      |   ^~~~~~~~~~~
D:/l4t/DKC3Recomp/generated/snesrecomp/bankb8_part58d_v2.c: In function 'CODE_B8D8D7_M0X0':
D:/l4t/DKC3Recomp/generated/snesrecomp/bankb8_part58d_v2.c:49:3: warning: label 'L_D8D7_M0X0' defined but not used [-Wunused-label]
   49 |   L_D8D7_M0X0:
      |   ^~~~~~~~~~~
D:/l4t/DKC3Recomp/generated/snesrecomp/bankb8_part596_v2.c: In function 'CODE_B8D96C_M0X0':
D:/l4t/DKC3Recomp/generated/snesrecomp/bankb8_part596_v2.c:50:3: warning: label 'L_D96C_M0X0' defined but not used [-Wunused-label]
   50 |   L_D96C_M0X0:
      |   ^~~~~~~~~~~
D:/l4t/DKC3Recomp/generated/snesrecomp/bankb8_part597_v2.c: In function 'CODE_B8D971_M0X0':
D:/l4t/DKC3Recomp/generated/snesrecomp/bankb8_part597_v2.c:53:3: warning: label 'L_D971_M0X0' defined but not used [-Wunused-label]
   53 |   L_D971_M0X0:
      |   ^~~~~~~~~~~
D:/l4t/DKC3Recomp/generated/snesrecomp/bankb8_part597_v2.c: In function 'CODE_B8D97C_M0X0':
D:/l4t/DKC3Recomp/generated/snesrecomp/bankb8_part597_v2.c:120:3: warning: label 'L_D97C_M0X0' defined but not used [-Wunused-label]
  120 |   L_D97C_M0X0:
      |   ^~~~~~~~~~~
D:/l4t/DKC3Recomp/generated/snesrecomp/bankb8_part5a3_v2.c: In function 'CODE_B8DA33_M0X0':
D:/l4t/DKC3Recomp/generated/snesrecomp/bankb8_part5a3_v2.c:50:3: warning: label 'L_DA33_M0X0' defined but not used [-Wunused-label]
   50 |   L_DA33_M0X0:
      |   ^~~~~~~~~~~
D:/l4t/DKC3Recomp/generated/snesrecomp/bankb8_part5a4_v2.c: In function 'CODE_B8DA4F_M0X0':
D:/l4t/DKC3Recomp/generated/snesrecomp/bankb8_part5a4_v2.c:49:3: warning: label 'L_DA4F_M0X0' defined but not used [-Wunused-label]
   49 |   L_DA4F_M0X0:
      |   ^~~~~~~~~~~
D:/l4t/DKC3Recomp/generated/snesrecomp/bankb8_part5a9_v2.c: In function 'CODE_B8DA99_M0X0':
D:/l4t/DKC3Recomp/generated/snesrecomp/bankb8_part5a9_v2.c:53:3: warning: label 'L_DA99_M0X0' defined but not used [-Wunused-label]
   53 |   L_DA99_M0X0:
      |   ^~~~~~~~~~~
D:/l4t/DKC3Recomp/generated/snesrecomp/bankb8_part5ab_v2.c: In function 'CODE_B8DABF_M0X0':
D:/l4t/DKC3Recomp/generated/snesrecomp/bankb8_part5ab_v2.c:49:3: warning: label 'L_DABF_M0X0' defined but not used [-Wunused-label]
   49 |   L_DABF_M0X0:
      |   ^~~~~~~~~~~
D:/l4t/DKC3Recomp/generated/snesrecomp/bankb8_part5b5_v2.c: In function 'CODE_B8DB56_M0X0':
D:/l4t/DKC3Recomp/generated/snesrecomp/bankb8_part5b5_v2.c:52:3: warning: label 'L_DB56_M0X0' defined but not used [-Wunused-label]
   52 |   L_DB56_M0X0:
      |   ^~~~~~~~~~~
D:/l4t/DKC3Recomp/generated/snesrecomp/bankb8_part5c5_v2.c: In function 'CODE_B8DC59_M0X0':
D:/l4t/DKC3Recomp/generated/snesrecomp/bankb8_part5c5_v2.c:49:3: warning: label 'L_DC59_M0X0' defined but not used [-Wunused-label]
   49 |   L_DC59_M0X0:
      |   ^~~~~~~~~~~
D:/l4t/DKC3Recomp/generated/snesrecomp/bankb8_part5c7_v2.c: In function 'CODE_B8DC77_M0X0':
D:/l4t/DKC3Recomp/generated/snesrecomp/bankb8_part5c7_v2.c:49:3: warning: label 'L_DC77_M0X0' defined but not used [-Wunused-label]
   49 |   L_DC77_M0X0:
      |   ^~~~~~~~~~~
D:/l4t/DKC3Recomp/generated/snesrecomp/bankb8_part5ce_v2.c: In function 'CODE_B8DCED_M0X0':
D:/l4t/DKC3Recomp/generated/snesrecomp/bankb8_part5ce_v2.c:51:3: warning: label 'L_DCED_M0X0' defined but not used [-Wunused-label]
   51 |   L_DCED_M0X0:
      |   ^~~~~~~~~~~
D:/l4t/DKC3Recomp/generated/snesrecomp/bankb8_part5d2_v2.c: In function 'CODE_B8DD20_M0X0':
D:/l4t/DKC3Recomp/generated/snesrecomp/bankb8_part5d2_v2.c:49:3: warning: label 'L_DD20_M0X0' defined but not used [-Wunused-label]
   49 |   L_DD20_M0X0:
      |   ^~~~~~~~~~~
D:/l4t/DKC3Recomp/generated/snesrecomp/bankb8_part5d_v2.c: In function 'CODE_B885D5_M0X0':
D:/l4t/DKC3Recomp/generated/snesrecomp/bankb8_part5d_v2.c:49:3: warning: label 'L_85D5_M0X0' defined but not used [-Wunused-label]
   49 |   L_85D5_M0X0:
      |   ^~~~~~~~~~~
D:/l4t/DKC3Recomp/generated/snesrecomp/bankb8_part5e1_v2.c: In function 'CODE_B8DE1F_M0X0':
D:/l4t/DKC3Recomp/generated/snesrecomp/bankb8_part5e1_v2.c:51:3: warning: label 'L_DE1F_M0X0' defined but not used [-Wunused-label]
   51 |   L_DE1F_M0X0:
      |   ^~~~~~~~~~~
D:/l4t/DKC3Recomp/generated/snesrecomp/bankb8_part5e3_v2.c: In function 'CODE_B8DE36_M0X0':
D:/l4t/DKC3Recomp/generated/snesrecomp/bankb8_part5e3_v2.c:49:3: warning: label 'L_DE36_M0X0' defined but not used [-Wunused-label]
   49 |   L_DE36_M0X0:
      |   ^~~~~~~~~~~
D:/l4t/DKC3Recomp/generated/snesrecomp/bankb8_part5e5_v2.c: In function 'CODE_B8DE55_M0X0':
D:/l4t/DKC3Recomp/generated/snesrecomp/bankb8_part5e5_v2.c:49:3: warning: label 'L_DE55_M0X0' defined but not used [-Wunused-label]
   49 |   L_DE55_M0X0:
      |   ^~~~~~~~~~~
D:/l4t/DKC3Recomp/generated/snesrecomp/bankb8_part5e7_v2.c: In function 'CODE_B8DE74_M0X0':
D:/l4t/DKC3Recomp/generated/snesrecomp/bankb8_part5e7_v2.c:49:3: warning: label 'L_DE74_M0X0' defined but not used [-Wunused-label]
   49 |   L_DE74_M0X0:
      |   ^~~~~~~~~~~
D:/l4t/DKC3Recomp/generated/snesrecomp/bankb8_part5e9_v2.c: In function 'CODE_B8DE93_M0X0':
D:/l4t/DKC3Recomp/generated/snesrecomp/bankb8_part5e9_v2.c:51:3: warning: label 'L_DE93_M0X0' defined but not used [-Wunused-label]
   51 |   L_DE93_M0X0:
      |   ^~~~~~~~~~~
D:/l4t/DKC3Recomp/generated/snesrecomp/bankb8_part5e9_v2.c: In function 'CODE_B8DE9F_M0X0':
D:/l4t/DKC3Recomp/generated/snesrecomp/bankb8_part5e9_v2.c:206:3: warning: label 'L_DE9F_M0X0' defined but not used [-Wunused-label]
  206 |   L_DE9F_M0X0:
      |   ^~~~~~~~~~~
D:/l4t/DKC3Recomp/generated/snesrecomp/bankb8_part5ea_v2.c: In function 'CODE_B8DEA7_M0X0':
D:/l4t/DKC3Recomp/generated/snesrecomp/bankb8_part5ea_v2.c:49:3: warning: label 'L_DEA7_M0X0' defined but not used [-Wunused-label]
   49 |   L_DEA7_M0X0:
      |   ^~~~~~~~~~~
D:/l4t/DKC3Recomp/generated/snesrecomp/bankb8_part5ec_v2.c: In function 'CODE_B8DEC6_M0X0':
D:/l4t/DKC3Recomp/generated/snesrecomp/bankb8_part5ec_v2.c:54:3: warning: label 'L_DEC6_M0X0' defined but not used [-Wunused-label]
   54 |   L_DEC6_M0X0:
      |   ^~~~~~~~~~~
D:/l4t/DKC3Recomp/generated/snesrecomp/bankb8_part5ec_v2.c: In function 'CODE_B8DECF_M0X0':
D:/l4t/DKC3Recomp/generated/snesrecomp/bankb8_part5ec_v2.c:227:3: warning: label 'L_DECF_M0X0' defined but not used [-Wunused-label]
  227 |   L_DECF_M0X0:
      |   ^~~~~~~~~~~
D:/l4t/DKC3Recomp/generated/snesrecomp/bankb8_part5ed_v2.c: In function 'CODE_B8DED8_M0X0':
D:/l4t/DKC3Recomp/generated/snesrecomp/bankb8_part5ed_v2.c:50:3: warning: label 'L_DED8_M0X0' defined but not used [-Wunused-label]
   50 |   L_DED8_M0X0:
      |   ^~~~~~~~~~~
D:/l4t/DKC3Recomp/generated/snesrecomp/bankb8_part5f_v2.c: In function 'CODE_B885F8_M0X0':
D:/l4t/DKC3Recomp/generated/snesrecomp/bankb8_part5f_v2.c:49:3: warning: label 'L_85F8_M0X0' defined but not used [-Wunused-label]
   49 |   L_85F8_M0X0:
      |   ^~~~~~~~~~~
D:/l4t/DKC3Recomp/generated/snesrecomp/bankb8_part608_v2.c: In function 'CODE_B8E080_M0X0':
D:/l4t/DKC3Recomp/generated/snesrecomp/bankb8_part608_v2.c:49:3: warning: label 'L_E080_M0X0' defined but not used [-Wunused-label]
   49 |   L_E080_M0X0:
      |   ^~~~~~~~~~~
D:/l4t/DKC3Recomp/generated/snesrecomp/bankb8_part60_v2.c: In function 'CODE_B8860B_M0X0':
D:/l4t/DKC3Recomp/generated/snesrecomp/bankb8_part60_v2.c:50:3: warning: label 'L_860B_M0X0' defined but not used [-Wunused-label]
   50 |   L_860B_M0X0:
      |   ^~~~~~~~~~~
D:/l4t/DKC3Recomp/generated/snesrecomp/bankb8_part60a_v2.c: In function 'CODE_B8E0AE_M0X0':
D:/l4t/DKC3Recomp/generated/snesrecomp/bankb8_part60a_v2.c:49:3: warning: label 'L_E0AE_M0X0' defined but not used [-Wunused-label]
   49 |   L_E0AE_M0X0:
      |   ^~~~~~~~~~~
D:/l4t/DKC3Recomp/generated/snesrecomp/bankb8_part60b_v2.c: In function 'CODE_B8E0BF_M0X0':
D:/l4t/DKC3Recomp/generated/snesrecomp/bankb8_part60b_v2.c:50:3: warning: label 'L_E0BF_M0X0' defined but not used [-Wunused-label]
   50 |   L_E0BF_M0X0:
      |   ^~~~~~~~~~~
D:/l4t/DKC3Recomp/generated/snesrecomp/bankb8_part60c_v2.c: In function 'CODE_B8E0CA_M0X0':
D:/l4t/DKC3Recomp/generated/snesrecomp/bankb8_part60c_v2.c:49:3: warning: label 'L_E0CA_M0X0' defined but not used [-Wunused-label]
   49 |   L_E0CA_M0X0:
      |   ^~~~~~~~~~~
D:/l4t/DKC3Recomp/generated/snesrecomp/bankb8_part60e_v2.c: In function 'CODE_B8E0E4_M0X0':
D:/l4t/DKC3Recomp/generated/snesrecomp/bankb8_part60e_v2.c:49:3: warning: label 'L_E0E4_M0X0' defined but not used [-Wunused-label]
   49 |   L_E0E4_M0X0:
      |   ^~~~~~~~~~~
D:/l4t/DKC3Recomp/generated/snesrecomp/bankb8_part60f_v2.c: In function 'CODE_B8E0FE_M0X0':
D:/l4t/DKC3Recomp/generated/snesrecomp/bankb8_part60f_v2.c:49:3: warning: label 'L_E0FE_M0X0' defined but not used [-Wunused-label]
   49 |   L_E0FE_M0X0:
      |   ^~~~~~~~~~~
D:/l4t/DKC3Recomp/generated/snesrecomp/bankb8_part615_v2.c: In function 'CODE_B8E15A_M0X0':
D:/l4t/DKC3Recomp/generated/snesrecomp/bankb8_part615_v2.c:49:3: warning: label 'L_E15A_M0X0' defined but not used [-Wunused-label]
   49 |   L_E15A_M0X0:
      |   ^~~~~~~~~~~
D:/l4t/DKC3Recomp/generated/snesrecomp/bankb8_part617_v2.c: In function 'CODE_B8E179_M0X0':
D:/l4t/DKC3Recomp/generated/snesrecomp/bankb8_part617_v2.c:49:3: warning: label 'L_E179_M0X0' defined but not used [-Wunused-label]
   49 |   L_E179_M0X0:
      |   ^~~~~~~~~~~
D:/l4t/DKC3Recomp/generated/snesrecomp/bankb8_part619_v2.c: In function 'CODE_B8E198_M0X0':
D:/l4t/DKC3Recomp/generated/snesrecomp/bankb8_part619_v2.c:49:3: warning: label 'L_E198_M0X0' defined but not used [-Wunused-label]
   49 |   L_E198_M0X0:
      |   ^~~~~~~~~~~
D:/l4t/DKC3Recomp/generated/snesrecomp/bankb8_part61b_v2.c: In function 'CODE_B8E1BE_M0X0':
D:/l4t/DKC3Recomp/generated/snesrecomp/bankb8_part61b_v2.c:49:3: warning: label 'L_E1BE_M0X0' defined but not used [-Wunused-label]
   49 |   L_E1BE_M0X0:
      |   ^~~~~~~~~~~
D:/l4t/DKC3Recomp/generated/snesrecomp/bankb8_part61e_v2.c: In function 'CODE_B8E1E4_M0X0':
D:/l4t/DKC3Recomp/generated/snesrecomp/bankb8_part61e_v2.c:50:3: warning: label 'L_E1E4_M0X0' defined but not used [-Wunused-label]
   50 |   L_E1E4_M0X0:
      |   ^~~~~~~~~~~
D:/l4t/DKC3Recomp/generated/snesrecomp/bankb8_part61e_v2.c: In function 'CODE_B8E1EF_M0X0':
D:/l4t/DKC3Recomp/generated/snesrecomp/bankb8_part61e_v2.c:169:3: warning: label 'L_E1EF_M0X0' defined but not used [-Wunused-label]
  169 |   L_E1EF_M0X0:
      |   ^~~~~~~~~~~
D:/l4t/DKC3Recomp/generated/snesrecomp/bankb8_part61f_v2.c: In function 'CODE_B8E1FA_M0X0':
D:/l4t/DKC3Recomp/generated/snesrecomp/bankb8_part61f_v2.c:50:3: warning: label 'L_E1FA_M0X0' defined but not used [-Wunused-label]
   50 |   L_E1FA_M0X0:
      |   ^~~~~~~~~~~
D:/l4t/DKC3Recomp/generated/snesrecomp/bankb8_part61f_v2.c: In function 'CODE_B8E1FB_M0X0':
D:/l4t/DKC3Recomp/generated/snesrecomp/bankb8_part61f_v2.c:149:3: warning: label 'L_E1FB_M0X0' defined but not used [-Wunused-label]
  149 |   L_E1FB_M0X0:
      |   ^~~~~~~~~~~
D:/l4t/DKC3Recomp/generated/snesrecomp/bankb8_part622_v2.c: In function 'CODE_B8E22A_M0X0':
D:/l4t/DKC3Recomp/generated/snesrecomp/bankb8_part622_v2.c:49:3: warning: label 'L_E22A_M0X0' defined but not used [-Wunused-label]
   49 |   L_E22A_M0X0:
      |   ^~~~~~~~~~~
D:/l4t/DKC3Recomp/generated/snesrecomp/bankb8_part624_v2.c: In function 'CODE_B8E24E_M0X0':
D:/l4t/DKC3Recomp/generated/snesrecomp/bankb8_part624_v2.c:49:3: warning: label 'L_E24E_M0X0' defined but not used [-Wunused-label]
   49 |   L_E24E_M0X0:
      |   ^~~~~~~~~~~
D:/l4t/DKC3Recomp/generated/snesrecomp/bankb8_part627_v2.c: In function 'CODE_B8E271_M0X0':
D:/l4t/DKC3Recomp/generated/snesrecomp/bankb8_part627_v2.c:49:3: warning: label 'L_E271_M0X0' defined but not used [-Wunused-label]
   49 |   L_E271_M0X0:
      |   ^~~~~~~~~~~
D:/l4t/DKC3Recomp/generated/snesrecomp/bankb8_part62b_v2.c: In function 'CODE_B8E2B4_M0X0':
D:/l4t/DKC3Recomp/generated/snesrecomp/bankb8_part62b_v2.c:49:3: warning: label 'L_E2B4_M0X0' defined but not used [-Wunused-label]
   49 |   L_E2B4_M0X0:
      |   ^~~~~~~~~~~
D:/l4t/DKC3Recomp/generated/snesrecomp/bankb8_part62d_v2.c: In function 'CODE_B8E2DD_M0X0':
D:/l4t/DKC3Recomp/generated/snesrecomp/bankb8_part62d_v2.c:50:3: warning: label 'L_E2DD_M0X0' defined but not used [-Wunused-label]
   50 |   L_E2DD_M0X0:
      |   ^~~~~~~~~~~
D:/l4t/DKC3Recomp/generated/snesrecomp/bankb8_part62e_v2.c: In function 'unknown_sprite_012C_main_M0X0':
D:/l4t/DKC3Recomp/generated/snesrecomp/bankb8_part62e_v2.c:51:3: warning: label 'L_E2E8_M0X0' defined but not used [-Wunused-label]
   51 |   L_E2E8_M0X0:
      |   ^~~~~~~~~~~
D:/l4t/DKC3Recomp/generated/snesrecomp/bankb8_part62f_v2.c: In function 'unknown_sprite_0004_main_M0X0':
D:/l4t/DKC3Recomp/generated/snesrecomp/bankb8_part62f_v2.c:52:3: warning: label 'L_E2FE_M0X0' defined but not used [-Wunused-label]
   52 |   L_E2FE_M0X0:
      |   ^~~~~~~~~~~
D:/l4t/DKC3Recomp/generated/snesrecomp/bankb8_part631_v2.c: In function 'group_spawn_manager_main_M0X0':
D:/l4t/DKC3Recomp/generated/snesrecomp/bankb8_part631_v2.c:51:3: warning: label 'L_E31E_M0X0' defined but not used [-Wunused-label]
   51 |   L_E31E_M0X0:
      |   ^~~~~~~~~~~
D:/l4t/DKC3Recomp/generated/snesrecomp/bankb8_part632_v2.c: In function 'sprite_marker_main_M0X0':
D:/l4t/DKC3Recomp/generated/snesrecomp/bankb8_part632_v2.c:50:3: warning: label 'L_E32D_M0X0' defined but not used [-Wunused-label]
   50 |   L_E32D_M0X0:
      |   ^~~~~~~~~~~
D:/l4t/DKC3Recomp/generated/snesrecomp/bankb8_part633_v2.c: In function 'CODE_B8E334_M0X0':
D:/l4t/DKC3Recomp/generated/snesrecomp/bankb8_part633_v2.c:49:3: warning: label 'L_E334_M0X0' defined but not used [-Wunused-label]
   49 |   L_E334_M0X0:
      |   ^~~~~~~~~~~
D:/l4t/DKC3Recomp/generated/snesrecomp/bankb8_part63_v2.c: In function 'CODE_B8863A_M0X0':
D:/l4t/DKC3Recomp/generated/snesrecomp/bankb8_part63_v2.c:49:3: warning: label 'L_863A_M0X0' defined but not used [-Wunused-label]
   49 |   L_863A_M0X0:
      |   ^~~~~~~~~~~
D:/l4t/DKC3Recomp/generated/snesrecomp/bankb8_part63a_v2.c: In function 'CODE_B8E3A3_M0X0':
D:/l4t/DKC3Recomp/generated/snesrecomp/bankb8_part63a_v2.c:50:3: warning: label 'L_E3A3_M0X0' defined but not used [-Wunused-label]
   50 |   L_E3A3_M0X0:
      |   ^~~~~~~~~~~
D:/l4t/DKC3Recomp/generated/snesrecomp/bankb8_part643_v2.c: In function 'ellie_main_M0X0':
D:/l4t/DKC3Recomp/generated/snesrecomp/bankb8_part643_v2.c:50:3: warning: label 'L_E432_M0X0' defined but not used [-Wunused-label]
   50 |   L_E432_M0X0:
      |   ^~~~~~~~~~~
D:/l4t/DKC3Recomp/generated/snesrecomp/bankb8_part647_v2.c: In function 'CODE_B8E472_M0X0':
D:/l4t/DKC3Recomp/generated/snesrecomp/bankb8_part647_v2.c:49:3: warning: label 'L_E472_M0X0' defined but not used [-Wunused-label]
   49 |   L_E472_M0X0:
      |   ^~~~~~~~~~~
D:/l4t/DKC3Recomp/generated/snesrecomp/bankb8_part64_v2.c: In function 'CODE_B88643_M0X0':
D:/l4t/DKC3Recomp/generated/snesrecomp/bankb8_part64_v2.c:49:3: warning: label 'L_8643_M0X0' defined but not used [-Wunused-label]
   49 |   L_8643_M0X0:
      |   ^~~~~~~~~~~
D:/l4t/DKC3Recomp/generated/snesrecomp/bankb8_part658_v2.c: In function 'CODE_B8E587_M0X0':
D:/l4t/DKC3Recomp/generated/snesrecomp/bankb8_part658_v2.c:49:3: warning: label 'L_E587_M0X0' defined but not used [-Wunused-label]
   49 |   L_E587_M0X0:
      |   ^~~~~~~~~~~
D:/l4t/DKC3Recomp/generated/snesrecomp/bankb8_part65b_v2.c: In function 'CODE_B8E5B3_M0X0':
D:/l4t/DKC3Recomp/generated/snesrecomp/bankb8_part65b_v2.c:55:3: warning: label 'L_E5B3_M0X0' defined but not used [-Wunused-label]
   55 |   L_E5B3_M0X0:
      |   ^~~~~~~~~~~
D:/l4t/DKC3Recomp/generated/snesrecomp/bankb8_part65e_v2.c: In function 'CODE_B8E5E1_M0X0':
D:/l4t/DKC3Recomp/generated/snesrecomp/bankb8_part65e_v2.c:49:3: warning: label 'L_E5E1_M0X0' defined but not used [-Wunused-label]
   49 |   L_E5E1_M0X0:
      |   ^~~~~~~~~~~
D:/l4t/DKC3Recomp/generated/snesrecomp/bankb8_part661_v2.c: In function 'CODE_B8E618_M0X0':
D:/l4t/DKC3Recomp/generated/snesrecomp/bankb8_part661_v2.c:49:3: warning: label 'L_E618_M0X0' defined but not used [-Wunused-label]
   49 |   L_E618_M0X0:
      |   ^~~~~~~~~~~
D:/l4t/DKC3Recomp/generated/snesrecomp/bankb8_part664_v2.c: In function 'CODE_B8E642_M0X0':
D:/l4t/DKC3Recomp/generated/snesrecomp/bankb8_part664_v2.c:49:3: warning: label 'L_E642_M0X0' defined but not used [-Wunused-label]
   49 |   L_E642_M0X0:
      |   ^~~~~~~~~~~
D:/l4t/DKC3Recomp/generated/snesrecomp/bankb8_part667_v2.c: In function 'CODE_B8E670_M0X0':
D:/l4t/DKC3Recomp/generated/snesrecomp/bankb8_part667_v2.c:50:3: warning: label 'L_E670_M0X0' defined but not used [-Wunused-label]
   50 |   L_E670_M0X0:
      |   ^~~~~~~~~~~
D:/l4t/DKC3Recomp/generated/snesrecomp/bankb8_part66a_v2.c: In function 'CODE_B8E6A2_M0X0':
D:/l4t/DKC3Recomp/generated/snesrecomp/bankb8_part66a_v2.c:50:3: warning: label 'L_E6A2_M0X0' defined but not used [-Wunused-label]
   50 |   L_E6A2_M0X0:
      |   ^~~~~~~~~~~
D:/l4t/DKC3Recomp/generated/snesrecomp/bankb8_part66d_v2.c: In function 'CODE_B8E6D9_M0X0':
D:/l4t/DKC3Recomp/generated/snesrecomp/bankb8_part66d_v2.c:49:3: warning: label 'L_E6D9_M0X0' defined but not used [-Wunused-label]
   49 |   L_E6D9_M0X0:
      |   ^~~~~~~~~~~
D:/l4t/DKC3Recomp/generated/snesrecomp/bankb8_part673_v2.c: In function 'enguarde_main_M0X0':
D:/l4t/DKC3Recomp/generated/snesrecomp/bankb8_part673_v2.c:50:3: warning: label 'L_E73C_M0X0' defined but not used [-Wunused-label]
   50 |   L_E73C_M0X0:
      |   ^~~~~~~~~~~
D:/l4t/DKC3Recomp/generated/snesrecomp/bankb8_part676_v2.c: In function 'CODE_B8E768_M0X0':
D:/l4t/DKC3Recomp/generated/snesrecomp/bankb8_part676_v2.c:49:3: warning: label 'L_E768_M0X0' defined but not used [-Wunused-label]
   49 |   L_E768_M0X0:
      |   ^~~~~~~~~~~
D:/l4t/DKC3Recomp/generated/snesrecomp/bankb8_part678_v2.c: In function 'CODE_B8E78D_M0X0':
D:/l4t/DKC3Recomp/generated/snesrecomp/bankb8_part678_v2.c:50:3: warning: label 'L_E78D_M0X0' defined but not used [-Wunused-label]
   50 |   L_E78D_M0X0:
      |   ^~~~~~~~~~~
D:/l4t/DKC3Recomp/generated/snesrecomp/bankb8_part678_v2.c: In function 'CODE_B8E78F_M0X0':
D:/l4t/DKC3Recomp/generated/snesrecomp/bankb8_part678_v2.c:100:3: warning: label 'L_E78F_M0X0' defined but not used [-Wunused-label]
  100 |   L_E78F_M0X0:
      |   ^~~~~~~~~~~
D:/l4t/DKC3Recomp/generated/snesrecomp/bankb8_part67b_v2.c: In function 'CODE_B8E7BF_M0X0':
D:/l4t/DKC3Recomp/generated/snesrecomp/bankb8_part67b_v2.c:49:3: warning: label 'L_E7BF_M0X0' defined but not used [-Wunused-label]
   49 |   L_E7BF_M0X0:
      |   ^~~~~~~~~~~
D:/l4t/DKC3Recomp/generated/snesrecomp/bankb8_part67d_v2.c: In function 'CODE_B8E7DF_M0X0':
D:/l4t/DKC3Recomp/generated/snesrecomp/bankb8_part67d_v2.c:56:3: warning: label 'L_E7DF_M0X0' defined but not used [-Wunused-label]
   56 |   L_E7DF_M0X0:
      |   ^~~~~~~~~~~
D:/l4t/DKC3Recomp/generated/snesrecomp/bankb8_part682_v2.c: In function 'CODE_B8E82F_M0X0':
D:/l4t/DKC3Recomp/generated/snesrecomp/bankb8_part682_v2.c:50:3: warning: label 'L_E82F_M0X0' defined but not used [-Wunused-label]
   50 |   L_E82F_M0X0:
      |   ^~~~~~~~~~~
D:/l4t/DKC3Recomp/generated/snesrecomp/bankb8_part683_v2.c: In function 'CODE_B8E837_M0X0':
D:/l4t/DKC3Recomp/generated/snesrecomp/bankb8_part683_v2.c:50:3: warning: label 'L_E837_M0X0' defined but not used [-Wunused-label]
   50 |   L_E837_M0X0:
      |   ^~~~~~~~~~~
D:/l4t/DKC3Recomp/generated/snesrecomp/bankb8_part685_v2.c: In function 'CODE_B8E856_M0X0':
D:/l4t/DKC3Recomp/generated/snesrecomp/bankb8_part685_v2.c:50:3: warning: label 'L_E856_M0X0' defined but not used [-Wunused-label]
   50 |   L_E856_M0X0:
      |   ^~~~~~~~~~~
D:/l4t/DKC3Recomp/generated/snesrecomp/bankb8_part687_v2.c: In function 'CODE_B8E870_M0X0':
D:/l4t/DKC3Recomp/generated/snesrecomp/bankb8_part687_v2.c:50:3: warning: label 'L_E870_M0X0' defined but not used [-Wunused-label]
   50 |   L_E870_M0X0:
      |   ^~~~~~~~~~~
D:/l4t/DKC3Recomp/generated/snesrecomp/bankb8_part688_v2.c: In function 'squawks_main_M0X0':
D:/l4t/DKC3Recomp/generated/snesrecomp/bankb8_part688_v2.c:50:3: warning: label 'L_E881_M0X0' defined but not used [-Wunused-label]
   50 |   L_E881_M0X0:
      |   ^~~~~~~~~~~
D:/l4t/DKC3Recomp/generated/snesrecomp/bankb8_part68b_v2.c: In function 'CODE_B8E8B2_M0X0':
D:/l4t/DKC3Recomp/generated/snesrecomp/bankb8_part68b_v2.c:49:3: warning: label 'L_E8B2_M0X0' defined but not used [-Wunused-label]
   49 |   L_E8B2_M0X0:
      |   ^~~~~~~~~~~
D:/l4t/DKC3Recomp/generated/snesrecomp/bankb8_part68e_v2.c: In function 'squawks_egg_main_M0X0':
D:/l4t/DKC3Recomp/generated/snesrecomp/bankb8_part68e_v2.c:49:3: warning: label 'L_E8E6_M0X0' defined but not used [-Wunused-label]
   49 |   L_E8E6_M0X0:
      |   ^~~~~~~~~~~
D:/l4t/DKC3Recomp/generated/snesrecomp/bankb8_part696_v2.c: In function 'squitter_main_M0X0':
D:/l4t/DKC3Recomp/generated/snesrecomp/bankb8_part696_v2.c:50:3: warning: label 'L_E961_M0X0' defined but not used [-Wunused-label]
   50 |   L_E961_M0X0:
      |   ^~~~~~~~~~~
D:/l4t/DKC3Recomp/generated/snesrecomp/bankb8_part699_v2.c: In function 'CODE_B8E991_M0X0':
D:/l4t/DKC3Recomp/generated/snesrecomp/bankb8_part699_v2.c:49:3: warning: label 'L_E991_M0X0' defined but not used [-Wunused-label]
   49 |   L_E991_M0X0:
      |   ^~~~~~~~~~~
D:/l4t/DKC3Recomp/generated/snesrecomp/bankb8_part6a2_v2.c: In function 'CODE_B8EA23_M0X0':
D:/l4t/DKC3Recomp/generated/snesrecomp/bankb8_part6a2_v2.c:49:3: warning: label 'L_EA23_M0X0' defined but not used [-Wunused-label]
   49 |   L_EA23_M0X0:
      |   ^~~~~~~~~~~
D:/l4t/DKC3Recomp/generated/snesrecomp/bankb8_part6a4_v2.c: In function 'CODE_B8EA41_M0X0':
D:/l4t/DKC3Recomp/generated/snesrecomp/bankb8_part6a4_v2.c:50:3: warning: label 'L_EA41_M0X0' defined but not used [-Wunused-label]
   50 |   L_EA41_M0X0:
      |   ^~~~~~~~~~~
D:/l4t/DKC3Recomp/generated/snesrecomp/bankb8_part6a5_v2.c: In function 'web_platform_main_M0X0':
D:/l4t/DKC3Recomp/generated/snesrecomp/bankb8_part6a5_v2.c:49:3: warning: label 'L_EA5B_M0X0' defined but not used [-Wunused-label]
   49 |   L_EA5B_M0X0:
      |   ^~~~~~~~~~~
D:/l4t/DKC3Recomp/generated/snesrecomp/bankb8_part6b0_v2.c: In function 'parry_main_M0X0':
D:/l4t/DKC3Recomp/generated/snesrecomp/bankb8_part6b0_v2.c:51:3: warning: label 'L_EB00_M0X0' defined but not used [-Wunused-label]
   51 |   L_EB00_M0X0:
      |   ^~~~~~~~~~~
D:/l4t/DKC3Recomp/generated/snesrecomp/bankb8_part6b0_v2.c: In function 'CODE_B8EB09_M0X0':
D:/l4t/DKC3Recomp/generated/snesrecomp/bankb8_part6b0_v2.c:141:3: warning: label 'L_EB09_M0X0' defined but not used [-Wunused-label]
  141 |   L_EB09_M0X0:
      |   ^~~~~~~~~~~
D:/l4t/DKC3Recomp/generated/snesrecomp/bankb8_part6ba_v2.c: In function 'CODE_B8EBA9_M0X0':
D:/l4t/DKC3Recomp/generated/snesrecomp/bankb8_part6ba_v2.c:51:3: warning: label 'L_EBA9_M0X0' defined but not used [-Wunused-label]
   51 |   L_EBA9_M0X0:
      |   ^~~~~~~~~~~
D:/l4t/DKC3Recomp/generated/snesrecomp/bankb8_part6c2_v2.c: In function 'CODE_B8EC24_M0X0':
D:/l4t/DKC3Recomp/generated/snesrecomp/bankb8_part6c2_v2.c:49:3: warning: label 'L_EC24_M0X0' defined but not used [-Wunused-label]
   49 |   L_EC24_M0X0:
      |   ^~~~~~~~~~~
D:/l4t/DKC3Recomp/generated/snesrecomp/bankb8_part6c6_v2.c: In function 'CODE_B8EC6A_M0X0':
D:/l4t/DKC3Recomp/generated/snesrecomp/bankb8_part6c6_v2.c:50:3: warning: label 'L_EC6A_M0X0' defined but not used [-Wunused-label]
   50 |   L_EC6A_M0X0:
      |   ^~~~~~~~~~~
D:/l4t/DKC3Recomp/generated/snesrecomp/bankb8_part6c8_v2.c: In function 'CODE_B8EC88_M0X0':
D:/l4t/DKC3Recomp/generated/snesrecomp/bankb8_part6c8_v2.c:49:3: warning: label 'L_EC88_M0X0' defined but not used [-Wunused-label]
   49 |   L_EC88_M0X0:
      |   ^~~~~~~~~~~
D:/l4t/DKC3Recomp/generated/snesrecomp/bankb8_part6ca_v2.c: In function 'animal_buddy_icon_main_M0X0':
D:/l4t/DKC3Recomp/generated/snesrecomp/bankb8_part6ca_v2.c:53:3: warning: label 'L_ECA5_M0X0' defined but not used [-Wunused-label]
   53 |   L_ECA5_M0X0:
      |   ^~~~~~~~~~~
D:/l4t/DKC3Recomp/generated/snesrecomp/bankb8_part6ca_v2.c: In function 'CODE_B8ECAE_M0X0':
D:/l4t/DKC3Recomp/generated/snesrecomp/bankb8_part6ca_v2.c:143:3: warning: label 'L_ECAE_M0X0' defined but not used [-Wunused-label]
  143 |   L_ECAE_M0X0:
      |   ^~~~~~~~~~~
D:/l4t/DKC3Recomp/generated/snesrecomp/bankb8_part6cb_v2.c: In function 'CODE_B8ECBE_M0X0':
D:/l4t/DKC3Recomp/generated/snesrecomp/bankb8_part6cb_v2.c:50:3: warning: label 'L_ECBE_M0X0' defined but not used [-Wunused-label]
   50 |   L_ECBE_M0X0:
      |   ^~~~~~~~~~~
D:/l4t/DKC3Recomp/generated/snesrecomp/bankb8_part6cd_v2.c: In function 'CODE_B8ECDB_M0X0':
D:/l4t/DKC3Recomp/generated/snesrecomp/bankb8_part6cd_v2.c:50:3: warning: label 'L_ECDB_M0X0' defined but not used [-Wunused-label]
   50 |   L_ECDB_M0X0:
      |   ^~~~~~~~~~~
D:/l4t/DKC3Recomp/generated/snesrecomp/bankb8_part6d4_v2.c: In function 'no_animal_buddy_sign_main_M0X0':
D:/l4t/DKC3Recomp/generated/snesrecomp/bankb8_part6d4_v2.c:53:3: warning: label 'L_ED4B_M0X0' defined but not used [-Wunused-label]
   53 |   L_ED4B_M0X0:
      |   ^~~~~~~~~~~
D:/l4t/DKC3Recomp/generated/snesrecomp/bankb8_part6df_v2.c: In function 'CODE_B8EDF1_M0X0':
D:/l4t/DKC3Recomp/generated/snesrecomp/bankb8_part6df_v2.c:50:3: warning: label 'L_EDF1_M0X0' defined but not used [-Wunused-label]
   50 |   L_EDF1_M0X0:
      |   ^~~~~~~~~~~
D:/l4t/DKC3Recomp/generated/snesrecomp/bankb8_part6e8_v2.c: In function 'animal_buddy_box_main_M0X0':
D:/l4t/DKC3Recomp/generated/snesrecomp/bankb8_part6e8_v2.c:50:3: warning: label 'L_EE88_M0X0' defined but not used [-Wunused-label]
   50 |   L_EE88_M0X0:
      |   ^~~~~~~~~~~
D:/l4t/DKC3Recomp/generated/snesrecomp/bankb8_part6e9_v2.c: In function 'CODE_B8EE91_M0X0':
D:/l4t/DKC3Recomp/generated/snesrecomp/bankb8_part6e9_v2.c:50:3: warning: label 'L_EE91_M0X0' defined but not used [-Wunused-label]
   50 |   L_EE91_M0X0:
      |   ^~~~~~~~~~~
D:/l4t/DKC3Recomp/generated/snesrecomp/bankb8_part6fe_v2.c: In function 'CODE_B8EFE7_M0X0':
D:/l4t/DKC3Recomp/generated/snesrecomp/bankb8_part6fe_v2.c:49:3: warning: label 'L_EFE7_M0X0' defined but not used [-Wunused-label]
   49 |   L_EFE7_M0X0:
      |   ^~~~~~~~~~~
D:/l4t/DKC3Recomp/generated/snesrecomp/bankb8_part702_v2.c: In function 'CODE_B8F028_M0X0':
D:/l4t/DKC3Recomp/generated/snesrecomp/bankb8_part702_v2.c:51:3: warning: label 'L_F028_M0X0' defined but not used [-Wunused-label]
   51 |   L_F028_M0X0:
      |   ^~~~~~~~~~~
D:/l4t/DKC3Recomp/generated/snesrecomp/bankb8_part702_v2.c: In function 'CODE_B8F02A_M0X0':
D:/l4t/DKC3Recomp/generated/snesrecomp/bankb8_part702_v2.c:98:3: warning: label 'L_F02A_M0X0' defined but not used [-Wunused-label]
   98 |   L_F02A_M0X0:
      |   ^~~~~~~~~~~
D:/l4t/DKC3Recomp/generated/snesrecomp/bankb8_part70a_v2.c: In function 'CODE_B8F0AE_M0X0':
D:/l4t/DKC3Recomp/generated/snesrecomp/bankb8_part70a_v2.c:50:3: warning: label 'L_F0AE_M0X0' defined but not used [-Wunused-label]
   50 |   L_F0AE_M0X0:
      |   ^~~~~~~~~~~
D:/l4t/DKC3Recomp/generated/snesrecomp/bankb8_part70b_v2.c: In function 'CODE_B8F0BD_M0X0':
D:/l4t/DKC3Recomp/generated/snesrecomp/bankb8_part70b_v2.c:49:3: warning: label 'L_F0BD_M0X0' defined but not used [-Wunused-label]
   49 |   L_F0BD_M0X0:
      |   ^~~~~~~~~~~
D:/l4t/DKC3Recomp/generated/snesrecomp/bankb8_part717_v2.c: In function 'CODE_B8F179_M0X0':
D:/l4t/DKC3Recomp/generated/snesrecomp/bankb8_part717_v2.c:49:3: warning: label 'L_F179_M0X0' defined but not used [-Wunused-label]
   49 |   L_F179_M0X0:
      |   ^~~~~~~~~~~
D:/l4t/DKC3Recomp/generated/snesrecomp/bankb8_part71a_v2.c: In function 'CODE_B8F1A2_M0X0':
D:/l4t/DKC3Recomp/generated/snesrecomp/bankb8_part71a_v2.c:56:3: warning: label 'L_F1A2_M0X0' defined but not used [-Wunused-label]
   56 |   L_F1A2_M0X0:
      |   ^~~~~~~~~~~
D:/l4t/DKC3Recomp/generated/snesrecomp/bankb8_part71d_v2.c: In function 'CODE_B8F1DC_M0X0':
D:/l4t/DKC3Recomp/generated/snesrecomp/bankb8_part71d_v2.c:51:3: warning: label 'L_F1DC_M0X0' defined but not used [-Wunused-label]
   51 |   L_F1DC_M0X0:
      |   ^~~~~~~~~~~
D:/l4t/DKC3Recomp/generated/snesrecomp/bankb8_part71e_v2.c: In function 'CODE_B8F1EE_M0X0':
D:/l4t/DKC3Recomp/generated/snesrecomp/bankb8_part71e_v2.c:51:3: warning: label 'L_F1EE_M0X0' defined but not used [-Wunused-label]
   51 |   L_F1EE_M0X0:
      |   ^~~~~~~~~~~
D:/l4t/DKC3Recomp/generated/snesrecomp/bankb8_part71f_v2.c: In function 'CODE_B8F1FA_M0X0':
D:/l4t/DKC3Recomp/generated/snesrecomp/bankb8_part71f_v2.c:50:3: warning: label 'L_F1FA_M0X0' defined but not used [-Wunused-label]
   50 |   L_F1FA_M0X0:
      |   ^~~~~~~~~~~
D:/l4t/DKC3Recomp/generated/snesrecomp/bankb8_part720_v2.c: In function 'CODE_B8F203_M0X0':
D:/l4t/DKC3Recomp/generated/snesrecomp/bankb8_part720_v2.c:49:3: warning: label 'L_F203_M0X0' defined but not used [-Wunused-label]
   49 |   L_F203_M0X0:
      |   ^~~~~~~~~~~
D:/l4t/DKC3Recomp/generated/snesrecomp/bankb8_part722_v2.c: In function 'CODE_B8F22A_M0X0':
D:/l4t/DKC3Recomp/generated/snesrecomp/bankb8_part722_v2.c:50:3: warning: label 'L_F22A_M0X0' defined but not used [-Wunused-label]
   50 |   L_F22A_M0X0:
      |   ^~~~~~~~~~~
D:/l4t/DKC3Recomp/generated/snesrecomp/bankb8_part723_v2.c: In function 'CODE_B8F233_M0X0':
D:/l4t/DKC3Recomp/generated/snesrecomp/bankb8_part723_v2.c:51:3: warning: label 'L_F233_M0X0' defined but not used [-Wunused-label]
   51 |   L_F233_M0X0:
      |   ^~~~~~~~~~~
D:/l4t/DKC3Recomp/generated/snesrecomp/bankb8_part723_v2.c: In function 'CODE_B8F23C_M0X0':
D:/l4t/DKC3Recomp/generated/snesrecomp/bankb8_part723_v2.c:131:3: warning: label 'L_F23C_M0X0' defined but not used [-Wunused-label]
  131 |   L_F23C_M0X0:
      |   ^~~~~~~~~~~
D:/l4t/DKC3Recomp/generated/snesrecomp/bankb8_part727_v2.c: In function 'CODE_B8F271_M0X0':
D:/l4t/DKC3Recomp/generated/snesrecomp/bankb8_part727_v2.c:49:3: warning: label 'L_F271_M0X0' defined but not used [-Wunused-label]
   49 |   L_F271_M0X0:
      |   ^~~~~~~~~~~
D:/l4t/DKC3Recomp/generated/snesrecomp/bankb8_part728_v2.c: In function 'CODE_B8F285_M0X0':
D:/l4t/DKC3Recomp/generated/snesrecomp/bankb8_part728_v2.c:49:3: warning: label 'L_F285_M0X0' defined but not used [-Wunused-label]
   49 |   L_F285_M0X0:
      |   ^~~~~~~~~~~
D:/l4t/DKC3Recomp/generated/snesrecomp/bankb8_part729_v2.c: In function 'stampede_trigger_main_M0X0':
D:/l4t/DKC3Recomp/generated/snesrecomp/bankb8_part729_v2.c:53:3: warning: label 'L_F299_M0X0' defined but not used [-Wunused-label]
   53 |   L_F299_M0X0:
      |   ^~~~~~~~~~~
D:/l4t/DKC3Recomp/generated/snesrecomp/bankb8_part729_v2.c: In function 'CODE_B8F29E_M0X0':
D:/l4t/DKC3Recomp/generated/snesrecomp/bankb8_part729_v2.c:119:3: warning: label 'L_F29E_M0X0' defined but not used [-Wunused-label]
  119 |   L_F29E_M0X0:
      |   ^~~~~~~~~~~
D:/l4t/DKC3Recomp/generated/snesrecomp/bankb8_part72_v2.c: In function 'CODE_B88721_M0X0':
D:/l4t/DKC3Recomp/generated/snesrecomp/bankb8_part72_v2.c:49:3: warning: label 'L_8721_M0X0' defined but not used [-Wunused-label]
   49 |   L_8721_M0X0:
      |   ^~~~~~~~~~~
D:/l4t/DKC3Recomp/generated/snesrecomp/bankb8_part72b_v2.c: In function 'kong_state_70_M0X0':
D:/l4t/DKC3Recomp/generated/snesrecomp/bankb8_part72b_v2.c:50:3: warning: label 'L_F2BB_M0X0' defined but not used [-Wunused-label]
   50 |   L_F2BB_M0X0:
      |   ^~~~~~~~~~~
D:/l4t/DKC3Recomp/generated/snesrecomp/bankb8_part72c_v2.c: In function 'kong_state_76_M0X0':
D:/l4t/DKC3Recomp/generated/snesrecomp/bankb8_part72c_v2.c:50:3: warning: label 'L_F2CB_M0X0' defined but not used [-Wunused-label]
   50 |   L_F2CB_M0X0:
      |   ^~~~~~~~~~~
D:/l4t/DKC3Recomp/generated/snesrecomp/bankb8_part735_v2.c: In function 'CODE_B8F35B_M0X0':
D:/l4t/DKC3Recomp/generated/snesrecomp/bankb8_part735_v2.c:49:3: warning: label 'L_F35B_M0X0' defined but not used [-Wunused-label]
   49 |   L_F35B_M0X0:
      |   ^~~~~~~~~~~
D:/l4t/DKC3Recomp/generated/snesrecomp/bankb8_part739_v2.c: In function 'CODE_B8F39B_M0X0':
D:/l4t/DKC3Recomp/generated/snesrecomp/bankb8_part739_v2.c:49:3: warning: label 'L_F39B_M0X0' defined but not used [-Wunused-label]
   49 |   L_F39B_M0X0:
      |   ^~~~~~~~~~~
D:/l4t/DKC3Recomp/generated/snesrecomp/bankb8_part75b_v2.c: In function 'CODE_B8F5B9_M0X0':
D:/l4t/DKC3Recomp/generated/snesrecomp/bankb8_part75b_v2.c:50:3: warning: label 'L_F5B9_M0X0' defined but not used [-Wunused-label]
   50 |   L_F5B9_M0X0:
      |   ^~~~~~~~~~~
D:/l4t/DKC3Recomp/generated/snesrecomp/bankb8_part75c_v2.c: In function 'CODE_B8F5C6_M0X0':
D:/l4t/DKC3Recomp/generated/snesrecomp/bankb8_part75c_v2.c:50:3: warning: label 'L_F5C6_M0X0' defined but not used [-Wunused-label]
   50 |   L_F5C6_M0X0:
      |   ^~~~~~~~~~~
D:/l4t/DKC3Recomp/generated/snesrecomp/bankb8_part75d_v2.c: In function 'CODE_B8F5D3_M0X0':
D:/l4t/DKC3Recomp/generated/snesrecomp/bankb8_part75d_v2.c:49:3: warning: label 'L_F5D3_M0X0' defined but not used [-Wunused-label]
   49 |   L_F5D3_M0X0:
      |   ^~~~~~~~~~~
D:/l4t/DKC3Recomp/generated/snesrecomp/bankb8_part75e_v2.c: In function 'CODE_B8F5E2_M0X0':
D:/l4t/DKC3Recomp/generated/snesrecomp/bankb8_part75e_v2.c:50:3: warning: label 'L_F5E2_M0X0' defined but not used [-Wunused-label]
   50 |   L_F5E2_M0X0:
      |   ^~~~~~~~~~~
D:/l4t/DKC3Recomp/generated/snesrecomp/bankb8_part761_v2.c: In function 'CODE_B8F615_M0X0':
D:/l4t/DKC3Recomp/generated/snesrecomp/bankb8_part761_v2.c:50:3: warning: label 'L_F615_M0X0' defined but not used [-Wunused-label]
   50 |   L_F615_M0X0:
      |   ^~~~~~~~~~~
D:/l4t/DKC3Recomp/generated/snesrecomp/bankb8_part762_v2.c: In function 'CODE_B8F624_M0X0':
D:/l4t/DKC3Recomp/generated/snesrecomp/bankb8_part762_v2.c:51:3: warning: label 'L_F624_M0X0' defined but not used [-Wunused-label]
   51 |   L_F624_M0X0:
      |   ^~~~~~~~~~~
D:/l4t/DKC3Recomp/generated/snesrecomp/bankb8_part762_v2.c: In function 'CODE_B8F62C_M0X0':
D:/l4t/DKC3Recomp/generated/snesrecomp/bankb8_part762_v2.c:189:3: warning: label 'L_F62C_M0X0' defined but not used [-Wunused-label]
  189 |   L_F62C_M0X0:
      |   ^~~~~~~~~~~
D:/l4t/DKC3Recomp/generated/snesrecomp/bankb8_part764_v2.c: In function 'CODE_B8F641_M0X0':
D:/l4t/DKC3Recomp/generated/snesrecomp/bankb8_part764_v2.c:49:3: warning: label 'L_F641_M0X0' defined but not used [-Wunused-label]
   49 |   L_F641_M0X0:
      |   ^~~~~~~~~~~
D:/l4t/DKC3Recomp/generated/snesrecomp/bankb8_part766_v2.c: In function 'CODE_B8F66E_M0X0':
D:/l4t/DKC3Recomp/generated/snesrecomp/bankb8_part766_v2.c:49:3: warning: label 'L_F66E_M0X0' defined but not used [-Wunused-label]
   49 |   L_F66E_M0X0:
      |   ^~~~~~~~~~~
D:/l4t/DKC3Recomp/generated/snesrecomp/bankb8_part782_v2.c: In function 'CODE_B8F822_M0X0':
D:/l4t/DKC3Recomp/generated/snesrecomp/bankb8_part782_v2.c:49:3: warning: label 'L_F822_M0X0' defined but not used [-Wunused-label]
   49 |   L_F822_M0X0:
      |   ^~~~~~~~~~~
D:/l4t/DKC3Recomp/generated/snesrecomp/bankb8_part784_v2.c: In function 'CODE_B8F842_M0X0':
D:/l4t/DKC3Recomp/generated/snesrecomp/bankb8_part784_v2.c:49:3: warning: label 'L_F842_M0X0' defined but not used [-Wunused-label]
   49 |   L_F842_M0X0:
      |   ^~~~~~~~~~~
D:/l4t/DKC3Recomp/generated/snesrecomp/bankb8_part785_v2.c: In function 'CODE_B8F852_M0X0':
D:/l4t/DKC3Recomp/generated/snesrecomp/bankb8_part785_v2.c:49:3: warning: label 'L_F852_M0X0' defined but not used [-Wunused-label]
   49 |   L_F852_M0X0:
      |   ^~~~~~~~~~~
D:/l4t/DKC3Recomp/generated/snesrecomp/bankb8_part78b_v2.c: In function 'CODE_B8F8B7_M0X0':
D:/l4t/DKC3Recomp/generated/snesrecomp/bankb8_part78b_v2.c:49:3: warning: label 'L_F8B7_M0X0' defined but not used [-Wunused-label]
   49 |   L_F8B7_M0X0:
      |   ^~~~~~~~~~~
D:/l4t/DKC3Recomp/generated/snesrecomp/bankb8_part799_v2.c: In function 'CODE_B8F994_M0X0':
D:/l4t/DKC3Recomp/generated/snesrecomp/bankb8_part799_v2.c:50:3: warning: label 'L_F994_M0X0' defined but not used [-Wunused-label]
   50 |   L_F994_M0X0:
      |   ^~~~~~~~~~~
D:/l4t/DKC3Recomp/generated/snesrecomp/bankb8_part79f_v2.c: In function 'CODE_B8F9F0_M0X0':
D:/l4t/DKC3Recomp/generated/snesrecomp/bankb8_part79f_v2.c:51:3: warning: label 'L_F9F0_M0X0' defined but not used [-Wunused-label]
   51 |   L_F9F0_M0X0:
      |   ^~~~~~~~~~~
D:/l4t/DKC3Recomp/generated/snesrecomp/bankb8_part79f_v2.c: In function 'CODE_B8F9FA_M0X0':
D:/l4t/DKC3Recomp/generated/snesrecomp/bankb8_part79f_v2.c:295:3: warning: label 'L_F9FA_M0X0' defined but not used [-Wunused-label]
  295 |   L_F9FA_M0X0:
      |   ^~~~~~~~~~~
D:/l4t/DKC3Recomp/generated/snesrecomp/bankb8_part7a0_v2.c: In function 'CODE_B8FA09_M0X0':
D:/l4t/DKC3Recomp/generated/snesrecomp/bankb8_part7a0_v2.c:49:3: warning: label 'L_FA09_M0X0' defined but not used [-Wunused-label]
   49 |   L_FA09_M0X0:
      |   ^~~~~~~~~~~
D:/l4t/DKC3Recomp/generated/snesrecomp/bankb8_parta0_v2.c: In function 'CODE_B88A0A_M0X0':
D:/l4t/DKC3Recomp/generated/snesrecomp/bankb8_parta0_v2.c:49:3: warning: label 'L_8A0A_M0X0' defined but not used [-Wunused-label]
   49 |   L_8A0A_M0X0:
      |   ^~~~~~~~~~~
D:/l4t/DKC3Recomp/generated/snesrecomp/bankb8_partb5_v2.c: In function 'CODE_B88B5F_M0X0':
D:/l4t/DKC3Recomp/generated/snesrecomp/bankb8_partb5_v2.c:49:3: warning: label 'L_8B5F_M0X0' defined but not used [-Wunused-label]
   49 |   L_8B5F_M0X0:
      |   ^~~~~~~~~~~
D:/l4t/DKC3Recomp/generated/snesrecomp/bankb8_partd1_v2.c: In function 'CODE_B88D13_M0X0':
D:/l4t/DKC3Recomp/generated/snesrecomp/bankb8_partd1_v2.c:52:3: warning: label 'L_8D13_M0X0' defined but not used [-Wunused-label]
   52 |   L_8D13_M0X0:
      |   ^~~~~~~~~~~
D:/l4t/DKC3Recomp/generated/snesrecomp/bankb8_partd7_v2.c: In function 'CODE_B88D72_M0X0':
D:/l4t/DKC3Recomp/generated/snesrecomp/bankb8_partd7_v2.c:49:3: warning: label 'L_8D72_M0X0' defined but not used [-Wunused-label]
   49 |   L_8D72_M0X0:
      |   ^~~~~~~~~~~
D:/l4t/DKC3Recomp/generated/snesrecomp/bankb9_part200_v2.c: In function 'set_sprite_animation_M0X0':
D:/l4t/DKC3Recomp/generated/snesrecomp/bankb9_part200_v2.c:55:3: warning: label 'L_A000_M0X0' defined but not used [-Wunused-label]
   55 |   L_A000_M0X0:
      |   ^~~~~~~~~~~
D:/l4t/DKC3Recomp/generated/snesrecomp/bankb9_part200_v2.c: In function 'set_alt_sprite_animation_M0X0':
D:/l4t/DKC3Recomp/generated/snesrecomp/bankb9_part200_v2.c:99:3: warning: label 'L_A003_M0X0' defined but not used [-Wunused-label]
   99 |   L_A003_M0X0:
      |   ^~~~~~~~~~~
D:/l4t/DKC3Recomp/generated/snesrecomp/bankb9_part200_v2.c: In function 'process_sprite_animation_M0X0':
D:/l4t/DKC3Recomp/generated/snesrecomp/bankb9_part200_v2.c:143:3: warning: label 'L_A006_M0X0' defined but not used [-Wunused-label]
  143 |   L_A006_M0X0:
      |   ^~~~~~~~~~~
D:/l4t/DKC3Recomp/generated/snesrecomp/bankb9_part200_v2.c: In function 'set_anim_handle_kiddy_M0X0':
D:/l4t/DKC3Recomp/generated/snesrecomp/bankb9_part200_v2.c:187:3: warning: label 'L_A009_M0X0' defined but not used [-Wunused-label]
  187 |   L_A009_M0X0:
      |   ^~~~~~~~~~~
D:/l4t/DKC3Recomp/generated/snesrecomp/bankb9_part201_v2.c: In function 'set_riding_kong_anim_handle_kiddy_M0X0':
D:/l4t/DKC3Recomp/generated/snesrecomp/bankb9_part201_v2.c:53:3: warning: label 'L_A012_M0X0' defined but not used [-Wunused-label]
   53 |   L_A012_M0X0:
      |   ^~~~~~~~~~~
D:/l4t/DKC3Recomp/generated/snesrecomp/bankb9_part201_v2.c: In function 'set_anim_handle_animal_and_kiddy_M0X0':
D:/l4t/DKC3Recomp/generated/snesrecomp/bankb9_part201_v2.c:97:3: warning: label 'L_A015_M0X0' defined but not used [-Wunused-label]
   97 |   L_A015_M0X0:
      |   ^~~~~~~~~~~
D:/l4t/DKC3Recomp/generated/snesrecomp/bankb9_part201_v2.c: In function 'set_anim_once_handle_kiddy_M0X0':
D:/l4t/DKC3Recomp/generated/snesrecomp/bankb9_part201_v2.c:141:3: warning: label 'L_A018_M0X0' defined but not used [-Wunused-label]
  141 |   L_A018_M0X0:
      |   ^~~~~~~~~~~
D:/l4t/DKC3Recomp/generated/snesrecomp/bankb9_part206_v2.c: In function 'CODE_B9A067_M0X0':
D:/l4t/DKC3Recomp/generated/snesrecomp/bankb9_part206_v2.c:50:3: warning: label 'L_A067_M0X0' defined but not used [-Wunused-label]
   50 |   L_A067_M0X0:
      |   ^~~~~~~~~~~
D:/l4t/DKC3Recomp/generated/snesrecomp/bankb9_part20a_v2.c: In function 'set_anim_handle_kiddy_direct_M0X0':
D:/l4t/DKC3Recomp/generated/snesrecomp/bankb9_part20a_v2.c:50:3: warning: label 'L_A0AC_M0X0' defined but not used [-Wunused-label]
   50 |   L_A0AC_M0X0:
      |   ^~~~~~~~~~~
D:/l4t/DKC3Recomp/generated/snesrecomp/bankb9_part20b_v2.c: In function 'CODE_B9A0BA_M0X0':
D:/l4t/DKC3Recomp/generated/snesrecomp/bankb9_part20b_v2.c:74:3: warning: label 'L_A0BA_M0X0' defined but not used [-Wunused-label]
   74 |   L_A0BA_M0X0:
      |   ^~~~~~~~~~~
D:/l4t/DKC3Recomp/generated/snesrecomp/bankb9_part210_v2.c: In function 'CODE_B9A101_M0X0':
D:/l4t/DKC3Recomp/generated/snesrecomp/bankb9_part210_v2.c:74:3: warning: label 'L_A101_M0X0' defined but not used [-Wunused-label]
   74 |   L_A101_M0X0:
      |   ^~~~~~~~~~~
D:/l4t/DKC3Recomp/generated/snesrecomp/bankb9_part219_v2.c: In function 'CODE_B9A190_M0X0':
D:/l4t/DKC3Recomp/generated/snesrecomp/bankb9_part219_v2.c:73:3: warning: label 'L_A190_M0X0' defined but not used [-Wunused-label]
   73 |   L_A190_M0X0:
      |   ^~~~~~~~~~~
D:/l4t/DKC3Recomp/generated/snesrecomp/bankb9_part21a_v2.c: In function 'CODE_B9A1A0_M0X0':
D:/l4t/DKC3Recomp/generated/snesrecomp/bankb9_part21a_v2.c:49:3: warning: label 'L_A1A0_M0X0' defined but not used [-Wunused-label]
   49 |   L_A1A0_M0X0:
      |   ^~~~~~~~~~~
D:/l4t/DKC3Recomp/generated/snesrecomp/bankb9_part21c_v2.c: In function 'CODE_B9A1C0_M0X0':
D:/l4t/DKC3Recomp/generated/snesrecomp/bankb9_part21c_v2.c:49:3: warning: label 'L_A1C0_M0X0' defined but not used [-Wunused-label]
   49 |   L_A1C0_M0X0:
      |   ^~~~~~~~~~~
D:/l4t/DKC3Recomp/generated/snesrecomp/bankb9_part21d_v2.c: In function 'CODE_B9A1DE_M0X0':
D:/l4t/DKC3Recomp/generated/snesrecomp/bankb9_part21d_v2.c:73:3: warning: label 'L_A1DE_M0X0' defined but not used [-Wunused-label]
   73 |   L_A1DE_M0X0:
      |   ^~~~~~~~~~~
D:/l4t/DKC3Recomp/generated/snesrecomp/bankb9_part21e_v2.c: In function 'CODE_B9A1E7_M0X0':
D:/l4t/DKC3Recomp/generated/snesrecomp/bankb9_part21e_v2.c:49:3: warning: label 'L_A1E7_M0X0' defined but not used [-Wunused-label]
   49 |   L_A1E7_M0X0:
      |   ^~~~~~~~~~~
D:/l4t/DKC3Recomp/generated/snesrecomp/bankb9_part21f_v2.c: In function 'CODE_B9A1FD_M0X0':
D:/l4t/DKC3Recomp/generated/snesrecomp/bankb9_part21f_v2.c:49:3: warning: label 'L_A1FD_M0X0' defined but not used [-Wunused-label]
   49 |   L_A1FD_M0X0:
      |   ^~~~~~~~~~~
D:/l4t/DKC3Recomp/generated/snesrecomp/bankb9_part222_v2.c: In function 'CODE_B9A226_M0X0':
D:/l4t/DKC3Recomp/generated/snesrecomp/bankb9_part222_v2.c:73:3: warning: label 'L_A226_M0X0' defined but not used [-Wunused-label]
   73 |   L_A226_M0X0:
      |   ^~~~~~~~~~~
D:/l4t/DKC3Recomp/generated/snesrecomp/bankb9_part223_v2.c: In function 'CODE_B9A232_M0X0':
D:/l4t/DKC3Recomp/generated/snesrecomp/bankb9_part223_v2.c:49:3: warning: label 'L_A232_M0X0' defined but not used [-Wunused-label]
   49 |   L_A232_M0X0:
      |   ^~~~~~~~~~~
D:/l4t/DKC3Recomp/generated/snesrecomp/bankb9_part224_v2.c: In function 'CODE_B9A247_M0X0':
D:/l4t/DKC3Recomp/generated/snesrecomp/bankb9_part224_v2.c:51:3: warning: label 'L_A247_M0X0' defined but not used [-Wunused-label]
   51 |   L_A247_M0X0:
      |   ^~~~~~~~~~~
D:/l4t/DKC3Recomp/generated/snesrecomp/bankb9_part225_v2.c: In function 'CODE_B9A257_M0X0':
D:/l4t/DKC3Recomp/generated/snesrecomp/bankb9_part225_v2.c:73:3: warning: label 'L_A257_M0X0' defined but not used [-Wunused-label]
   73 |   L_A257_M0X0:
      |   ^~~~~~~~~~~
D:/l4t/DKC3Recomp/generated/snesrecomp/bankb9_part228_v2.c: In function 'CODE_B9A286_M0X0':
D:/l4t/DKC3Recomp/generated/snesrecomp/bankb9_part228_v2.c:73:3: warning: label 'L_A286_M0X0' defined but not used [-Wunused-label]
   73 |   L_A286_M0X0:
      |   ^~~~~~~~~~~
D:/l4t/DKC3Recomp/generated/snesrecomp/bankb9_part22b_v2.c: In function 'CODE_B9A2B6_M0X0':
D:/l4t/DKC3Recomp/generated/snesrecomp/bankb9_part22b_v2.c:73:3: warning: label 'L_A2B6_M0X0' defined but not used [-Wunused-label]
   73 |   L_A2B6_M0X0:
      |   ^~~~~~~~~~~
D:/l4t/DKC3Recomp/generated/snesrecomp/bankb9_part22c_v2.c: In function 'CODE_B9A2CE_M0X0':
D:/l4t/DKC3Recomp/generated/snesrecomp/bankb9_part22c_v2.c:73:3: warning: label 'L_A2CE_M0X0' defined but not used [-Wunused-label]
   73 |   L_A2CE_M0X0:
      |   ^~~~~~~~~~~
D:/l4t/DKC3Recomp/generated/snesrecomp/bankb9_part22d_v2.c: In function 'CODE_B9A2DF_M0X0':
D:/l4t/DKC3Recomp/generated/snesrecomp/bankb9_part22d_v2.c:74:3: warning: label 'L_A2DF_M0X0' defined but not used [-Wunused-label]
   74 |   L_A2DF_M0X0:
      |   ^~~~~~~~~~~
D:/l4t/DKC3Recomp/generated/snesrecomp/bankb9_part22f_v2.c: In function 'CODE_B9A2F3_M0X0':
D:/l4t/DKC3Recomp/generated/snesrecomp/bankb9_part22f_v2.c:73:3: warning: label 'L_A2F3_M0X0' defined but not used [-Wunused-label]
   73 |   L_A2F3_M0X0:
      |   ^~~~~~~~~~~
D:/l4t/DKC3Recomp/generated/snesrecomp/bankb9_part231_v2.c: In function 'CODE_B9A319_M0X0':
D:/l4t/DKC3Recomp/generated/snesrecomp/bankb9_part231_v2.c:49:3: warning: label 'L_A319_M0X0' defined but not used [-Wunused-label]
   49 |   L_A319_M0X0:
      |   ^~~~~~~~~~~
D:/l4t/DKC3Recomp/generated/snesrecomp/bankb9_part233_v2.c: In function 'CODE_B9A33F_M0X0':
D:/l4t/DKC3Recomp/generated/snesrecomp/bankb9_part233_v2.c:73:3: warning: label 'L_A33F_M0X0' defined but not used [-Wunused-label]
   73 |   L_A33F_M0X0:
      |   ^~~~~~~~~~~
D:/l4t/DKC3Recomp/generated/snesrecomp/bankb9_part235_v2.c: In function 'CODE_B9A354_M0X0':
D:/l4t/DKC3Recomp/generated/snesrecomp/bankb9_part235_v2.c:73:3: warning: label 'L_A354_M0X0' defined but not used [-Wunused-label]
   73 |   L_A354_M0X0:
      |   ^~~~~~~~~~~
D:/l4t/DKC3Recomp/generated/snesrecomp/bankb9_part239_v2.c: In function 'CODE_B9A393_M0X0':
D:/l4t/DKC3Recomp/generated/snesrecomp/bankb9_part239_v2.c:50:3: warning: label 'L_A393_M0X0' defined but not used [-Wunused-label]
   50 |   L_A393_M0X0:
      |   ^~~~~~~~~~~
D:/l4t/DKC3Recomp/generated/snesrecomp/bankb9_part23f_v2.c: In function 'CODE_B9A3F8_M0X0':
D:/l4t/DKC3Recomp/generated/snesrecomp/bankb9_part23f_v2.c:49:3: warning: label 'L_A3F8_M0X0' defined but not used [-Wunused-label]
   49 |   L_A3F8_M0X0:
      |   ^~~~~~~~~~~
D:/l4t/DKC3Recomp/generated/snesrecomp/bankb9_part246_v2.c: In function 'CODE_B9A462_M0X0':
D:/l4t/DKC3Recomp/generated/snesrecomp/bankb9_part246_v2.c:73:3: warning: label 'L_A462_M0X0' defined but not used [-Wunused-label]
   73 |   L_A462_M0X0:
      |   ^~~~~~~~~~~
D:/l4t/DKC3Recomp/generated/snesrecomp/bankb9_part24a_v2.c: In function 'CODE_B9A4A5_M0X0':
D:/l4t/DKC3Recomp/generated/snesrecomp/bankb9_part24a_v2.c:73:3: warning: label 'L_A4A5_M0X0' defined but not used [-Wunused-label]
   73 |   L_A4A5_M0X0:
      |   ^~~~~~~~~~~
D:/l4t/DKC3Recomp/generated/snesrecomp/bankb9_part24e_v2.c: In function 'CODE_B9A4E9_M0X0':
D:/l4t/DKC3Recomp/generated/snesrecomp/bankb9_part24e_v2.c:73:3: warning: label 'L_A4E9_M0X0' defined but not used [-Wunused-label]
   73 |   L_A4E9_M0X0:
      |   ^~~~~~~~~~~
D:/l4t/DKC3Recomp/generated/snesrecomp/bankb9_part252_v2.c: In function 'CODE_B9A52F_M0X0':
D:/l4t/DKC3Recomp/generated/snesrecomp/bankb9_part252_v2.c:73:3: warning: label 'L_A52F_M0X0' defined but not used [-Wunused-label]
   73 |   L_A52F_M0X0:
      |   ^~~~~~~~~~~
D:/l4t/DKC3Recomp/generated/snesrecomp/bankb9_part258_v2.c: In function 'CODE_B9A589_M0X0':
D:/l4t/DKC3Recomp/generated/snesrecomp/bankb9_part258_v2.c:50:3: warning: label 'L_A589_M0X0' defined but not used [-Wunused-label]
   50 |   L_A589_M0X0:
      |   ^~~~~~~~~~~
D:/l4t/DKC3Recomp/generated/snesrecomp/bankb9_part25c_v2.c: In function 'CODE_B9A5C4_M0X0':
D:/l4t/DKC3Recomp/generated/snesrecomp/bankb9_part25c_v2.c:49:3: warning: label 'L_A5C4_M0X0' defined but not used [-Wunused-label]
   49 |   L_A5C4_M0X0:
      |   ^~~~~~~~~~~
D:/l4t/DKC3Recomp/generated/snesrecomp/bankb9_part25e_v2.c: In function 'CODE_B9A5E6_M0X0':
D:/l4t/DKC3Recomp/generated/snesrecomp/bankb9_part25e_v2.c:49:3: warning: label 'L_A5E6_M0X0' defined but not used [-Wunused-label]
   49 |   L_A5E6_M0X0:
      |   ^~~~~~~~~~~
D:/l4t/DKC3Recomp/generated/snesrecomp/bankb9_part25f_v2.c: In function 'CODE_B9A5F7_M0X0':
D:/l4t/DKC3Recomp/generated/snesrecomp/bankb9_part25f_v2.c:49:3: warning: label 'L_A5F7_M0X0' defined but not used [-Wunused-label]
   49 |   L_A5F7_M0X0:
      |   ^~~~~~~~~~~
D:/l4t/DKC3Recomp/generated/snesrecomp/bankb9_part262_v2.c: In function 'CODE_B9A625_M0X0':
D:/l4t/DKC3Recomp/generated/snesrecomp/bankb9_part262_v2.c:49:3: warning: label 'L_A625_M0X0' defined but not used [-Wunused-label]
   49 |   L_A625_M0X0:
      |   ^~~~~~~~~~~
D:/l4t/DKC3Recomp/generated/snesrecomp/bankb9_part267_v2.c: In function 'CODE_B9A672_M0X0':
D:/l4t/DKC3Recomp/generated/snesrecomp/bankb9_part267_v2.c:49:3: warning: label 'L_A672_M0X0' defined but not used [-Wunused-label]
   49 |   L_A672_M0X0:
      |   ^~~~~~~~~~~
D:/l4t/DKC3Recomp/generated/snesrecomp/bankb9_part26c_v2.c: In function 'CODE_B9A6C6_M0X0':
D:/l4t/DKC3Recomp/generated/snesrecomp/bankb9_part26c_v2.c:49:3: warning: label 'L_A6C6_M0X0' defined but not used [-Wunused-label]
   49 |   L_A6C6_M0X0:
      |   ^~~~~~~~~~~
D:/l4t/DKC3Recomp/generated/snesrecomp/bankb9_part26e_v2.c: In function 'CODE_B9A6ED_M0X0':
D:/l4t/DKC3Recomp/generated/snesrecomp/bankb9_part26e_v2.c:49:3: warning: label 'L_A6ED_M0X0' defined but not used [-Wunused-label]
   49 |   L_A6ED_M0X0:
      |   ^~~~~~~~~~~
D:/l4t/DKC3Recomp/generated/snesrecomp/bankb9_part28c_v2.c: In function 'CODE_B9A8C6_M0X0':
D:/l4t/DKC3Recomp/generated/snesrecomp/bankb9_part28c_v2.c:49:3: warning: label 'L_A8C6_M0X0' defined but not used [-Wunused-label]
   49 |   L_A8C6_M0X0:
      |   ^~~~~~~~~~~
D:/l4t/DKC3Recomp/generated/snesrecomp/bankb9_part2b3_v2.c: In function 'CODE_B9AB3F_M0X0':
D:/l4t/DKC3Recomp/generated/snesrecomp/bankb9_part2b3_v2.c:50:3: warning: label 'L_AB3F_M0X0' defined but not used [-Wunused-label]
   50 |   L_AB3F_M0X0:
      |   ^~~~~~~~~~~
D:/l4t/DKC3Recomp/generated/snesrecomp/bankb9_part2b8_v2.c: In function 'CODE_B9AB85_M0X0':
D:/l4t/DKC3Recomp/generated/snesrecomp/bankb9_part2b8_v2.c:49:3: warning: label 'L_AB85_M0X0' defined but not used [-Wunused-label]
   49 |   L_AB85_M0X0:
      |   ^~~~~~~~~~~
D:/l4t/DKC3Recomp/generated/snesrecomp/bankb9_part2c5_v2.c: In function 'CODE_B9AC50_M0X0':
D:/l4t/DKC3Recomp/generated/snesrecomp/bankb9_part2c5_v2.c:49:3: warning: label 'L_AC50_M0X0' defined but not used [-Wunused-label]
   49 |   L_AC50_M0X0:
      |   ^~~~~~~~~~~
D:/l4t/DKC3Recomp/generated/snesrecomp/bankb9_part2d2_v2.c: In function 'CODE_B9AD2F_M0X0':
D:/l4t/DKC3Recomp/generated/snesrecomp/bankb9_part2d2_v2.c:49:3: warning: label 'L_AD2F_M0X0' defined but not used [-Wunused-label]
   49 |   L_AD2F_M0X0:
      |   ^~~~~~~~~~~
D:/l4t/DKC3Recomp/generated/snesrecomp/bankb9_part36d_v2.c: In function 'CODE_B9B6DC_M0X0':
D:/l4t/DKC3Recomp/generated/snesrecomp/bankb9_part36d_v2.c:49:3: warning: label 'L_B6DC_M0X0' defined but not used [-Wunused-label]
   49 |   L_B6DC_M0X0:
      |   ^~~~~~~~~~~
D:/l4t/DKC3Recomp/generated/snesrecomp/bankb9_part384_v2.c: In function 'CODE_B9B84C_M0X0':
D:/l4t/DKC3Recomp/generated/snesrecomp/bankb9_part384_v2.c:50:3: warning: label 'L_B84C_M0X0' defined but not used [-Wunused-label]
   50 |   L_B84C_M0X0:
      |   ^~~~~~~~~~~
D:/l4t/DKC3Recomp/generated/snesrecomp/bankb9_part3d0_v2.c: In function 'CODE_B9BD07_M0X0':
D:/l4t/DKC3Recomp/generated/snesrecomp/bankb9_part3d0_v2.c:49:3: warning: label 'L_BD07_M0X0' defined but not used [-Wunused-label]
   49 |   L_BD07_M0X0:
      |   ^~~~~~~~~~~
D:/l4t/DKC3Recomp/generated/snesrecomp/bankb9_part600_v2.c: In function 'CODE_B9E006_M0X0':
D:/l4t/DKC3Recomp/generated/snesrecomp/bankb9_part600_v2.c:55:3: warning: label 'L_E006_M0X0' defined but not used [-Wunused-label]
   55 |   L_E006_M0X0:
      |   ^~~~~~~~~~~
D:/l4t/DKC3Recomp/generated/snesrecomp/bankb9_part600_v2.c: In function 'CODE_B9E009_M0X0':
D:/l4t/DKC3Recomp/generated/snesrecomp/bankb9_part600_v2.c:99:3: warning: label 'L_E009_M0X0' defined but not used [-Wunused-label]
   99 |   L_E009_M0X0:
      |   ^~~~~~~~~~~
D:/l4t/DKC3Recomp/generated/snesrecomp/bankb9_part600_v2.c: In function 'CODE_B9E00C_M0X0':
D:/l4t/DKC3Recomp/generated/snesrecomp/bankb9_part600_v2.c:143:3: warning: label 'L_E00C_M0X0' defined but not used [-Wunused-label]
  143 |   L_E00C_M0X0:
      |   ^~~~~~~~~~~
D:/l4t/DKC3Recomp/generated/snesrecomp/bankb9_part600_v2.c: In function 'interpolate_x_speed_M0X0':
D:/l4t/DKC3Recomp/generated/snesrecomp/bankb9_part600_v2.c:187:3: warning: label 'L_E00F_M0X0' defined but not used [-Wunused-label]
  187 |   L_E00F_M0X0:
      |   ^~~~~~~~~~~
D:/l4t/DKC3Recomp/generated/snesrecomp/bankb9_part601_v2.c: In function 'interpolate_y_speed_M0X0':
D:/l4t/DKC3Recomp/generated/snesrecomp/bankb9_part601_v2.c:53:3: warning: label 'L_E012_M0X0' defined but not used [-Wunused-label]
   53 |   L_E012_M0X0:
      |   ^~~~~~~~~~~
D:/l4t/DKC3Recomp/generated/snesrecomp/bankb9_part601_v2.c: In function 'CODE_B9E018_M0X0':
D:/l4t/DKC3Recomp/generated/snesrecomp/bankb9_part601_v2.c:97:3: warning: label 'L_E018_M0X0' defined but not used [-Wunused-label]
   97 |   L_E018_M0X0:
      |   ^~~~~~~~~~~
D:/l4t/DKC3Recomp/generated/snesrecomp/bankb9_part60e_v2.c: In function 'CODE_B9E0E8_M0X0':
D:/l4t/DKC3Recomp/generated/snesrecomp/bankb9_part60e_v2.c:52:3: warning: label 'L_E0E8_M0X0' defined but not used [-Wunused-label]
   52 |   L_E0E8_M0X0:
      |   ^~~~~~~~~~~
D:/l4t/DKC3Recomp/generated/snesrecomp/bankb9_part60e_v2.c: In function 'CODE_B9E0E9_M0X0':
D:/l4t/DKC3Recomp/generated/snesrecomp/bankb9_part60e_v2.c:151:3: warning: label 'L_E0E9_M0X0' defined but not used [-Wunused-label]
  151 |   L_E0E9_M0X0:
      |   ^~~~~~~~~~~
D:/l4t/DKC3Recomp/generated/snesrecomp/bankb9_part60e_v2.c: In function 'CODE_B9E0EC_M0X0':
D:/l4t/DKC3Recomp/generated/snesrecomp/bankb9_part60e_v2.c:215:3: warning: label 'L_E0EC_M0X0' defined but not used [-Wunused-label]
  215 |   L_E0EC_M0X0:
      |   ^~~~~~~~~~~
D:/l4t/DKC3Recomp/generated/snesrecomp/bankb9_part610_v2.c: In function 'CODE_B9E108_M0X0':
D:/l4t/DKC3Recomp/generated/snesrecomp/bankb9_part610_v2.c:49:3: warning: label 'L_E108_M0X0' defined but not used [-Wunused-label]
   49 |   L_E108_M0X0:
      |   ^~~~~~~~~~~
D:/l4t/DKC3Recomp/generated/snesrecomp/bankb9_part612_v2.c: In function 'CODE_B9E124_M0X0':
D:/l4t/DKC3Recomp/generated/snesrecomp/bankb9_part612_v2.c:56:3: warning: label 'L_E124_M0X0' defined but not used [-Wunused-label]
   56 |   L_E124_M0X0:
      |   ^~~~~~~~~~~
D:/l4t/DKC3Recomp/generated/snesrecomp/bankb9_part612_v2.c: In function 'CODE_B9E12D_M0X0':
D:/l4t/DKC3Recomp/generated/snesrecomp/bankb9_part612_v2.c:162:3: warning: label 'L_E12D_M0X0' defined but not used [-Wunused-label]
  162 |   L_E12D_M0X0:
      |   ^~~~~~~~~~~
D:/l4t/DKC3Recomp/generated/snesrecomp/bankb9_part614_v2.c: In function 'CODE_B9E142_M0X0':
D:/l4t/DKC3Recomp/generated/snesrecomp/bankb9_part614_v2.c:50:3: warning: label 'L_E142_M0X0' defined but not used [-Wunused-label]
   50 |   L_E142_M0X0:
      |   ^~~~~~~~~~~
D:/l4t/DKC3Recomp/generated/snesrecomp/bankb9_part614_v2.c: In function 'CODE_B9E14E_M0X0':
D:/l4t/DKC3Recomp/generated/snesrecomp/bankb9_part614_v2.c:186:3: warning: label 'L_E14E_M0X0' defined but not used [-Wunused-label]
  186 |   L_E14E_M0X0:
      |   ^~~~~~~~~~~
D:/l4t/DKC3Recomp/generated/snesrecomp/bankb9_part618_v2.c: In function 'CODE_B9E183_M0X0':
D:/l4t/DKC3Recomp/generated/snesrecomp/bankb9_part618_v2.c:53:3: warning: label 'L_E183_M0X0' defined but not used [-Wunused-label]
   53 |   L_E183_M0X0:
      |   ^~~~~~~~~~~
D:/l4t/DKC3Recomp/generated/snesrecomp/bankb9_part619_v2.c: In function 'CODE_B9E198_M0X0':
D:/l4t/DKC3Recomp/generated/snesrecomp/bankb9_part619_v2.c:49:3: warning: label 'L_E198_M0X0' defined but not used [-Wunused-label]
   49 |   L_E198_M0X0:
      |   ^~~~~~~~~~~
D:/l4t/DKC3Recomp/generated/snesrecomp/bankb9_part61a_v2.c: In function 'CODE_B9E1A4_M0X0':
D:/l4t/DKC3Recomp/generated/snesrecomp/bankb9_part61a_v2.c:49:3: warning: label 'L_E1A4_M0X0' defined but not used [-Wunused-label]
   49 |   L_E1A4_M0X0:
      |   ^~~~~~~~~~~
D:/l4t/DKC3Recomp/generated/snesrecomp/bankb9_part61d_v2.c: In function 'CODE_B9E1DB_M0X0':
D:/l4t/DKC3Recomp/generated/snesrecomp/bankb9_part61d_v2.c:54:3: warning: label 'L_E1DB_M0X0' defined but not used [-Wunused-label]
   54 |   L_E1DB_M0X0:
      |   ^~~~~~~~~~~
D:/l4t/DKC3Recomp/generated/snesrecomp/bankb9_part61f_v2.c: In function 'CODE_B9E1F3_M0X0':
D:/l4t/DKC3Recomp/generated/snesrecomp/bankb9_part61f_v2.c:49:3: warning: label 'L_E1F3_M0X0' defined but not used [-Wunused-label]
   49 |   L_E1F3_M0X0:
      |   ^~~~~~~~~~~
D:/l4t/DKC3Recomp/generated/snesrecomp/bankb9_part620_v2.c: In function 'CODE_B9E207_M0X0':
D:/l4t/DKC3Recomp/generated/snesrecomp/bankb9_part620_v2.c:55:3: warning: label 'L_E207_M0X0' defined but not used [-Wunused-label]
   55 |   L_E207_M0X0:
      |   ^~~~~~~~~~~
D:/l4t/DKC3Recomp/generated/snesrecomp/bankb9_part620_v2.c: In function 'CODE_B9E20D_M0X0':
D:/l4t/DKC3Recomp/generated/snesrecomp/bankb9_part620_v2.c:130:3: warning: label 'L_E20D_M0X0' defined but not used [-Wunused-label]
  130 |   L_E20D_M0X0:
      |   ^~~~~~~~~~~
D:/l4t/DKC3Recomp/generated/snesrecomp/bankb9_part621_v2.c: In function 'CODE_B9E216_M0X0':
D:/l4t/DKC3Recomp/generated/snesrecomp/bankb9_part621_v2.c:52:3: warning: label 'L_E216_M0X0' defined but not used [-Wunused-label]
   52 |   L_E216_M0X0:
      |   ^~~~~~~~~~~
D:/l4t/DKC3Recomp/generated/snesrecomp/bankb9_part622_v2.c: In function 'CODE_B9E221_M0X0':
D:/l4t/DKC3Recomp/generated/snesrecomp/bankb9_part622_v2.c:63:3: warning: label 'L_E221_M0X0' defined but not used [-Wunused-label]
   63 |   L_E221_M0X0:
      |   ^~~~~~~~~~~
D:/l4t/DKC3Recomp/generated/snesrecomp/bankb9_part623_v2.c: In function 'CODE_B9E230_M0X0':
D:/l4t/DKC3Recomp/generated/snesrecomp/bankb9_part623_v2.c:63:3: warning: label 'L_E230_M0X0' defined but not used [-Wunused-label]
   63 |   L_E230_M0X0:
      |   ^~~~~~~~~~~
D:/l4t/DKC3Recomp/generated/snesrecomp/bankb9_part636_v2.c: In function 'CODE_B9E362_M0X0':
D:/l4t/DKC3Recomp/generated/snesrecomp/bankb9_part636_v2.c:63:3: warning: label 'L_E362_M0X0' defined but not used [-Wunused-label]
   63 |   L_E362_M0X0:
      |   ^~~~~~~~~~~
D:/l4t/DKC3Recomp/generated/snesrecomp/bankb9_part637_v2.c: In function 'CODE_B9E375_M0X0':
D:/l4t/DKC3Recomp/generated/snesrecomp/bankb9_part637_v2.c:62:3: warning: label 'L_E375_M0X0' defined but not used [-Wunused-label]
   62 |   L_E375_M0X0:
      |   ^~~~~~~~~~~
D:/l4t/DKC3Recomp/generated/snesrecomp/bankb9_part637_v2.c: In function 'CODE_B9E37D_M0X0':
D:/l4t/DKC3Recomp/generated/snesrecomp/bankb9_part637_v2.c:1776:3: warning: label 'L_E37D_M0X0' defined but not used [-Wunused-label]
 1776 |   L_E37D_M0X0:
      |   ^~~~~~~~~~~
D:/l4t/DKC3Recomp/generated/snesrecomp/bankb9_part638_v2.c: In function 'CODE_B9E38A_M0X0':
D:/l4t/DKC3Recomp/generated/snesrecomp/bankb9_part638_v2.c:62:3: warning: label 'L_E38A_M0X0' defined but not used [-Wunused-label]
   62 |   L_E38A_M0X0:
      |   ^~~~~~~~~~~
D:/l4t/DKC3Recomp/generated/snesrecomp/bankb9_part639_v2.c: In function 'CODE_B9E395_M0X0':
D:/l4t/DKC3Recomp/generated/snesrecomp/bankb9_part639_v2.c:62:3: warning: label 'L_E395_M0X0' defined but not used [-Wunused-label]
   62 |   L_E395_M0X0:
      |   ^~~~~~~~~~~
D:/l4t/DKC3Recomp/generated/snesrecomp/bankb9_part639_v2.c: In function 'CODE_B9E39D_M0X0':
D:/l4t/DKC3Recomp/generated/snesrecomp/bankb9_part639_v2.c:1776:3: warning: label 'L_E39D_M0X0' defined but not used [-Wunused-label]
 1776 |   L_E39D_M0X0:
      |   ^~~~~~~~~~~
D:/l4t/DKC3Recomp/generated/snesrecomp/bankb9_part63b_v2.c: In function 'CODE_B9E3B1_M0X0':
D:/l4t/DKC3Recomp/generated/snesrecomp/bankb9_part63b_v2.c:62:3: warning: label 'L_E3B1_M0X0' defined but not used [-Wunused-label]
   62 |   L_E3B1_M0X0:
      |   ^~~~~~~~~~~
D:/l4t/DKC3Recomp/generated/snesrecomp/bankb9_part63c_v2.c: In function 'CODE_B9E3C3_M0X0':
D:/l4t/DKC3Recomp/generated/snesrecomp/bankb9_part63c_v2.c:62:3: warning: label 'L_E3C3_M0X0' defined but not used [-Wunused-label]
   62 |   L_E3C3_M0X0:
      |   ^~~~~~~~~~~
D:/l4t/DKC3Recomp/generated/snesrecomp/bankb9_part63c_v2.c: In function 'CODE_B9E3CB_M0X0':
D:/l4t/DKC3Recomp/generated/snesrecomp/bankb9_part63c_v2.c:1776:3: warning: label 'L_E3CB_M0X0' defined but not used [-Wunused-label]
 1776 |   L_E3CB_M0X0:
      |   ^~~~~~~~~~~
D:/l4t/DKC3Recomp/generated/snesrecomp/bankb9_part63d_v2.c: In function 'CODE_B9E3D3_M0X0':
D:/l4t/DKC3Recomp/generated/snesrecomp/bankb9_part63d_v2.c:62:3: warning: label 'L_E3D3_M0X0' defined but not used [-Wunused-label]
   62 |   L_E3D3_M0X0:
      |   ^~~~~~~~~~~
D:/l4t/DKC3Recomp/generated/snesrecomp/bankb9_part63d_v2.c: In function 'CODE_B9E3DB_M0X0':
D:/l4t/DKC3Recomp/generated/snesrecomp/bankb9_part63d_v2.c:1776:3: warning: label 'L_E3DB_M0X0' defined but not used [-Wunused-label]
 1776 |   L_E3DB_M0X0:
      |   ^~~~~~~~~~~
D:/l4t/DKC3Recomp/generated/snesrecomp/bankb9_part640_v2.c: In function 'CODE_B9E406_M0X0':
D:/l4t/DKC3Recomp/generated/snesrecomp/bankb9_part640_v2.c:49:3: warning: label 'L_E406_M0X0' defined but not used [-Wunused-label]
   49 |   L_E406_M0X0:
      |   ^~~~~~~~~~~
D:/l4t/DKC3Recomp/generated/snesrecomp/bankb9_part646_v2.c: In function 'CODE_B9E468_M0X0':
D:/l4t/DKC3Recomp/generated/snesrecomp/bankb9_part646_v2.c:51:3: warning: label 'L_E468_M0X0' defined but not used [-Wunused-label]
   51 |   L_E468_M0X0:
      |   ^~~~~~~~~~~
D:/l4t/DKC3Recomp/generated/snesrecomp/bankb9_part647_v2.c: In function 'CODE_B9E470_M0X0':
D:/l4t/DKC3Recomp/generated/snesrecomp/bankb9_part647_v2.c:51:3: warning: label 'L_E470_M0X0' defined but not used [-Wunused-label]
   51 |   L_E470_M0X0:
      |   ^~~~~~~~~~~
D:/l4t/DKC3Recomp/generated/snesrecomp/bankb9_part647_v2.c: In function 'CODE_B9E47F_M0X0':
D:/l4t/DKC3Recomp/generated/snesrecomp/bankb9_part647_v2.c:141:3: warning: label 'L_E47F_M0X0' defined but not used [-Wunused-label]
  141 |   L_E47F_M0X0:
      |   ^~~~~~~~~~~
D:/l4t/DKC3Recomp/generated/snesrecomp/bankb9_part648_v2.c: In function 'CODE_B9E48B_M0X0':
D:/l4t/DKC3Recomp/generated/snesrecomp/bankb9_part648_v2.c:51:3: warning: label 'L_E48B_M0X0' defined but not used [-Wunused-label]
   51 |   L_E48B_M0X0:
      |   ^~~~~~~~~~~
D:/l4t/DKC3Recomp/generated/snesrecomp/bankb9_part649_v2.c: In function 'CODE_B9E493_M0X0':
D:/l4t/DKC3Recomp/generated/snesrecomp/bankb9_part649_v2.c:50:3: warning: label 'L_E493_M0X0' defined but not used [-Wunused-label]
   50 |   L_E493_M0X0:
      |   ^~~~~~~~~~~
D:/l4t/DKC3Recomp/generated/snesrecomp/bankb9_part64a_v2.c: In function 'CODE_B9E4A9_M0X0':
D:/l4t/DKC3Recomp/generated/snesrecomp/bankb9_part64a_v2.c:51:3: warning: label 'L_E4A9_M0X0' defined but not used [-Wunused-label]
   51 |   L_E4A9_M0X0:
      |   ^~~~~~~~~~~
D:/l4t/DKC3Recomp/generated/snesrecomp/bankb9_part64e_v2.c: In function 'CODE_B9E4EE_M0X0':
D:/l4t/DKC3Recomp/generated/snesrecomp/bankb9_part64e_v2.c:52:3: warning: label 'L_E4EE_M0X0' defined but not used [-Wunused-label]
   52 |   L_E4EE_M0X0:
      |   ^~~~~~~~~~~
D:/l4t/DKC3Recomp/generated/snesrecomp/bankb9_part652_v2.c: In function 'CODE_B9E520_M0X0':
D:/l4t/DKC3Recomp/generated/snesrecomp/bankb9_part652_v2.c:49:3: warning: label 'L_E520_M0X0' defined but not used [-Wunused-label]
   49 |   L_E520_M0X0:
      |   ^~~~~~~~~~~
D:/l4t/DKC3Recomp/generated/snesrecomp/bankb9_part654_v2.c: In function 'CODE_B9E548_M0X0':
D:/l4t/DKC3Recomp/generated/snesrecomp/bankb9_part654_v2.c:49:3: warning: label 'L_E548_M0X0' defined but not used [-Wunused-label]
   49 |   L_E548_M0X0:
      |   ^~~~~~~~~~~
D:/l4t/DKC3Recomp/generated/snesrecomp/bankb9_part657_v2.c: In function 'CODE_B9E573_M0X0':
D:/l4t/DKC3Recomp/generated/snesrecomp/bankb9_part657_v2.c:54:3: warning: label 'L_E573_M0X0' defined but not used [-Wunused-label]
   54 |   L_E573_M0X0:
      |   ^~~~~~~~~~~
D:/l4t/DKC3Recomp/generated/snesrecomp/bankb9_part657_v2.c: In function 'CODE_B9E57C_M0X0':
D:/l4t/DKC3Recomp/generated/snesrecomp/bankb9_part657_v2.c:160:3: warning: label 'L_E57C_M0X0' defined but not used [-Wunused-label]
  160 |   L_E57C_M0X0:
      |   ^~~~~~~~~~~
D:/l4t/DKC3Recomp/generated/snesrecomp/bankb9_part658_v2.c: In function 'CODE_B9E58C_M0X0':
D:/l4t/DKC3Recomp/generated/snesrecomp/bankb9_part658_v2.c:49:3: warning: label 'L_E58C_M0X0' defined but not used [-Wunused-label]
   49 |   L_E58C_M0X0:
      |   ^~~~~~~~~~~
D:/l4t/DKC3Recomp/generated/snesrecomp/bankb9_part659_v2.c: In function 'CODE_B9E598_M0X0':
D:/l4t/DKC3Recomp/generated/snesrecomp/bankb9_part659_v2.c:49:3: warning: label 'L_E598_M0X0' defined but not used [-Wunused-label]
   49 |   L_E598_M0X0:
      |   ^~~~~~~~~~~
D:/l4t/DKC3Recomp/generated/snesrecomp/bankb9_part65c_v2.c: In function 'CODE_B9E5CF_M0X0':
D:/l4t/DKC3Recomp/generated/snesrecomp/bankb9_part65c_v2.c:52:3: warning: label 'L_E5CF_M0X0' defined but not used [-Wunused-label]
   52 |   L_E5CF_M0X0:
      |   ^~~~~~~~~~~
D:/l4t/DKC3Recomp/generated/snesrecomp/bankb9_part65d_v2.c: In function 'CODE_B9E5D8_M0X0':
D:/l4t/DKC3Recomp/generated/snesrecomp/bankb9_part65d_v2.c:49:3: warning: label 'L_E5D8_M0X0' defined but not used [-Wunused-label]
   49 |   L_E5D8_M0X0:
      |   ^~~~~~~~~~~
D:/l4t/DKC3Recomp/generated/snesrecomp/bankb9_part662_v2.c: In function 'CODE_B9E626_M0X0':
D:/l4t/DKC3Recomp/generated/snesrecomp/bankb9_part662_v2.c:53:3: warning: label 'L_E626_M0X0' defined but not used [-Wunused-label]
   53 |   L_E626_M0X0:
      |   ^~~~~~~~~~~
D:/l4t/DKC3Recomp/generated/snesrecomp/bankb9_part662_v2.c: In function 'CODE_B9E629_M0X0':
D:/l4t/DKC3Recomp/generated/snesrecomp/bankb9_part662_v2.c:97:3: warning: label 'L_E629_M0X0' defined but not used [-Wunused-label]
   97 |   L_E629_M0X0:
      |   ^~~~~~~~~~~
D:/l4t/DKC3Recomp/generated/snesrecomp/bankb9_part663_v2.c: In function 'CODE_B9E638_M0X0':
D:/l4t/DKC3Recomp/generated/snesrecomp/bankb9_part663_v2.c:49:3: warning: label 'L_E638_M0X0' defined but not used [-Wunused-label]
   49 |   L_E638_M0X0:
      |   ^~~~~~~~~~~
D:/l4t/DKC3Recomp/generated/snesrecomp/bankb9_part664_v2.c: In function 'CODE_B9E649_M0X0':
D:/l4t/DKC3Recomp/generated/snesrecomp/bankb9_part664_v2.c:51:3: warning: label 'L_E649_M0X0' defined but not used [-Wunused-label]
   51 |   L_E649_M0X0:
      |   ^~~~~~~~~~~
D:/l4t/DKC3Recomp/generated/snesrecomp/bankb9_part665_v2.c: In function 'CODE_B9E655_M0X0':
D:/l4t/DKC3Recomp/generated/snesrecomp/bankb9_part665_v2.c:49:3: warning: label 'L_E655_M0X0' defined but not used [-Wunused-label]
   49 |   L_E655_M0X0:
      |   ^~~~~~~~~~~
D:/l4t/DKC3Recomp/generated/snesrecomp/bankb9_part668_v2.c: In function 'CODE_B9E68D_M0X0':
D:/l4t/DKC3Recomp/generated/snesrecomp/bankb9_part668_v2.c:50:3: warning: label 'L_E68D_M0X0' defined but not used [-Wunused-label]
   50 |   L_E68D_M0X0:
      |   ^~~~~~~~~~~
D:/l4t/DKC3Recomp/generated/snesrecomp/bankb9_part66a_v2.c: In function 'CODE_B9E6A5_M0X0':
D:/l4t/DKC3Recomp/generated/snesrecomp/bankb9_part66a_v2.c:50:3: warning: label 'L_E6A5_M0X0' defined but not used [-Wunused-label]
   50 |   L_E6A5_M0X0:
      |   ^~~~~~~~~~~
D:/l4t/DKC3Recomp/generated/snesrecomp/bankb9_part66c_v2.c: In function 'CODE_B9E6C2_M0X0':
D:/l4t/DKC3Recomp/generated/snesrecomp/bankb9_part66c_v2.c:51:3: warning: label 'L_E6C2_M0X0' defined but not used [-Wunused-label]
   51 |   L_E6C2_M0X0:
      |   ^~~~~~~~~~~
D:/l4t/DKC3Recomp/generated/snesrecomp/bankb9_part671_v2.c: In function 'CODE_B9E711_M0X0':
D:/l4t/DKC3Recomp/generated/snesrecomp/bankb9_part671_v2.c:51:3: warning: label 'L_E711_M0X0' defined but not used [-Wunused-label]
   51 |   L_E711_M0X0:
      |   ^~~~~~~~~~~
D:/l4t/DKC3Recomp/generated/snesrecomp/bankb9_part677_v2.c: In function 'CODE_B9E773_M0X0':
D:/l4t/DKC3Recomp/generated/snesrecomp/bankb9_part677_v2.c:50:3: warning: label 'L_E773_M0X0' defined but not used [-Wunused-label]
   50 |   L_E773_M0X0:
      |   ^~~~~~~~~~~
D:/l4t/DKC3Recomp/generated/snesrecomp/bankb9_part67b_v2.c: In function 'CODE_B9E7B6_M0X0':
D:/l4t/DKC3Recomp/generated/snesrecomp/bankb9_part67b_v2.c:51:3: warning: label 'L_E7B6_M0X0' defined but not used [-Wunused-label]
   51 |   L_E7B6_M0X0:
      |   ^~~~~~~~~~~
D:/l4t/DKC3Recomp/generated/snesrecomp/bankb9_part67d_v2.c: In function 'CODE_B9E7DE_M0X0':
D:/l4t/DKC3Recomp/generated/snesrecomp/bankb9_part67d_v2.c:52:3: warning: label 'L_E7DE_M0X0' defined but not used [-Wunused-label]
   52 |   L_E7DE_M0X0:
      |   ^~~~~~~~~~~
D:/l4t/DKC3Recomp/generated/snesrecomp/bankb9_part67e_v2.c: In function 'CODE_B9E7E8_M0X0':
D:/l4t/DKC3Recomp/generated/snesrecomp/bankb9_part67e_v2.c:51:3: warning: label 'L_E7E8_M0X0' defined but not used [-Wunused-label]
   51 |   L_E7E8_M0X0:
      |   ^~~~~~~~~~~
D:/l4t/DKC3Recomp/generated/snesrecomp/bankb9_part67f_v2.c: In function 'CODE_B9E7F0_M0X0':
D:/l4t/DKC3Recomp/generated/snesrecomp/bankb9_part67f_v2.c:50:3: warning: label 'L_E7F0_M0X0' defined but not used [-Wunused-label]
   50 |   L_E7F0_M0X0:
      |   ^~~~~~~~~~~
D:/l4t/DKC3Recomp/generated/snesrecomp/bankb9_part681_v2.c: In function 'CODE_B9E81C_M0X0':
D:/l4t/DKC3Recomp/generated/snesrecomp/bankb9_part681_v2.c:51:3: warning: label 'L_E81C_M0X0' defined but not used [-Wunused-label]
   51 |   L_E81C_M0X0:
      |   ^~~~~~~~~~~
D:/l4t/DKC3Recomp/generated/snesrecomp/bankb9_part685_v2.c: In function 'CODE_B9E853_M0X0':
D:/l4t/DKC3Recomp/generated/snesrecomp/bankb9_part685_v2.c:53:3: warning: label 'L_E853_M0X0' defined but not used [-Wunused-label]
   53 |   L_E853_M0X0:
      |   ^~~~~~~~~~~
D:/l4t/DKC3Recomp/generated/snesrecomp/bankb9_part685_v2.c: In function 'CODE_B9E85B_M0X0':
D:/l4t/DKC3Recomp/generated/snesrecomp/bankb9_part685_v2.c:142:3: warning: label 'L_E85B_M0X0' defined but not used [-Wunused-label]
  142 |   L_E85B_M0X0:
      |   ^~~~~~~~~~~
D:/l4t/DKC3Recomp/generated/snesrecomp/bankb9_part686_v2.c: In function 'CODE_B9E86E_M0X0':
D:/l4t/DKC3Recomp/generated/snesrecomp/bankb9_part686_v2.c:51:3: warning: label 'L_E86E_M0X0' defined but not used [-Wunused-label]
   51 |   L_E86E_M0X0:
      |   ^~~~~~~~~~~
D:/l4t/DKC3Recomp/generated/snesrecomp/bankb9_part688_v2.c: In function 'CODE_B9E883_M0X0':
D:/l4t/DKC3Recomp/generated/snesrecomp/bankb9_part688_v2.c:51:3: warning: label 'L_E883_M0X0' defined but not used [-Wunused-label]
   51 |   L_E883_M0X0:
      |   ^~~~~~~~~~~
D:/l4t/DKC3Recomp/generated/snesrecomp/bankb9_part68e_v2.c: In function 'CODE_B9E8E1_M0X0':
D:/l4t/DKC3Recomp/generated/snesrecomp/bankb9_part68e_v2.c:51:3: warning: label 'L_E8E1_M0X0' defined but not used [-Wunused-label]
   51 |   L_E8E1_M0X0:
      |   ^~~~~~~~~~~
D:/l4t/DKC3Recomp/generated/snesrecomp/bankb9_part691_v2.c: In function 'CODE_B9E91A_M0X0':
D:/l4t/DKC3Recomp/generated/snesrecomp/bankb9_part691_v2.c:51:3: warning: label 'L_E91A_M0X0' defined but not used [-Wunused-label]
   51 |   L_E91A_M0X0:
      |   ^~~~~~~~~~~
D:/l4t/DKC3Recomp/generated/snesrecomp/bankb9_part693_v2.c: In function 'CODE_B9E93A_M0X0':
D:/l4t/DKC3Recomp/generated/snesrecomp/bankb9_part693_v2.c:54:3: warning: label 'L_E93A_M0X0' defined but not used [-Wunused-label]
   54 |   L_E93A_M0X0:
      |   ^~~~~~~~~~~
D:/l4t/DKC3Recomp/generated/snesrecomp/bankb9_part695_v2.c: In function 'CODE_B9E952_M0X0':
D:/l4t/DKC3Recomp/generated/snesrecomp/bankb9_part695_v2.c:49:3: warning: label 'L_E952_M0X0' defined but not used [-Wunused-label]
   49 |   L_E952_M0X0:
      |   ^~~~~~~~~~~
D:/l4t/DKC3Recomp/generated/snesrecomp/bankb9_part696_v2.c: In function 'CODE_B9E966_M0X0':
D:/l4t/DKC3Recomp/generated/snesrecomp/bankb9_part696_v2.c:50:3: warning: label 'L_E966_M0X0' defined but not used [-Wunused-label]
   50 |   L_E966_M0X0:
      |   ^~~~~~~~~~~
D:/l4t/DKC3Recomp/generated/snesrecomp/bankb9_part69a_v2.c: In function 'CODE_B9E9A2_M0X0':
D:/l4t/DKC3Recomp/generated/snesrecomp/bankb9_part69a_v2.c:54:3: warning: label 'L_E9A2_M0X0' defined but not used [-Wunused-label]
   54 |   L_E9A2_M0X0:
      |   ^~~~~~~~~~~
D:/l4t/DKC3Recomp/generated/snesrecomp/bankb9_part69a_v2.c: In function 'CODE_B9E9AB_M0X0':
D:/l4t/DKC3Recomp/generated/snesrecomp/bankb9_part69a_v2.c:160:3: warning: label 'L_E9AB_M0X0' defined but not used [-Wunused-label]
  160 |   L_E9AB_M0X0:
      |   ^~~~~~~~~~~
D:/l4t/DKC3Recomp/generated/snesrecomp/bankb9_part69f_v2.c: In function 'CODE_B9E9FD_M0X0':
D:/l4t/DKC3Recomp/generated/snesrecomp/bankb9_part69f_v2.c:53:3: warning: label 'L_E9FD_M0X0' defined but not used [-Wunused-label]
   53 |   L_E9FD_M0X0:
      |   ^~~~~~~~~~~
D:/l4t/DKC3Recomp/generated/snesrecomp/bankb9_part6a1_v2.c: In function 'CODE_B9EA17_M0X0':
D:/l4t/DKC3Recomp/generated/snesrecomp/bankb9_part6a1_v2.c:49:3: warning: label 'L_EA17_M0X0' defined but not used [-Wunused-label]
   49 |   L_EA17_M0X0:
      |   ^~~~~~~~~~~
D:/l4t/DKC3Recomp/generated/snesrecomp/bankb9_part6a3_v2.c: In function 'CODE_B9EA30_M0X0':
D:/l4t/DKC3Recomp/generated/snesrecomp/bankb9_part6a3_v2.c:50:3: warning: label 'L_EA30_M0X0' defined but not used [-Wunused-label]
   50 |   L_EA30_M0X0:
      |   ^~~~~~~~~~~
D:/l4t/DKC3Recomp/generated/snesrecomp/bankb9_part6a8_v2.c: In function 'CODE_B9EA8A_M0X0':
D:/l4t/DKC3Recomp/generated/snesrecomp/bankb9_part6a8_v2.c:53:3: warning: label 'L_EA8A_M0X0' defined but not used [-Wunused-label]
   53 |   L_EA8A_M0X0:
      |   ^~~~~~~~~~~
D:/l4t/DKC3Recomp/generated/snesrecomp/bankb9_part6aa_v2.c: In function 'CODE_B9EAA4_M0X0':
D:/l4t/DKC3Recomp/generated/snesrecomp/bankb9_part6aa_v2.c:49:3: warning: label 'L_EAA4_M0X0' defined but not used [-Wunused-label]
   49 |   L_EAA4_M0X0:
      |   ^~~~~~~~~~~
D:/l4t/DKC3Recomp/generated/snesrecomp/bankb9_part6ab_v2.c: In function 'CODE_B9EABD_M0X0':
D:/l4t/DKC3Recomp/generated/snesrecomp/bankb9_part6ab_v2.c:50:3: warning: label 'L_EABD_M0X0' defined but not used [-Wunused-label]
   50 |   L_EABD_M0X0:
      |   ^~~~~~~~~~~
D:/l4t/DKC3Recomp/generated/snesrecomp/bankb9_part6b1_v2.c: In function 'CODE_B9EB15_M0X0':
D:/l4t/DKC3Recomp/generated/snesrecomp/bankb9_part6b1_v2.c:53:3: warning: label 'L_EB15_M0X0' defined but not used [-Wunused-label]
   53 |   L_EB15_M0X0:
      |   ^~~~~~~~~~~
D:/l4t/DKC3Recomp/generated/snesrecomp/bankb9_part6b2_v2.c: In function 'CODE_B9EB21_M0X0':
D:/l4t/DKC3Recomp/generated/snesrecomp/bankb9_part6b2_v2.c:51:3: warning: label 'L_EB21_M0X0' defined but not used [-Wunused-label]
   51 |   L_EB21_M0X0:
      |   ^~~~~~~~~~~
D:/l4t/DKC3Recomp/generated/snesrecomp/bankb9_part6b3_v2.c: In function 'CODE_B9EB37_M0X0':
D:/l4t/DKC3Recomp/generated/snesrecomp/bankb9_part6b3_v2.c:53:3: warning: label 'L_EB37_M0X0' defined but not used [-Wunused-label]
   53 |   L_EB37_M0X0:
      |   ^~~~~~~~~~~
D:/l4t/DKC3Recomp/generated/snesrecomp/bankb9_part6b3_v2.c: In function 'CODE_B9EB3D_M0X0':
D:/l4t/DKC3Recomp/generated/snesrecomp/bankb9_part6b3_v2.c:128:3: warning: label 'L_EB3D_M0X0' defined but not used [-Wunused-label]
  128 |   L_EB3D_M0X0:
      |   ^~~~~~~~~~~
D:/l4t/DKC3Recomp/generated/snesrecomp/bankb9_part6b5_v2.c: In function 'CODE_B9EB50_M0X0':
D:/l4t/DKC3Recomp/generated/snesrecomp/bankb9_part6b5_v2.c:49:3: warning: label 'L_EB50_M0X0' defined but not used [-Wunused-label]
   49 |   L_EB50_M0X0:
      |   ^~~~~~~~~~~
D:/l4t/DKC3Recomp/generated/snesrecomp/bankb9_part6b6_v2.c: In function 'CODE_B9EB66_M0X0':
D:/l4t/DKC3Recomp/generated/snesrecomp/bankb9_part6b6_v2.c:50:3: warning: label 'L_EB66_M0X0' defined but not used [-Wunused-label]
   50 |   L_EB66_M0X0:
      |   ^~~~~~~~~~~
D:/l4t/DKC3Recomp/generated/snesrecomp/bankb9_part6b9_v2.c: In function 'CODE_B9EB98_M0X0':
D:/l4t/DKC3Recomp/generated/snesrecomp/bankb9_part6b9_v2.c:53:3: warning: label 'L_EB98_M0X0' defined but not used [-Wunused-label]
   53 |   L_EB98_M0X0:
      |   ^~~~~~~~~~~
D:/l4t/DKC3Recomp/generated/snesrecomp/bankb9_part6bb_v2.c: In function 'CODE_B9EBB5_M0X0':
D:/l4t/DKC3Recomp/generated/snesrecomp/bankb9_part6bb_v2.c:49:3: warning: label 'L_EBB5_M0X0' defined but not used [-Wunused-label]
   49 |   L_EBB5_M0X0:
      |   ^~~~~~~~~~~
D:/l4t/DKC3Recomp/generated/snesrecomp/bankb9_part6bf_v2.c: In function 'CODE_B9EBF2_M0X0':
D:/l4t/DKC3Recomp/generated/snesrecomp/bankb9_part6bf_v2.c:51:3: warning: label 'L_EBF2_M0X0' defined but not used [-Wunused-label]
   51 |   L_EBF2_M0X0:
      |   ^~~~~~~~~~~
D:/l4t/DKC3Recomp/generated/snesrecomp/bankb9_part6c5_v2.c: In function 'CODE_B9EC55_M0X0':
D:/l4t/DKC3Recomp/generated/snesrecomp/bankb9_part6c5_v2.c:52:3: warning: label 'L_EC55_M0X0' defined but not used [-Wunused-label]
   52 |   L_EC55_M0X0:
      |   ^~~~~~~~~~~
D:/l4t/DKC3Recomp/generated/snesrecomp/bankb9_part6c6_v2.c: In function 'CODE_B9EC62_M0X0':
D:/l4t/DKC3Recomp/generated/snesrecomp/bankb9_part6c6_v2.c:49:3: warning: label 'L_EC62_M0X0' defined but not used [-Wunused-label]
   49 |   L_EC62_M0X0:
      |   ^~~~~~~~~~~
D:/l4t/DKC3Recomp/generated/snesrecomp/bankb9_part6c7_v2.c: In function 'CODE_B9EC72_M0X0':
D:/l4t/DKC3Recomp/generated/snesrecomp/bankb9_part6c7_v2.c:49:3: warning: label 'L_EC72_M0X0' defined but not used [-Wunused-label]
   49 |   L_EC72_M0X0:
      |   ^~~~~~~~~~~
D:/l4t/DKC3Recomp/generated/snesrecomp/bankb9_part6cf_v2.c: In function 'CODE_B9ECFC_M0X0':
D:/l4t/DKC3Recomp/generated/snesrecomp/bankb9_part6cf_v2.c:49:3: warning: label 'L_ECFC_M0X0' defined but not used [-Wunused-label]
   49 |   L_ECFC_M0X0:
      |   ^~~~~~~~~~~
D:/l4t/DKC3Recomp/generated/snesrecomp/bankb9_part6de_v2.c: In function 'CODE_B9EDE4_M0X0':
D:/l4t/DKC3Recomp/generated/snesrecomp/bankb9_part6de_v2.c:50:3: warning: label 'L_EDE4_M0X0' defined but not used [-Wunused-label]
   50 |   L_EDE4_M0X0:
      |   ^~~~~~~~~~~
D:/l4t/DKC3Recomp/generated/snesrecomp/bankb9_part6e6_v2.c: In function 'CODE_B9EE64_M0X0':
D:/l4t/DKC3Recomp/generated/snesrecomp/bankb9_part6e6_v2.c:52:3: warning: label 'L_EE64_M0X0' defined but not used [-Wunused-label]
   52 |   L_EE64_M0X0:
      |   ^~~~~~~~~~~
D:/l4t/DKC3Recomp/generated/snesrecomp/bankb9_part6e6_v2.c: In function 'CODE_B9EE6E_M0X0':
D:/l4t/DKC3Recomp/generated/snesrecomp/bankb9_part6e6_v2.c:199:3: warning: label 'L_EE6E_M0X0' defined but not used [-Wunused-label]
  199 |   L_EE6E_M0X0:
      |   ^~~~~~~~~~~
D:/l4t/DKC3Recomp/generated/snesrecomp/bankb9_part6e7_v2.c: In function 'CODE_B9EE78_M0X0':
D:/l4t/DKC3Recomp/generated/snesrecomp/bankb9_part6e7_v2.c:49:3: warning: label 'L_EE78_M0X0' defined but not used [-Wunused-label]
   49 |   L_EE78_M0X0:
      |   ^~~~~~~~~~~
D:/l4t/DKC3Recomp/generated/snesrecomp/bankb9_part716_v2.c: In function 'CODE_B9F163_M0X0':
D:/l4t/DKC3Recomp/generated/snesrecomp/bankb9_part716_v2.c:52:3: warning: label 'L_F163_M0X0' defined but not used [-Wunused-label]
   52 |   L_F163_M0X0:
      |   ^~~~~~~~~~~
D:/l4t/DKC3Recomp/generated/snesrecomp/bankb9_part716_v2.c: In function 'CODE_B9F165_M0X0':
D:/l4t/DKC3Recomp/generated/snesrecomp/bankb9_part716_v2.c:102:3: warning: label 'L_F165_M0X0' defined but not used [-Wunused-label]
  102 |   L_F165_M0X0:
      |   ^~~~~~~~~~~
D:/l4t/DKC3Recomp/generated/snesrecomp/bankb9_part716_v2.c: In function 'CODE_B9F169_M0X0':
D:/l4t/DKC3Recomp/generated/snesrecomp/bankb9_part716_v2.c:155:3: warning: label 'L_F169_M0X0' defined but not used [-Wunused-label]
  155 |   L_F169_M0X0:
      |   ^~~~~~~~~~~
D:/l4t/DKC3Recomp/generated/snesrecomp/bankb9_part717_v2.c: In function 'CODE_B9F173_M0X0':
D:/l4t/DKC3Recomp/generated/snesrecomp/bankb9_part717_v2.c:50:3: warning: label 'L_F173_M0X0' defined but not used [-Wunused-label]
   50 |   L_F173_M0X0:
      |   ^~~~~~~~~~~
D:/l4t/DKC3Recomp/generated/snesrecomp/bankb9_part71e_v2.c: In function 'CODE_B9F1E0_M0X0':
D:/l4t/DKC3Recomp/generated/snesrecomp/bankb9_part71e_v2.c:49:3: warning: label 'L_F1E0_M0X0' defined but not used [-Wunused-label]
   49 |   L_F1E0_M0X0:
      |   ^~~~~~~~~~~
D:/l4t/DKC3Recomp/generated/snesrecomp/bankb9_part722_v2.c: In function 'CODE_B9F226_M0X0':
D:/l4t/DKC3Recomp/generated/snesrecomp/bankb9_part722_v2.c:49:3: warning: label 'L_F226_M0X0' defined but not used [-Wunused-label]
   49 |   L_F226_M0X0:
      |   ^~~~~~~~~~~
D:/l4t/DKC3Recomp/generated/snesrecomp/bankb9_part726_v2.c: In function 'CODE_B9F260_M0X0':
D:/l4t/DKC3Recomp/generated/snesrecomp/bankb9_part726_v2.c:50:3: warning: label 'L_F260_M0X0' defined but not used [-Wunused-label]
   50 |   L_F260_M0X0:
      |   ^~~~~~~~~~~
D:/l4t/DKC3Recomp/generated/snesrecomp/bankb9_part726_v2.c: In function 'CODE_B9F26A_M0X0':
D:/l4t/DKC3Recomp/generated/snesrecomp/bankb9_part726_v2.c:178:3: warning: label 'L_F26A_M0X0' defined but not used [-Wunused-label]
  178 |   L_F26A_M0X0:
      |   ^~~~~~~~~~~
D:/l4t/DKC3Recomp/generated/snesrecomp/bankb9_part747_v2.c: In function 'interpolate_y_speed_direct_M0X0':
D:/l4t/DKC3Recomp/generated/snesrecomp/bankb9_part747_v2.c:75:3: warning: label 'L_F478_M0X0' defined but not used [-Wunused-label]
   75 |   L_F478_M0X0:
      |   ^~~~~~~~~~~
D:/l4t/DKC3Recomp/generated/snesrecomp/bankb9_part74b_v2.c: In function 'interpolate_x_speed_direct_M0X0':
D:/l4t/DKC3Recomp/generated/snesrecomp/bankb9_part74b_v2.c:75:3: warning: label 'L_F4B0_M0X0' defined but not used [-Wunused-label]
   75 |   L_F4B0_M0X0:
      |   ^~~~~~~~~~~
D:/l4t/DKC3Recomp/generated/snesrecomp/bankb9_part752_v2.c: In function 'CODE_B9F524_M0X0':
D:/l4t/DKC3Recomp/generated/snesrecomp/bankb9_part752_v2.c:49:3: warning: label 'L_F524_M0X0' defined but not used [-Wunused-label]
   49 |   L_F524_M0X0:
      |   ^~~~~~~~~~~
D:/l4t/DKC3Recomp/generated/snesrecomp/bankb9_part753_v2.c: In function 'CODE_B9F531_M0X0':
D:/l4t/DKC3Recomp/generated/snesrecomp/bankb9_part753_v2.c:50:3: warning: label 'L_F531_M0X0' defined but not used [-Wunused-label]
   50 |   L_F531_M0X0:
      |   ^~~~~~~~~~~
D:/l4t/DKC3Recomp/generated/snesrecomp/bankb9_part753_v2.c: In function 'CODE_B9F53D_M0X0':
D:/l4t/DKC3Recomp/generated/snesrecomp/bankb9_part753_v2.c:215:3: warning: label 'L_F53D_M0X0' defined but not used [-Wunused-label]
  215 |   L_F53D_M0X0:
      |   ^~~~~~~~~~~
D:/l4t/DKC3Recomp/generated/snesrecomp/bankb9_part754_v2.c: In function 'CODE_B9F54F_M0X0':
D:/l4t/DKC3Recomp/generated/snesrecomp/bankb9_part754_v2.c:49:3: warning: label 'L_F54F_M0X0' defined but not used [-Wunused-label]
   49 |   L_F54F_M0X0:
      |   ^~~~~~~~~~~
D:/l4t/DKC3Recomp/generated/snesrecomp/bankb9_part755_v2.c: In function 'CODE_B9F55B_M0X0':
D:/l4t/DKC3Recomp/generated/snesrecomp/bankb9_part755_v2.c:49:3: warning: label 'L_F55B_M0X0' defined but not used [-Wunused-label]
   49 |   L_F55B_M0X0:
      |   ^~~~~~~~~~~
D:/l4t/DKC3Recomp/generated/snesrecomp/bankb9_part756_v2.c: In function 'CODE_B9F566_M0X0':
D:/l4t/DKC3Recomp/generated/snesrecomp/bankb9_part756_v2.c:49:3: warning: label 'L_F566_M0X0' defined but not used [-Wunused-label]
   49 |   L_F566_M0X0:
      |   ^~~~~~~~~~~
D:/l4t/DKC3Recomp/generated/snesrecomp/bankb9_part757_v2.c: In function 'CODE_B9F57B_M0X0':
D:/l4t/DKC3Recomp/generated/snesrecomp/bankb9_part757_v2.c:53:3: warning: label 'L_F57B_M0X0' defined but not used [-Wunused-label]
   53 |   L_F57B_M0X0:
      |   ^~~~~~~~~~~
D:/l4t/DKC3Recomp/generated/snesrecomp/bankb9_part757_v2.c: In function 'CODE_B9F57C_M0X0':
D:/l4t/DKC3Recomp/generated/snesrecomp/bankb9_part757_v2.c:103:3: warning: label 'L_F57C_M0X0' defined but not used [-Wunused-label]
  103 |   L_F57C_M0X0:
      |   ^~~~~~~~~~~
D:/l4t/DKC3Recomp/generated/snesrecomp/bankb9_part757_v2.c: In function 'CODE_B9F57D_M0X0':
D:/l4t/DKC3Recomp/generated/snesrecomp/bankb9_part757_v2.c:153:3: warning: label 'L_F57D_M0X0' defined but not used [-Wunused-label]
  153 |   L_F57D_M0X0:
      |   ^~~~~~~~~~~
D:/l4t/DKC3Recomp/generated/snesrecomp/bankb9_part757_v2.c: In function 'CODE_B9F57E_M0X0':
D:/l4t/DKC3Recomp/generated/snesrecomp/bankb9_part757_v2.c:203:3: warning: label 'L_F57E_M0X0' defined but not used [-Wunused-label]
  203 |   L_F57E_M0X0:
      |   ^~~~~~~~~~~
D:/l4t/DKC3Recomp/generated/snesrecomp/bankb9_part757_v2.c: In function 'CODE_B9F57F_M0X0':
D:/l4t/DKC3Recomp/generated/snesrecomp/bankb9_part757_v2.c:253:3: warning: label 'L_F57F_M0X0' defined but not used [-Wunused-label]
  253 |   L_F57F_M0X0:
      |   ^~~~~~~~~~~
D:/l4t/DKC3Recomp/generated/snesrecomp/bankb9_part758_v2.c: In function 'CODE_B9F584_M0X0':
D:/l4t/DKC3Recomp/generated/snesrecomp/bankb9_part758_v2.c:50:3: warning: label 'L_F584_M0X0' defined but not used [-Wunused-label]
   50 |   L_F584_M0X0:
      |   ^~~~~~~~~~~
D:/l4t/DKC3Recomp/generated/snesrecomp/bankb9_part758_v2.c: In function 'CODE_B9F588_M0X0':
D:/l4t/DKC3Recomp/generated/snesrecomp/bankb9_part758_v2.c:167:3: warning: label 'L_F588_M0X0' defined but not used [-Wunused-label]
  167 |   L_F588_M0X0:
      |   ^~~~~~~~~~~
D:/l4t/DKC3Recomp/generated/snesrecomp/bankb9_part759_v2.c: In function 'CODE_B9F592_M0X0':
D:/l4t/DKC3Recomp/generated/snesrecomp/bankb9_part759_v2.c:50:3: warning: label 'L_F592_M0X0' defined but not used [-Wunused-label]
   50 |   L_F592_M0X0:
      |   ^~~~~~~~~~~
D:/l4t/DKC3Recomp/generated/snesrecomp/bankb9_part759_v2.c: In function 'CODE_B9F595_M0X0':
D:/l4t/DKC3Recomp/generated/snesrecomp/bankb9_part759_v2.c:161:3: warning: label 'L_F595_M0X0' defined but not used [-Wunused-label]
  161 |   L_F595_M0X0:
      |   ^~~~~~~~~~~
D:/l4t/DKC3Recomp/generated/snesrecomp/bankb9_part75a_v2.c: In function 'CODE_B9F5A3_M0X0':
D:/l4t/DKC3Recomp/generated/snesrecomp/bankb9_part75a_v2.c:50:3: warning: label 'L_F5A3_M0X0' defined but not used [-Wunused-label]
   50 |   L_F5A3_M0X0:
      |   ^~~~~~~~~~~
D:/l4t/DKC3Recomp/generated/snesrecomp/bankb9_part75a_v2.c: In function 'CODE_B9F5AC_M0X0':
D:/l4t/DKC3Recomp/generated/snesrecomp/bankb9_part75a_v2.c:197:3: warning: label 'L_F5AC_M0X0' defined but not used [-Wunused-label]
  197 |   L_F5AC_M0X0:
      |   ^~~~~~~~~~~
D:/l4t/DKC3Recomp/generated/snesrecomp/bankb9_part75b_v2.c: In function 'CODE_B9F5BB_M0X0':
D:/l4t/DKC3Recomp/generated/snesrecomp/bankb9_part75b_v2.c:50:3: warning: label 'L_F5BB_M0X0' defined but not used [-Wunused-label]
   50 |   L_F5BB_M0X0:
      |   ^~~~~~~~~~~
D:/l4t/DKC3Recomp/generated/snesrecomp/bankb9_part75b_v2.c: In function 'CODE_B9F5BD_M0X0':
D:/l4t/DKC3Recomp/generated/snesrecomp/bankb9_part75b_v2.c:155:3: warning: label 'L_F5BD_M0X0' defined but not used [-Wunused-label]
  155 |   L_F5BD_M0X0:
      |   ^~~~~~~~~~~
D:/l4t/DKC3Recomp/generated/snesrecomp/bankb9_part75c_v2.c: In function 'CODE_B9F5C7_M0X0':
D:/l4t/DKC3Recomp/generated/snesrecomp/bankb9_part75c_v2.c:49:3: warning: label 'L_F5C7_M0X0' defined but not used [-Wunused-label]
   49 |   L_F5C7_M0X0:
      |   ^~~~~~~~~~~
D:/l4t/DKC3Recomp/generated/snesrecomp/bankb9_part75d_v2.c: In function 'CODE_B9F5D0_M0X0':
D:/l4t/DKC3Recomp/generated/snesrecomp/bankb9_part75d_v2.c:50:3: warning: label 'L_F5D0_M0X0' defined but not used [-Wunused-label]
   50 |   L_F5D0_M0X0:
      |   ^~~~~~~~~~~
D:/l4t/DKC3Recomp/generated/snesrecomp/bankb9_part75d_v2.c: In function 'CODE_B9F5DF_M0X0':
D:/l4t/DKC3Recomp/generated/snesrecomp/bankb9_part75d_v2.c:233:3: warning: label 'L_F5DF_M0X0' defined but not used [-Wunused-label]
  233 |   L_F5DF_M0X0:
      |   ^~~~~~~~~~~
D:/l4t/DKC3Recomp/generated/snesrecomp/bankb9_part75e_v2.c: In function 'CODE_B9F5E7_M0X0':
D:/l4t/DKC3Recomp/generated/snesrecomp/bankb9_part75e_v2.c:49:3: warning: label 'L_F5E7_M0X0' defined but not used [-Wunused-label]
   49 |   L_F5E7_M0X0:
      |   ^~~~~~~~~~~
D:/l4t/DKC3Recomp/generated/snesrecomp/bankb9_part75f_v2.c: In function 'CODE_B9F5F6_M0X0':
D:/l4t/DKC3Recomp/generated/snesrecomp/bankb9_part75f_v2.c:49:3: warning: label 'L_F5F6_M0X0' defined but not used [-Wunused-label]
   49 |   L_F5F6_M0X0:
      |   ^~~~~~~~~~~
D:/l4t/DKC3Recomp/generated/snesrecomp/bankb9_part760_v2.c: In function 'CODE_B9F604_M0X0':
D:/l4t/DKC3Recomp/generated/snesrecomp/bankb9_part760_v2.c:50:3: warning: label 'L_F604_M0X0' defined but not used [-Wunused-label]
   50 |   L_F604_M0X0:
      |   ^~~~~~~~~~~
D:/l4t/DKC3Recomp/generated/snesrecomp/bankb9_part761_v2.c: In function 'CODE_B9F611_M0X0':
D:/l4t/DKC3Recomp/generated/snesrecomp/bankb9_part761_v2.c:49:3: warning: label 'L_F611_M0X0' defined but not used [-Wunused-label]
   49 |   L_F611_M0X0:
      |   ^~~~~~~~~~~
D:/l4t/DKC3Recomp/generated/snesrecomp/bankb9_part765_v2.c: In function 'CODE_B9F65E_M0X0':
D:/l4t/DKC3Recomp/generated/snesrecomp/bankb9_part765_v2.c:50:3: warning: label 'L_F65E_M0X0' defined but not used [-Wunused-label]
   50 |   L_F65E_M0X0:
      |   ^~~~~~~~~~~
D:/l4t/DKC3Recomp/generated/snesrecomp/bankb9_part76c_v2.c: In function 'CODE_B9F6C1_M0X0':
D:/l4t/DKC3Recomp/generated/snesrecomp/bankb9_part76c_v2.c:49:3: warning: label 'L_F6C1_M0X0' defined but not used [-Wunused-label]
   49 |   L_F6C1_M0X0:
      |   ^~~~~~~~~~~
D:/l4t/DKC3Recomp/generated/snesrecomp/bankbb_part01_v2.c: In function 'direct_byte_1_fill_1_entry_M0X0':
D:/l4t/DKC3Recomp/generated/snesrecomp/bankbb_part01_v2.c:51:3: warning: label 'L_8010_M0X0' defined but not used [-Wunused-label]
   51 |   L_8010_M0X0:
      |   ^~~~~~~~~~~
D:/l4t/DKC3Recomp/generated/snesrecomp/bankbb_part01_v2.c: In function 'direct_byte_2_fill_1_entry_M0X0':
D:/l4t/DKC3Recomp/generated/snesrecomp/bankbb_part01_v2.c:293:3: warning: label 'L_8014_M0X0' defined but not used [-Wunused-label]
  293 |   L_8014_M0X0:
      |   ^~~~~~~~~~~
D:/l4t/DKC3Recomp/generated/snesrecomp/bankbb_part01_v2.c: In function 'direct_word_put_1_entry_M0X0':
D:/l4t/DKC3Recomp/generated/snesrecomp/bankbb_part01_v2.c:529:3: warning: label 'L_8018_M0X0' defined but not used [-Wunused-label]
  529 |   L_8018_M0X0:
      |   ^~~~~~~~~~~
D:/l4t/DKC3Recomp/generated/snesrecomp/bankbb_part02_v2.c: In function 'back_copy_1_entry_M0X0':
D:/l4t/DKC3Recomp/generated/snesrecomp/bankbb_part02_v2.c:50:3: warning: label 'L_8028_M0X0' defined but not used [-Wunused-label]
   50 |   L_8028_M0X0:
      |   ^~~~~~~~~~~
D:/l4t/DKC3Recomp/generated/snesrecomp/bankbb_part02_v2.c: In function 'back_copy_far_1_entry_M0X0':
D:/l4t/DKC3Recomp/generated/snesrecomp/bankbb_part02_v2.c:424:3: warning: label 'L_802C_M0X0' defined but not used [-Wunused-label]
  424 |   L_802C_M0X0:
      |   ^~~~~~~~~~~
D:/l4t/DKC3Recomp/generated/snesrecomp/bankbb_part03_v2.c: In function 'duplicate_word_1_entry_M0X0':
D:/l4t/DKC3Recomp/generated/snesrecomp/bankbb_part03_v2.c:50:3: warning: label 'L_8038_M0X0' defined but not used [-Wunused-label]
   50 |   L_8038_M0X0:
      |   ^~~~~~~~~~~
D:/l4t/DKC3Recomp/generated/snesrecomp/bankbb_part03_v2.c: In function 'copy_future_word_1_entry_M0X0':
D:/l4t/DKC3Recomp/generated/snesrecomp/bankbb_part03_v2.c:308:3: warning: label 'L_803C_M0X0' defined but not used [-Wunused-label]
  308 |   L_803C_M0X0:
      |   ^~~~~~~~~~~
D:/l4t/DKC3Recomp/generated/snesrecomp/bankbb_part04_v2.c: In function 'stream_byte_2_entry_M0X0':
D:/l4t/DKC3Recomp/generated/snesrecomp/bankbb_part04_v2.c:50:3: warning: label 'L_8043_M0X0' defined but not used [-Wunused-label]
   50 |   L_8043_M0X0:
      |   ^~~~~~~~~~~
D:/l4t/DKC3Recomp/generated/snesrecomp/bankbb_part04_v2.c: In function 'stream_word_2_entry_M0X0':
D:/l4t/DKC3Recomp/generated/snesrecomp/bankbb_part04_v2.c:241:3: warning: label 'L_8047_M0X0' defined but not used [-Wunused-label]
  241 |   L_8047_M0X0:
      |   ^~~~~~~~~~~
D:/l4t/DKC3Recomp/generated/snesrecomp/bankbb_part05_v2.c: In function 'direct_word_put_2_entry_M0X0':
D:/l4t/DKC3Recomp/generated/snesrecomp/bankbb_part05_v2.c:51:3: warning: label 'L_8057_M0X0' defined but not used [-Wunused-label]
   51 |   L_8057_M0X0:
      |   ^~~~~~~~~~~
D:/l4t/DKC3Recomp/generated/snesrecomp/bankbb_part05_v2.c: In function 'direct_byte_1_put_2_entry_M0X0':
D:/l4t/DKC3Recomp/generated/snesrecomp/bankbb_part05_v2.c:262:3: warning: label 'L_805B_M0X0' defined but not used [-Wunused-label]
  262 |   L_805B_M0X0:
      |   ^~~~~~~~~~~
D:/l4t/DKC3Recomp/generated/snesrecomp/bankbb_part05_v2.c: In function 'direct_byte_2_put_2_entry_M0X0':
D:/l4t/DKC3Recomp/generated/snesrecomp/bankbb_part05_v2.c:443:3: warning: label 'L_805F_M0X0' defined but not used [-Wunused-label]
  443 |   L_805F_M0X0:
      |   ^~~~~~~~~~~
D:/l4t/DKC3Recomp/generated/snesrecomp/bankbb_part06_v2.c: In function 'back_copy_word_2_entry_M0X0':
D:/l4t/DKC3Recomp/generated/snesrecomp/bankbb_part06_v2.c:52:3: warning: label 'L_8063_M0X0' defined but not used [-Wunused-label]
   52 |   L_8063_M0X0:
      |   ^~~~~~~~~~~
D:/l4t/DKC3Recomp/generated/snesrecomp/bankbb_part06_v2.c: In function 'back_copy_2_entry_M0X0':
D:/l4t/DKC3Recomp/generated/snesrecomp/bankbb_part06_v2.c:384:3: warning: label 'L_8067_M0X0' defined but not used [-Wunused-label]
  384 |   L_8067_M0X0:
      |   ^~~~~~~~~~~
D:/l4t/DKC3Recomp/generated/snesrecomp/bankbb_part06_v2.c: In function 'back_copy_far_2_entry_M0X0':
D:/l4t/DKC3Recomp/generated/snesrecomp/bankbb_part06_v2.c:825:3: warning: label 'L_806B_M0X0' defined but not used [-Wunused-label]
  825 |   L_806B_M0X0:
      |   ^~~~~~~~~~~
D:/l4t/DKC3Recomp/generated/snesrecomp/bankbb_part06_v2.c: In function 'back_copy_arbitrary_2_entry_M0X0':
D:/l4t/DKC3Recomp/generated/snesrecomp/bankbb_part06_v2.c:1242:3: warning: label 'L_806F_M0X0' defined but not used [-Wunused-label]
 1242 |   L_806F_M0X0:
      |   ^~~~~~~~~~~
D:/l4t/DKC3Recomp/generated/snesrecomp/bankbb_part07_v2.c: In function 'duplicate_byte_2_entry_M0X0':
D:/l4t/DKC3Recomp/generated/snesrecomp/bankbb_part07_v2.c:51:3: warning: label 'L_8073_M0X0' defined but not used [-Wunused-label]
   51 |   L_8073_M0X0:
      |   ^~~~~~~~~~~
D:/l4t/DKC3Recomp/generated/snesrecomp/bankbb_part07_v2.c: In function 'duplicate_word_2_entry_M0X0':
D:/l4t/DKC3Recomp/generated/snesrecomp/bankbb_part07_v2.c:252:3: warning: label 'L_8077_M0X0' defined but not used [-Wunused-label]
  252 |   L_8077_M0X0:
      |   ^~~~~~~~~~~
D:/l4t/DKC3Recomp/generated/snesrecomp/bankbb_part07_v2.c: In function 'copy_future_word_2_entry_M0X0':
D:/l4t/DKC3Recomp/generated/snesrecomp/bankbb_part07_v2.c:503:3: warning: label 'L_807B_M0X0' defined but not used [-Wunused-label]
  503 |   L_807B_M0X0:
      |   ^~~~~~~~~~~
D:/l4t/DKC3Recomp/generated/snesrecomp/bankbb_part104_v2.c: In function 'CODE_BB9041_M0X0':
D:/l4t/DKC3Recomp/generated/snesrecomp/bankbb_part104_v2.c:50:3: warning: label 'L_9041_M0X0' defined but not used [-Wunused-label]
   50 |   L_9041_M0X0:
      |   ^~~~~~~~~~~
D:/l4t/DKC3Recomp/generated/snesrecomp/bankbb_part104_v2.c: In function 'CODE_BB9048_M0X0':
D:/l4t/DKC3Recomp/generated/snesrecomp/bankbb_part104_v2.c:169:3: warning: label 'L_9048_M0X0' defined but not used [-Wunused-label]
  169 |   L_9048_M0X0:
      |   ^~~~~~~~~~~
D:/l4t/DKC3Recomp/generated/snesrecomp/bankbb_part106_v2.c: In function 'CODE_BB9062_M0X0':
D:/l4t/DKC3Recomp/generated/snesrecomp/bankbb_part106_v2.c:62:3: warning: label 'L_9062_M0X0' defined but not used [-Wunused-label]
   62 |   L_9062_M0X0:
      |   ^~~~~~~~~~~
D:/l4t/DKC3Recomp/generated/snesrecomp/bankbb_part107_v2.c: In function 'CODE_BB9071_M0X0':
D:/l4t/DKC3Recomp/generated/snesrecomp/bankbb_part107_v2.c:61:3: warning: label 'L_9071_M0X0' defined but not used [-Wunused-label]
   61 |   L_9071_M0X0:
      |   ^~~~~~~~~~~
D:/l4t/DKC3Recomp/generated/snesrecomp/bankbb_part109_v2.c: In function 'CODE_BB9096_M0X0':
D:/l4t/DKC3Recomp/generated/snesrecomp/bankbb_part109_v2.c:61:3: warning: label 'L_9096_M0X0' defined but not used [-Wunused-label]
   61 |   L_9096_M0X0:
      |   ^~~~~~~~~~~
D:/l4t/DKC3Recomp/generated/snesrecomp/bankbb_part10a_v2.c: In function 'CODE_BB90AB_M0X0':
D:/l4t/DKC3Recomp/generated/snesrecomp/bankbb_part10a_v2.c:62:3: warning: label 'L_90AB_M0X0' defined but not used [-Wunused-label]
   62 |   L_90AB_M0X0:
      |   ^~~~~~~~~~~
D:/l4t/DKC3Recomp/generated/snesrecomp/bankbb_part10b_v2.c: In function 'CODE_BB90BC_M0X0':
D:/l4t/DKC3Recomp/generated/snesrecomp/bankbb_part10b_v2.c:49:3: warning: label 'L_90BC_M0X0' defined but not used [-Wunused-label]
   49 |   L_90BC_M0X0:
      |   ^~~~~~~~~~~
D:/l4t/DKC3Recomp/generated/snesrecomp/bankbb_part111_v2.c: In function 'CODE_BB9119_M0X0':
D:/l4t/DKC3Recomp/generated/snesrecomp/bankbb_part111_v2.c:62:3: warning: label 'L_9119_M0X0' defined but not used [-Wunused-label]
   62 |   L_9119_M0X0:
      |   ^~~~~~~~~~~
D:/l4t/DKC3Recomp/generated/snesrecomp/bankbb_part113_v2.c: In function 'CODE_BB9137_M0X0':
D:/l4t/DKC3Recomp/generated/snesrecomp/bankbb_part113_v2.c:62:3: warning: label 'L_9137_M0X0' defined but not used [-Wunused-label]
   62 |   L_9137_M0X0:
      |   ^~~~~~~~~~~
D:/l4t/DKC3Recomp/generated/snesrecomp/bankbb_part114_v2.c: In function 'CODE_BB9148_M0X0':
D:/l4t/DKC3Recomp/generated/snesrecomp/bankbb_part114_v2.c:50:3: warning: label 'L_9148_M0X0' defined but not used [-Wunused-label]
   50 |   L_9148_M0X0:
      |   ^~~~~~~~~~~
D:/l4t/DKC3Recomp/generated/snesrecomp/bankbb_part119_v2.c: In function 'CODE_BB9190_M0X0':
D:/l4t/DKC3Recomp/generated/snesrecomp/bankbb_part119_v2.c:61:3: warning: label 'L_9190_M0X0' defined but not used [-Wunused-label]
   61 |   L_9190_M0X0:
      |   ^~~~~~~~~~~
D:/l4t/DKC3Recomp/generated/snesrecomp/bankbb_part11f_v2.c: In function 'CODE_BB91F4_M0X0':
D:/l4t/DKC3Recomp/generated/snesrecomp/bankbb_part11f_v2.c:57:3: warning: label 'L_91F4_M0X0' defined but not used [-Wunused-label]
   57 |   L_91F4_M0X0:
      |   ^~~~~~~~~~~
D:/l4t/DKC3Recomp/generated/snesrecomp/bankbb_part12c_v2.c: In function 'spawn_command_spawn_relative_M0X0':
D:/l4t/DKC3Recomp/generated/snesrecomp/bankbb_part12c_v2.c:62:3: warning: label 'L_92C2_M0X0' defined but not used [-Wunused-label]
   62 |   L_92C2_M0X0:
      |   ^~~~~~~~~~~
D:/l4t/DKC3Recomp/generated/snesrecomp/bankbb_part135_v2.c: In function 'CODE_BB9350_M0X0':
D:/l4t/DKC3Recomp/generated/snesrecomp/bankbb_part135_v2.c:50:3: warning: label 'L_9350_M0X0' defined but not used [-Wunused-label]
   50 |   L_9350_M0X0:
      |   ^~~~~~~~~~~
D:/l4t/DKC3Recomp/generated/snesrecomp/bankbb_part144_v2.c: In function 'CODE_BB9441_M0X0':
D:/l4t/DKC3Recomp/generated/snesrecomp/bankbb_part144_v2.c:49:3: warning: label 'L_9441_M0X0' defined but not used [-Wunused-label]
   49 |   L_9441_M0X0:
      |   ^~~~~~~~~~~
D:/l4t/DKC3Recomp/generated/snesrecomp/bankbb_part145_v2.c: In function 'CODE_BB9452_M0X0':
D:/l4t/DKC3Recomp/generated/snesrecomp/bankbb_part145_v2.c:61:3: warning: label 'L_9452_M0X0' defined but not used [-Wunused-label]
   61 |   L_9452_M0X0:
      |   ^~~~~~~~~~~
D:/l4t/DKC3Recomp/generated/snesrecomp/bankbb_part148_v2.c: In function 'delete_sprite_handle_dealloc_direct_M0X0':
D:/l4t/DKC3Recomp/generated/snesrecomp/bankbb_part148_v2.c:53:3: warning: label 'L_9482_M0X0' defined but not used [-Wunused-label]
   53 |   L_9482_M0X0:
      |   ^~~~~~~~~~~
D:/l4t/DKC3Recomp/generated/snesrecomp/bankbb_part149_v2.c: In function 'delete_sprite_no_dealloc_direct_M0X0':
D:/l4t/DKC3Recomp/generated/snesrecomp/bankbb_part149_v2.c:49:3: warning: label 'L_9497_M0X0' defined but not used [-Wunused-label]
   49 |   L_9497_M0X0:
      |   ^~~~~~~~~~~
D:/l4t/DKC3Recomp/generated/snesrecomp/bankbb_part150_v2.c: In function 'CODE_BB9503_M0X0':
D:/l4t/DKC3Recomp/generated/snesrecomp/bankbb_part150_v2.c:50:3: warning: label 'L_9503_M0X0' defined but not used [-Wunused-label]
   50 |   L_9503_M0X0:
      |   ^~~~~~~~~~~
D:/l4t/DKC3Recomp/generated/snesrecomp/bankbb_part150_v2.c: In function 'CODE_BB9507_M0X0':
D:/l4t/DKC3Recomp/generated/snesrecomp/bankbb_part150_v2.c:181:3: warning: label 'L_9507_M0X0' defined but not used [-Wunused-label]
  181 |   L_9507_M0X0:
      |   ^~~~~~~~~~~
D:/l4t/DKC3Recomp/generated/snesrecomp/bankbb_part152_v2.c: In function 'CODE_BB9529_M0X0':
D:/l4t/DKC3Recomp/generated/snesrecomp/bankbb_part152_v2.c:49:3: warning: label 'L_9529_M0X0' defined but not used [-Wunused-label]
   49 |   L_9529_M0X0:
      |   ^~~~~~~~~~~
D:/l4t/DKC3Recomp/generated/snesrecomp/bankbb_part157_v2.c: In function 'deallocate_sprite_vram_slot_M0X0':
D:/l4t/DKC3Recomp/generated/snesrecomp/bankbb_part157_v2.c:49:3: warning: label 'L_9577_M0X0' defined but not used [-Wunused-label]
   49 |   L_9577_M0X0:
      |   ^~~~~~~~~~~
D:/l4t/DKC3Recomp/generated/snesrecomp/bankbb_part159_v2.c: In function 'CODE_BB9596_M0X0':
D:/l4t/DKC3Recomp/generated/snesrecomp/bankbb_part159_v2.c:49:3: warning: label 'L_9596_M0X0' defined but not used [-Wunused-label]
   49 |   L_9596_M0X0:
      |   ^~~~~~~~~~~
D:/l4t/DKC3Recomp/generated/snesrecomp/bankbb_part15c_v2.c: In function 'request_palette_direct_global_M0X0':
D:/l4t/DKC3Recomp/generated/snesrecomp/bankbb_part15c_v2.c:52:3: warning: label 'L_95C4_M0X0' defined but not used [-Wunused-label]
   52 |   L_95C4_M0X0:
      |   ^~~~~~~~~~~
D:/l4t/DKC3Recomp/generated/snesrecomp/bankbb_part15c_v2.c: In function 'request_palette_direct_M0X0':
D:/l4t/DKC3Recomp/generated/snesrecomp/bankbb_part15c_v2.c:183:3: warning: label 'L_95C8_M0X0' defined but not used [-Wunused-label]
  183 |   L_95C8_M0X0:
      |   ^~~~~~~~~~~
D:/l4t/DKC3Recomp/generated/snesrecomp/bankbb_part164_v2.c: In function 'CODE_BB9644_M0X0':
D:/l4t/DKC3Recomp/generated/snesrecomp/bankbb_part164_v2.c:49:3: warning: label 'L_9644_M0X0' defined but not used [-Wunused-label]
   49 |   L_9644_M0X0:
      |   ^~~~~~~~~~~
D:/l4t/DKC3Recomp/generated/snesrecomp/bankbb_part172_v2.c: In function 'dereference_sprite_palette_M0X0':
D:/l4t/DKC3Recomp/generated/snesrecomp/bankbb_part172_v2.c:50:3: warning: label 'L_9726_M0X0' defined but not used [-Wunused-label]
   50 |   L_9726_M0X0:
      |   ^~~~~~~~~~~
D:/l4t/DKC3Recomp/generated/snesrecomp/bankbb_part174_v2.c: In function 'CODE_BB9747_M0X0':
D:/l4t/DKC3Recomp/generated/snesrecomp/bankbb_part174_v2.c:49:3: warning: label 'L_9747_M0X0' defined but not used [-Wunused-label]
   49 |   L_9747_M0X0:
      |   ^~~~~~~~~~~
D:/l4t/DKC3Recomp/generated/snesrecomp/bankbb_part175_v2.c: In function 'CODE_BB975F_M0X0':
D:/l4t/DKC3Recomp/generated/snesrecomp/bankbb_part175_v2.c:50:3: warning: label 'L_975F_M0X0' defined but not used [-Wunused-label]
   50 |   L_975F_M0X0:
      |   ^~~~~~~~~~~
D:/l4t/DKC3Recomp/generated/snesrecomp/bankbb_part178_v2.c: In function 'bank_BB_9785_M0X0':
D:/l4t/DKC3Recomp/generated/snesrecomp/bankbb_part178_v2.c:51:3: warning: label 'L_9785_M0X0' defined but not used [-Wunused-label]
   51 |   L_9785_M0X0:
      |   ^~~~~~~~~~~
D:/l4t/DKC3Recomp/generated/snesrecomp/bankbb_part17a_v2.c: In function 'CODE_BB97AE_M0X0':
D:/l4t/DKC3Recomp/generated/snesrecomp/bankbb_part17a_v2.c:50:3: warning: label 'L_97AE_M0X0' defined but not used [-Wunused-label]
   50 |   L_97AE_M0X0:
      |   ^~~~~~~~~~~
D:/l4t/DKC3Recomp/generated/snesrecomp/bankbb_part193_v2.c: In function 'CODE_BB9934_M0X0':
D:/l4t/DKC3Recomp/generated/snesrecomp/bankbb_part193_v2.c:49:3: warning: label 'L_9934_M0X0' defined but not used [-Wunused-label]
   49 |   L_9934_M0X0:
      |   ^~~~~~~~~~~
D:/l4t/DKC3Recomp/generated/snesrecomp/bankbb_part1a8_v2.c: In function 'CODE_BB9A87_M0X0':
D:/l4t/DKC3Recomp/generated/snesrecomp/bankbb_part1a8_v2.c:50:3: warning: label 'L_9A87_M0X0' defined but not used [-Wunused-label]
   50 |   L_9A87_M0X0:
      |   ^~~~~~~~~~~
D:/l4t/DKC3Recomp/generated/snesrecomp/bankbb_part1ad_v2.c: In function 'CODE_BB9AD3_M0X0':
D:/l4t/DKC3Recomp/generated/snesrecomp/bankbb_part1ad_v2.c:49:3: warning: label 'L_9AD3_M0X0' defined but not used [-Wunused-label]
   49 |   L_9AD3_M0X0:
      |   ^~~~~~~~~~~
D:/l4t/DKC3Recomp/generated/snesrecomp/bankbb_part1b4_v2.c: In function 'disable_screen_M0X0':
D:/l4t/DKC3Recomp/generated/snesrecomp/bankbb_part1b4_v2.c:49:3: warning: label 'L_9B42_M0X0' defined but not used [-Wunused-label]
   49 |   L_9B42_M0X0:
      |   ^~~~~~~~~~~
D:/l4t/DKC3Recomp/generated/snesrecomp/bankbb_part1b7_v2.c: In function 'CODE_BB9B72_M0X0':
D:/l4t/DKC3Recomp/generated/snesrecomp/bankbb_part1b7_v2.c:49:3: warning: label 'L_9B72_M0X0' defined but not used [-Wunused-label]
   49 |   L_9B72_M0X0:
      |   ^~~~~~~~~~~
D:/l4t/DKC3Recomp/generated/snesrecomp/bankbb_part1be_v2.c: In function 'CODE_BB9BE6_M0X0':
D:/l4t/DKC3Recomp/generated/snesrecomp/bankbb_part1be_v2.c:49:3: warning: label 'L_9BE6_M0X0' defined but not used [-Wunused-label]
   49 |   L_9BE6_M0X0:
      |   ^~~~~~~~~~~
D:/l4t/DKC3Recomp/generated/snesrecomp/bankbb_part1c3_v2.c: In function 'CODE_BB9C32_M0X0':
D:/l4t/DKC3Recomp/generated/snesrecomp/bankbb_part1c3_v2.c:51:3: warning: label 'L_9C32_M0X0' defined but not used [-Wunused-label]
   51 |   L_9C32_M0X0:
      |   ^~~~~~~~~~~
D:/l4t/DKC3Recomp/generated/snesrecomp/bankbb_part1c6_v2.c: In function 'CODE_BB9C61_M0X0':
D:/l4t/DKC3Recomp/generated/snesrecomp/bankbb_part1c6_v2.c:50:3: warning: label 'L_9C61_M0X0' defined but not used [-Wunused-label]
   50 |   L_9C61_M0X0:
      |   ^~~~~~~~~~~
D:/l4t/DKC3Recomp/generated/snesrecomp/bankbb_part1c7_v2.c: In function 'CODE_BB9C75_M0X0':
D:/l4t/DKC3Recomp/generated/snesrecomp/bankbb_part1c7_v2.c:49:3: warning: label 'L_9C75_M0X0' defined but not used [-Wunused-label]
   49 |   L_9C75_M0X0:
      |   ^~~~~~~~~~~
D:/l4t/DKC3Recomp/generated/snesrecomp/bankbb_part1d6_v2.c: In function 'CODE_BB9D6A_M0X0':
D:/l4t/DKC3Recomp/generated/snesrecomp/bankbb_part1d6_v2.c:50:3: warning: label 'L_9D6A_M0X0' defined but not used [-Wunused-label]
   50 |   L_9D6A_M0X0:
      |   ^~~~~~~~~~~
D:/l4t/DKC3Recomp/generated/snesrecomp/bankbb_part1d7_v2.c: In function 'CODE_BB9D78_M0X0':
D:/l4t/DKC3Recomp/generated/snesrecomp/bankbb_part1d7_v2.c:50:3: warning: label 'L_9D78_M0X0' defined but not used [-Wunused-label]
   50 |   L_9D78_M0X0:
      |   ^~~~~~~~~~~
D:/l4t/DKC3Recomp/generated/snesrecomp/bankbb_part1e2_v2.c: In function 'CODE_BB9E2C_M0X0':
D:/l4t/DKC3Recomp/generated/snesrecomp/bankbb_part1e2_v2.c:51:3: warning: label 'L_9E2C_M0X0' defined but not used [-Wunused-label]
   51 |   L_9E2C_M0X0:
      |   ^~~~~~~~~~~
D:/l4t/DKC3Recomp/generated/snesrecomp/bankbb_part1e7_v2.c: In function 'CODE_BB9E7C_M0X0':
D:/l4t/DKC3Recomp/generated/snesrecomp/bankbb_part1e7_v2.c:50:3: warning: label 'L_9E7C_M0X0' defined but not used [-Wunused-label]
   50 |   L_9E7C_M0X0:
      |   ^~~~~~~~~~~
D:/l4t/DKC3Recomp/generated/snesrecomp/bankbb_part1e8_v2.c: In function 'CODE_BB9E84_M0X0':
D:/l4t/DKC3Recomp/generated/snesrecomp/bankbb_part1e8_v2.c:50:3: warning: label 'L_9E84_M0X0' defined but not used [-Wunused-label]
   50 |   L_9E84_M0X0:
      |   ^~~~~~~~~~~
D:/l4t/DKC3Recomp/generated/snesrecomp/bankbb_part1eb_v2.c: In function 'CODE_BB9EBD_M0X0':
D:/l4t/DKC3Recomp/generated/snesrecomp/bankbb_part1eb_v2.c:50:3: warning: label 'L_9EBD_M0X0' defined but not used [-Wunused-label]
   50 |   L_9EBD_M0X0:
      |   ^~~~~~~~~~~
D:/l4t/DKC3Recomp/generated/snesrecomp/bankbb_part1ec_v2.c: In function 'CODE_BB9ECE_M0X0':
D:/l4t/DKC3Recomp/generated/snesrecomp/bankbb_part1ec_v2.c:50:3: warning: label 'L_9ECE_M0X0' defined but not used [-Wunused-label]
   50 |   L_9ECE_M0X0:
      |   ^~~~~~~~~~~
D:/l4t/DKC3Recomp/generated/snesrecomp/bankbb_part1ed_v2.c: In function 'CODE_BB9EDC_M0X0':
D:/l4t/DKC3Recomp/generated/snesrecomp/bankbb_part1ed_v2.c:50:3: warning: label 'L_9EDC_M0X0' defined but not used [-Wunused-label]
   50 |   L_9EDC_M0X0:
      |   ^~~~~~~~~~~
D:/l4t/DKC3Recomp/generated/snesrecomp/bankbb_part1f9_v2.c: In function 'CODE_BB9F95_M0X0':
D:/l4t/DKC3Recomp/generated/snesrecomp/bankbb_part1f9_v2.c:49:3: warning: label 'L_9F95_M0X0' defined but not used [-Wunused-label]
   49 |   L_9F95_M0X0:
      |   ^~~~~~~~~~~
D:/l4t/DKC3Recomp/generated/snesrecomp/bankbb_part20d_v2.c: In function 'CODE_BBA0D1_M0X0':
D:/l4t/DKC3Recomp/generated/snesrecomp/bankbb_part20d_v2.c:51:3: warning: label 'L_A0D1_M0X0' defined but not used [-Wunused-label]
   51 |   L_A0D1_M0X0:
      |   ^~~~~~~~~~~
D:/l4t/DKC3Recomp/generated/snesrecomp/bankbb_part212_v2.c: In function 'CODE_BBA12E_M0X0':
D:/l4t/DKC3Recomp/generated/snesrecomp/bankbb_part212_v2.c:50:3: warning: label 'L_A12E_M0X0' defined but not used [-Wunused-label]
   50 |   L_A12E_M0X0:
      |   ^~~~~~~~~~~
D:/l4t/DKC3Recomp/generated/snesrecomp/bankbb_part213_v2.c: In function 'CODE_BBA13E_M0X0':
D:/l4t/DKC3Recomp/generated/snesrecomp/bankbb_part213_v2.c:50:3: warning: label 'L_A13E_M0X0' defined but not used [-Wunused-label]
   50 |   L_A13E_M0X0:
      |   ^~~~~~~~~~~
D:/l4t/DKC3Recomp/generated/snesrecomp/bankbb_part215_v2.c: In function 'CODE_BBA154_M0X0':
D:/l4t/DKC3Recomp/generated/snesrecomp/bankbb_part215_v2.c:51:3: warning: label 'L_A154_M0X0' defined but not used [-Wunused-label]
   51 |   L_A154_M0X0:
      |   ^~~~~~~~~~~
D:/l4t/DKC3Recomp/generated/snesrecomp/bankbb_part219_v2.c: In function 'CODE_BBA19F_M0X0':
D:/l4t/DKC3Recomp/generated/snesrecomp/bankbb_part219_v2.c:51:3: warning: label 'L_A19F_M0X0' defined but not used [-Wunused-label]
   51 |   L_A19F_M0X0:
      |   ^~~~~~~~~~~
D:/l4t/DKC3Recomp/generated/snesrecomp/bankbb_part22c_v2.c: In function 'CODE_BBA2C8_M0X0':
D:/l4t/DKC3Recomp/generated/snesrecomp/bankbb_part22c_v2.c:53:3: warning: label 'L_A2C8_M0X0' defined but not used [-Wunused-label]
   53 |   L_A2C8_M0X0:
      |   ^~~~~~~~~~~
D:/l4t/DKC3Recomp/generated/snesrecomp/bankbb_part236_v2.c: In function 'CODE_BBA36C_M0X0':
D:/l4t/DKC3Recomp/generated/snesrecomp/bankbb_part236_v2.c:52:3: warning: label 'L_A36C_M0X0' defined but not used [-Wunused-label]
   52 |   L_A36C_M0X0:
      |   ^~~~~~~~~~~
D:/l4t/DKC3Recomp/generated/snesrecomp/bankbb_part23d_v2.c: In function 'CODE_BBA3D6_M0X0':
D:/l4t/DKC3Recomp/generated/snesrecomp/bankbb_part23d_v2.c:54:3: warning: label 'L_A3D6_M0X0' defined but not used [-Wunused-label]
   54 |   L_A3D6_M0X0:
      |   ^~~~~~~~~~~
D:/l4t/DKC3Recomp/generated/snesrecomp/bankbb_part247_v2.c: In function 'CODE_BBA47A_M0X0':
D:/l4t/DKC3Recomp/generated/snesrecomp/bankbb_part247_v2.c:50:3: warning: label 'L_A47A_M0X0' defined but not used [-Wunused-label]
   50 |   L_A47A_M0X0:
      |   ^~~~~~~~~~~
D:/l4t/DKC3Recomp/generated/snesrecomp/bankbb_part252_v2.c: In function 'CODE_BBA523_M0X0':
D:/l4t/DKC3Recomp/generated/snesrecomp/bankbb_part252_v2.c:49:3: warning: label 'L_A523_M0X0' defined but not used [-Wunused-label]
   49 |   L_A523_M0X0:
      |   ^~~~~~~~~~~
D:/l4t/DKC3Recomp/generated/snesrecomp/bankbb_part258_v2.c: In function 'CODE_BBA581_M0X0':
D:/l4t/DKC3Recomp/generated/snesrecomp/bankbb_part258_v2.c:49:3: warning: label 'L_A581_M0X0' defined but not used [-Wunused-label]
   49 |   L_A581_M0X0:
      |   ^~~~~~~~~~~
D:/l4t/DKC3Recomp/generated/snesrecomp/bankbb_part259_v2.c: In function 'CODE_BBA59B_M0X0':
D:/l4t/DKC3Recomp/generated/snesrecomp/bankbb_part259_v2.c:49:3: warning: label 'L_A59B_M0X0' defined but not used [-Wunused-label]
   49 |   L_A59B_M0X0:
      |   ^~~~~~~~~~~
D:/l4t/DKC3Recomp/generated/snesrecomp/bankbb_part260_v2.c: In function 'CODE_BBA604_M0X0':
D:/l4t/DKC3Recomp/generated/snesrecomp/bankbb_part260_v2.c:49:3: warning: label 'L_A604_M0X0' defined but not used [-Wunused-label]
   49 |   L_A604_M0X0:
      |   ^~~~~~~~~~~
D:/l4t/DKC3Recomp/generated/snesrecomp/bankbb_part264_v2.c: In function 'CODE_BBA647_M0X0':
D:/l4t/DKC3Recomp/generated/snesrecomp/bankbb_part264_v2.c:52:3: warning: label 'L_A647_M0X0' defined but not used [-Wunused-label]
   52 |   L_A647_M0X0:
      |   ^~~~~~~~~~~
D:/l4t/DKC3Recomp/generated/snesrecomp/bankbb_part26b_v2.c: In function 'CODE_BBA6B2_M0X0':
D:/l4t/DKC3Recomp/generated/snesrecomp/bankbb_part26b_v2.c:60:3: warning: label 'L_A6B2_M0X0' defined but not used [-Wunused-label]
   60 |   L_A6B2_M0X0:
      |   ^~~~~~~~~~~
D:/l4t/DKC3Recomp/generated/snesrecomp/bankbb_part29a_v2.c: In function 'CODE_BBA9AC_M0X0':
D:/l4t/DKC3Recomp/generated/snesrecomp/bankbb_part29a_v2.c:51:3: warning: label 'L_A9AC_M0X0' defined but not used [-Wunused-label]
   51 |   L_A9AC_M0X0:
      |   ^~~~~~~~~~~
D:/l4t/DKC3Recomp/generated/snesrecomp/bankbb_part29a_v2.c: In function 'CODE_BBA9AE_M0X0':
D:/l4t/DKC3Recomp/generated/snesrecomp/bankbb_part29a_v2.c:152:3: warning: label 'L_A9AE_M0X0' defined but not used [-Wunused-label]
  152 |   L_A9AE_M0X0:
      |   ^~~~~~~~~~~
D:/l4t/DKC3Recomp/generated/snesrecomp/bankbb_part29b_v2.c: In function 'CODE_BBA9BF_M0X0':
D:/l4t/DKC3Recomp/generated/snesrecomp/bankbb_part29b_v2.c:50:3: warning: label 'L_A9BF_M0X0' defined but not used [-Wunused-label]
   50 |   L_A9BF_M0X0:
      |   ^~~~~~~~~~~
D:/l4t/DKC3Recomp/generated/snesrecomp/bankbb_part29c_v2.c: In function 'CODE_BBA9CA_M0X0':
D:/l4t/DKC3Recomp/generated/snesrecomp/bankbb_part29c_v2.c:50:3: warning: label 'L_A9CA_M0X0' defined but not used [-Wunused-label]
   50 |   L_A9CA_M0X0:
      |   ^~~~~~~~~~~
D:/l4t/DKC3Recomp/generated/snesrecomp/bankbb_part29d_v2.c: In function 'CODE_BBA9DA_M0X0':
D:/l4t/DKC3Recomp/generated/snesrecomp/bankbb_part29d_v2.c:50:3: warning: label 'L_A9DA_M0X0' defined but not used [-Wunused-label]
   50 |   L_A9DA_M0X0:
      |   ^~~~~~~~~~~
D:/l4t/DKC3Recomp/generated/snesrecomp/bankbb_part29e_v2.c: In function 'CODE_BBA9E5_M0X0':
D:/l4t/DKC3Recomp/generated/snesrecomp/bankbb_part29e_v2.c:50:3: warning: label 'L_A9E5_M0X0' defined but not used [-Wunused-label]
   50 |   L_A9E5_M0X0:
      |   ^~~~~~~~~~~
D:/l4t/DKC3Recomp/generated/snesrecomp/bankbb_part29f_v2.c: In function 'CODE_BBA9F0_M0X0':
D:/l4t/DKC3Recomp/generated/snesrecomp/bankbb_part29f_v2.c:51:3: warning: label 'L_A9F0_M0X0' defined but not used [-Wunused-label]
   51 |   L_A9F0_M0X0:
      |   ^~~~~~~~~~~
D:/l4t/DKC3Recomp/generated/snesrecomp/bankbb_part29f_v2.c: In function 'CODE_BBA9FB_M0X0':
D:/l4t/DKC3Recomp/generated/snesrecomp/bankbb_part29f_v2.c:186:3: warning: label 'L_A9FB_M0X0' defined but not used [-Wunused-label]
  186 |   L_A9FB_M0X0:
      |   ^~~~~~~~~~~
D:/l4t/DKC3Recomp/generated/snesrecomp/bankbb_part2a0_v2.c: In function 'CODE_BBAA06_M0X0':
D:/l4t/DKC3Recomp/generated/snesrecomp/bankbb_part2a0_v2.c:50:3: warning: label 'L_AA06_M0X0' defined but not used [-Wunused-label]
   50 |   L_AA06_M0X0:
      |   ^~~~~~~~~~~
D:/l4t/DKC3Recomp/generated/snesrecomp/bankbb_part2a1_v2.c: In function 'CODE_BBAA1C_M0X0':
D:/l4t/DKC3Recomp/generated/snesrecomp/bankbb_part2a1_v2.c:50:3: warning: label 'L_AA1C_M0X0' defined but not used [-Wunused-label]
   50 |   L_AA1C_M0X0:
      |   ^~~~~~~~~~~
D:/l4t/DKC3Recomp/generated/snesrecomp/bankbb_part2a2_v2.c: In function 'CODE_BBAA2C_M0X0':
D:/l4t/DKC3Recomp/generated/snesrecomp/bankbb_part2a2_v2.c:51:3: warning: label 'L_AA2C_M0X0' defined but not used [-Wunused-label]
   51 |   L_AA2C_M0X0:
      |   ^~~~~~~~~~~
D:/l4t/DKC3Recomp/generated/snesrecomp/bankbb_part2a3_v2.c: In function 'CODE_BBAA32_M0X0':
D:/l4t/DKC3Recomp/generated/snesrecomp/bankbb_part2a3_v2.c:50:3: warning: label 'L_AA32_M0X0' defined but not used [-Wunused-label]
   50 |   L_AA32_M0X0:
      |   ^~~~~~~~~~~
D:/l4t/DKC3Recomp/generated/snesrecomp/bankbb_part2a5_v2.c: In function 'CODE_BBAA53_M0X0':
D:/l4t/DKC3Recomp/generated/snesrecomp/bankbb_part2a5_v2.c:50:3: warning: label 'L_AA53_M0X0' defined but not used [-Wunused-label]
   50 |   L_AA53_M0X0:
      |   ^~~~~~~~~~~
D:/l4t/DKC3Recomp/generated/snesrecomp/bankbb_part2ad_v2.c: In function 'CODE_BBAAD4_M0X0':
D:/l4t/DKC3Recomp/generated/snesrecomp/bankbb_part2ad_v2.c:50:3: warning: label 'L_AAD4_M0X0' defined but not used [-Wunused-label]
   50 |   L_AAD4_M0X0:
      |   ^~~~~~~~~~~
D:/l4t/DKC3Recomp/generated/snesrecomp/bankbb_part2b2_v2.c: In function 'CODE_BBAB29_M0X0':
D:/l4t/DKC3Recomp/generated/snesrecomp/bankbb_part2b2_v2.c:55:3: warning: label 'L_AB29_M0X0' defined but not used [-Wunused-label]
   55 |   L_AB29_M0X0:
      |   ^~~~~~~~~~~
D:/l4t/DKC3Recomp/generated/snesrecomp/bankbb_part2b2_v2.c: In function 'CODE_BBAB2D_M0X0':
D:/l4t/DKC3Recomp/generated/snesrecomp/bankbb_part2b2_v2.c:186:3: warning: label 'L_AB2D_M0X0' defined but not used [-Wunused-label]
  186 |   L_AB2D_M0X0:
      |   ^~~~~~~~~~~
D:/l4t/DKC3Recomp/generated/snesrecomp/bankbb_part2b4_v2.c: In function 'CODE_BBAB46_M0X0':
D:/l4t/DKC3Recomp/generated/snesrecomp/bankbb_part2b4_v2.c:51:3: warning: label 'L_AB46_M0X0' defined but not used [-Wunused-label]
   51 |   L_AB46_M0X0:
      |   ^~~~~~~~~~~
D:/l4t/DKC3Recomp/generated/snesrecomp/bankbb_part2b5_v2.c: In function 'CODE_BBAB52_M0X0':
D:/l4t/DKC3Recomp/generated/snesrecomp/bankbb_part2b5_v2.c:57:3: warning: label 'L_AB52_M0X0' defined but not used [-Wunused-label]
   57 |   L_AB52_M0X0:
      |   ^~~~~~~~~~~
D:/l4t/DKC3Recomp/generated/snesrecomp/bankbb_part2bf_v2.c: In function 'respawn_suppressor_main_M0X0':
D:/l4t/DKC3Recomp/generated/snesrecomp/bankbb_part2bf_v2.c:52:3: warning: label 'L_ABFC_M0X0' defined but not used [-Wunused-label]
   52 |   L_ABFC_M0X0:
      |   ^~~~~~~~~~~
D:/l4t/DKC3Recomp/generated/snesrecomp/bankbb_part2d9_v2.c: In function 'CODE_BBAD9E_M0X0':
D:/l4t/DKC3Recomp/generated/snesrecomp/bankbb_part2d9_v2.c:49:3: warning: label 'L_AD9E_M0X0' defined but not used [-Wunused-label]
   49 |   L_AD9E_M0X0:
      |   ^~~~~~~~~~~
D:/l4t/DKC3Recomp/generated/snesrecomp/bankbb_part2e1_v2.c: In function 'CODE_BBAE1F_M0X0':
D:/l4t/DKC3Recomp/generated/snesrecomp/bankbb_part2e1_v2.c:50:3: warning: label 'L_AE1F_M0X0' defined but not used [-Wunused-label]
   50 |   L_AE1F_M0X0:
      |   ^~~~~~~~~~~
D:/l4t/DKC3Recomp/generated/snesrecomp/bankbb_part2f0_v2.c: In function 'CODE_BBAF06_M0X0':
D:/l4t/DKC3Recomp/generated/snesrecomp/bankbb_part2f0_v2.c:49:3: warning: label 'L_AF06_M0X0' defined but not used [-Wunused-label]
   49 |   L_AF06_M0X0:
      |   ^~~~~~~~~~~
D:/l4t/DKC3Recomp/generated/snesrecomp/bankbb_part2f2_v2.c: In function 'CODE_BBAF26_M0X0':
D:/l4t/DKC3Recomp/generated/snesrecomp/bankbb_part2f2_v2.c:56:3: warning: label 'L_AF26_M0X0' defined but not used [-Wunused-label]
   56 |   L_AF26_M0X0:
      |   ^~~~~~~~~~~
D:/l4t/DKC3Recomp/generated/snesrecomp/bankbb_part2f9_v2.c: In function 'CODE_BBAF98_M0X0':
D:/l4t/DKC3Recomp/generated/snesrecomp/bankbb_part2f9_v2.c:49:3: warning: label 'L_AF98_M0X0' defined but not used [-Wunused-label]
   49 |   L_AF98_M0X0:
      |   ^~~~~~~~~~~
D:/l4t/DKC3Recomp/generated/snesrecomp/bankbb_part2fa_v2.c: In function 'CODE_BBAFA8_M0X0':
D:/l4t/DKC3Recomp/generated/snesrecomp/bankbb_part2fa_v2.c:49:3: warning: label 'L_AFA8_M0X0' defined but not used [-Wunused-label]
   49 |   L_AFA8_M0X0:
      |   ^~~~~~~~~~~
D:/l4t/DKC3Recomp/generated/snesrecomp/bankbb_part2fb_v2.c: In function 'CODE_BBAFB8_M0X0':
D:/l4t/DKC3Recomp/generated/snesrecomp/bankbb_part2fb_v2.c:50:3: warning: label 'L_AFB8_M0X0' defined but not used [-Wunused-label]
   50 |   L_AFB8_M0X0:
      |   ^~~~~~~~~~~
D:/l4t/DKC3Recomp/generated/snesrecomp/bankbb_part2fc_v2.c: In function 'CODE_BBAFC0_M0X0':
D:/l4t/DKC3Recomp/generated/snesrecomp/bankbb_part2fc_v2.c:51:3: warning: label 'L_AFC0_M0X0' defined but not used [-Wunused-label]
   51 |   L_AFC0_M0X0:
      |   ^~~~~~~~~~~
D:/l4t/DKC3Recomp/generated/snesrecomp/bankbb_part2ff_v2.c: In function 'CODE_BBAFFF_M0X0':
D:/l4t/DKC3Recomp/generated/snesrecomp/bankbb_part2ff_v2.c:51:3: warning: label 'L_AFFF_M0X0' defined but not used [-Wunused-label]
   51 |   L_AFFF_M0X0:
      |   ^~~~~~~~~~~
D:/l4t/DKC3Recomp/generated/snesrecomp/bankbb_part304_v2.c: In function 'CODE_BBB042_M0X0':
D:/l4t/DKC3Recomp/generated/snesrecomp/bankbb_part304_v2.c:50:3: warning: label 'L_B042_M0X0' defined but not used [-Wunused-label]
   50 |   L_B042_M0X0:
      |   ^~~~~~~~~~~
D:/l4t/DKC3Recomp/generated/snesrecomp/bankbb_part304_v2.c: In function 'CODE_BBB045_M0X0':
D:/l4t/DKC3Recomp/generated/snesrecomp/bankbb_part304_v2.c:100:3: warning: label 'L_B045_M0X0' defined but not used [-Wunused-label]
  100 |   L_B045_M0X0:
      |   ^~~~~~~~~~~
D:/l4t/DKC3Recomp/generated/snesrecomp/bankbb_part306_v2.c: In function 'CODE_BBB069_M0X0':
D:/l4t/DKC3Recomp/generated/snesrecomp/bankbb_part306_v2.c:49:3: warning: label 'L_B069_M0X0' defined but not used [-Wunused-label]
   49 |   L_B069_M0X0:
      |   ^~~~~~~~~~~
D:/l4t/DKC3Recomp/generated/snesrecomp/bankbb_part315_v2.c: In function 'CODE_BBB155_M0X0':
D:/l4t/DKC3Recomp/generated/snesrecomp/bankbb_part315_v2.c:50:3: warning: label 'L_B155_M0X0' defined but not used [-Wunused-label]
   50 |   L_B155_M0X0:
      |   ^~~~~~~~~~~
D:/l4t/DKC3Recomp/generated/snesrecomp/bankbb_part316_v2.c: In function 'CODE_BBB162_M0X0':
D:/l4t/DKC3Recomp/generated/snesrecomp/bankbb_part316_v2.c:56:3: warning: label 'L_B162_M0X0' defined but not used [-Wunused-label]
   56 |   L_B162_M0X0:
      |   ^~~~~~~~~~~
D:/l4t/DKC3Recomp/generated/snesrecomp/bankbb_part316_v2.c: In function 'CODE_BBB16C_M0X0':
D:/l4t/DKC3Recomp/generated/snesrecomp/bankbb_part316_v2.c:204:3: warning: label 'L_B16C_M0X0' defined but not used [-Wunused-label]
  204 |   L_B16C_M0X0:
      |   ^~~~~~~~~~~
D:/l4t/DKC3Recomp/generated/snesrecomp/bankbb_part321_v2.c: In function 'CODE_BBB21F_M0X0':
D:/l4t/DKC3Recomp/generated/snesrecomp/bankbb_part321_v2.c:50:3: warning: label 'L_B21F_M0X0' defined but not used [-Wunused-label]
   50 |   L_B21F_M0X0:
      |   ^~~~~~~~~~~
D:/l4t/DKC3Recomp/generated/snesrecomp/bankbb_part326_v2.c: In function 'CODE_BBB261_M0X0':
D:/l4t/DKC3Recomp/generated/snesrecomp/bankbb_part326_v2.c:50:3: warning: label 'L_B261_M0X0' defined but not used [-Wunused-label]
   50 |   L_B261_M0X0:
      |   ^~~~~~~~~~~
D:/l4t/DKC3Recomp/generated/snesrecomp/bankbb_part328_v2.c: In function 'CODE_BBB285_M0X0':
D:/l4t/DKC3Recomp/generated/snesrecomp/bankbb_part328_v2.c:49:3: warning: label 'L_B285_M0X0' defined but not used [-Wunused-label]
   49 |   L_B285_M0X0:
      |   ^~~~~~~~~~~
D:/l4t/DKC3Recomp/generated/snesrecomp/bankbb_part32b_v2.c: In function 'CODE_BBB2B1_M0X0':
D:/l4t/DKC3Recomp/generated/snesrecomp/bankbb_part32b_v2.c:52:3: warning: label 'L_B2B1_M0X0' defined but not used [-Wunused-label]
   52 |   L_B2B1_M0X0:
      |   ^~~~~~~~~~~
D:/l4t/DKC3Recomp/generated/snesrecomp/bankbb_part335_v2.c: In function 'CODE_BBB35E_M0X0':
D:/l4t/DKC3Recomp/generated/snesrecomp/bankbb_part335_v2.c:50:3: warning: label 'L_B35E_M0X0' defined but not used [-Wunused-label]
   50 |   L_B35E_M0X0:
      |   ^~~~~~~~~~~
D:/l4t/DKC3Recomp/generated/snesrecomp/bankbb_part337_v2.c: In function 'CODE_BBB372_M0X0':
D:/l4t/DKC3Recomp/generated/snesrecomp/bankbb_part337_v2.c:50:3: warning: label 'L_B372_M0X0' defined but not used [-Wunused-label]
   50 |   L_B372_M0X0:
      |   ^~~~~~~~~~~
D:/l4t/DKC3Recomp/generated/snesrecomp/bankbb_part33a_v2.c: In function 'CODE_BBB3A0_M0X0':
D:/l4t/DKC3Recomp/generated/snesrecomp/bankbb_part33a_v2.c:50:3: warning: label 'L_B3A0_M0X0' defined but not used [-Wunused-label]
   50 |   L_B3A0_M0X0:
      |   ^~~~~~~~~~~
D:/l4t/DKC3Recomp/generated/snesrecomp/bankbb_part33d_v2.c: In function 'CODE_BBB3D0_M0X0':
D:/l4t/DKC3Recomp/generated/snesrecomp/bankbb_part33d_v2.c:49:3: warning: label 'L_B3D0_M0X0' defined but not used [-Wunused-label]
   49 |   L_B3D0_M0X0:
      |   ^~~~~~~~~~~
D:/l4t/DKC3Recomp/generated/snesrecomp/bankbb_part33f_v2.c: In function 'CODE_BBB3FB_M0X0':
D:/l4t/DKC3Recomp/generated/snesrecomp/bankbb_part33f_v2.c:49:3: warning: label 'L_B3FB_M0X0' defined but not used [-Wunused-label]
   49 |   L_B3FB_M0X0:
      |   ^~~~~~~~~~~
D:/l4t/DKC3Recomp/generated/snesrecomp/bankbb_part342_v2.c: In function 'CODE_BBB42D_M0X0':
D:/l4t/DKC3Recomp/generated/snesrecomp/bankbb_part342_v2.c:51:3: warning: label 'L_B42D_M0X0' defined but not used [-Wunused-label]
   51 |   L_B42D_M0X0:
      |   ^~~~~~~~~~~
D:/l4t/DKC3Recomp/generated/snesrecomp/bankbb_part344_v2.c: In function 'CODE_BBB440_M0X0':
D:/l4t/DKC3Recomp/generated/snesrecomp/bankbb_part344_v2.c:50:3: warning: label 'L_B440_M0X0' defined but not used [-Wunused-label]
   50 |   L_B440_M0X0:
      |   ^~~~~~~~~~~
D:/l4t/DKC3Recomp/generated/snesrecomp/bankbb_part351_v2.c: In function 'CODE_BBB511_M0X0':
D:/l4t/DKC3Recomp/generated/snesrecomp/bankbb_part351_v2.c:56:3: warning: label 'L_B511_M0X0' defined but not used [-Wunused-label]
   56 |   L_B511_M0X0:
      |   ^~~~~~~~~~~
D:/l4t/DKC3Recomp/generated/snesrecomp/bankbb_part351_v2.c: In function 'CODE_BBB51E_M0X0':
D:/l4t/DKC3Recomp/generated/snesrecomp/bankbb_part351_v2.c:250:3: warning: label 'L_B51E_M0X0' defined but not used [-Wunused-label]
  250 |   L_B51E_M0X0:
      |   ^~~~~~~~~~~
D:/l4t/DKC3Recomp/generated/snesrecomp/bankbb_part359_v2.c: In function 'CODE_BBB59C_M0X0':
D:/l4t/DKC3Recomp/generated/snesrecomp/bankbb_part359_v2.c:49:3: warning: label 'L_B59C_M0X0' defined but not used [-Wunused-label]
   49 |   L_B59C_M0X0:
      |   ^~~~~~~~~~~
D:/l4t/DKC3Recomp/generated/snesrecomp/bankbb_part35c_v2.c: In function 'CODE_BBB5C6_M0X0':
D:/l4t/DKC3Recomp/generated/snesrecomp/bankbb_part35c_v2.c:49:3: warning: label 'L_B5C6_M0X0' defined but not used [-Wunused-label]
   49 |   L_B5C6_M0X0:
      |   ^~~~~~~~~~~
D:/l4t/DKC3Recomp/generated/snesrecomp/bankbb_part35f_v2.c: In function 'CODE_BBB5F3_M0X0':
D:/l4t/DKC3Recomp/generated/snesrecomp/bankbb_part35f_v2.c:49:3: warning: label 'L_B5F3_M0X0' defined but not used [-Wunused-label]
   49 |   L_B5F3_M0X0:
      |   ^~~~~~~~~~~
D:/l4t/DKC3Recomp/generated/snesrecomp/bankbb_part361_v2.c: In function 'CODE_BBB61E_M0X0':
D:/l4t/DKC3Recomp/generated/snesrecomp/bankbb_part361_v2.c:49:3: warning: label 'L_B61E_M0X0' defined but not used [-Wunused-label]
   49 |   L_B61E_M0X0:
      |   ^~~~~~~~~~~
D:/l4t/DKC3Recomp/generated/snesrecomp/bankbb_part375_v2.c: In function 'CODE_BBB75A_M0X0':
D:/l4t/DKC3Recomp/generated/snesrecomp/bankbb_part375_v2.c:50:3: warning: label 'L_B75A_M0X0' defined but not used [-Wunused-label]
   50 |   L_B75A_M0X0:
      |   ^~~~~~~~~~~
D:/l4t/DKC3Recomp/generated/snesrecomp/bankbb_part388_v2.c: In function 'CODE_BBB884_M0X0':
D:/l4t/DKC3Recomp/generated/snesrecomp/bankbb_part388_v2.c:49:3: warning: label 'L_B884_M0X0' defined but not used [-Wunused-label]
   49 |   L_B884_M0X0:
      |   ^~~~~~~~~~~
D:/l4t/DKC3Recomp/generated/snesrecomp/bankbb_part38a_v2.c: In function 'sprite_handler_direct_M0X0':
D:/l4t/DKC3Recomp/generated/snesrecomp/bankbb_part38a_v2.c:54:3: warning: label 'L_B8A5_M0X0' defined but not used [-Wunused-label]
   54 |   L_B8A5_M0X0:
      |   ^~~~~~~~~~~
D:/l4t/DKC3Recomp/generated/snesrecomp/bankbb_part39b_v2.c: In function 'CODE_BBB9B0_M0X0':
D:/l4t/DKC3Recomp/generated/snesrecomp/bankbb_part39b_v2.c:49:3: warning: label 'L_B9B0_M0X0' defined but not used [-Wunused-label]
   49 |   L_B9B0_M0X0:
      |   ^~~~~~~~~~~
D:/l4t/DKC3Recomp/generated/snesrecomp/bankbb_part39e_v2.c: In function 'handle_kong_follow_M0X0':
D:/l4t/DKC3Recomp/generated/snesrecomp/bankbb_part39e_v2.c:49:3: warning: label 'L_B9EB_M0X0' defined but not used [-Wunused-label]
   49 |   L_B9EB_M0X0:
      |   ^~~~~~~~~~~
D:/l4t/DKC3Recomp/generated/snesrecomp/bankbb_part3a8_v2.c: In function 'process_platform_sprites_M0X0':
D:/l4t/DKC3Recomp/generated/snesrecomp/bankbb_part3a8_v2.c:49:3: warning: label 'L_BA8F_M0X0' defined but not used [-Wunused-label]
   49 |   L_BA8F_M0X0:
      |   ^~~~~~~~~~~
D:/l4t/DKC3Recomp/generated/snesrecomp/bankbb_part3bf_v2.c: In function 'CODE_BBBBFB_M0X0':
D:/l4t/DKC3Recomp/generated/snesrecomp/bankbb_part3bf_v2.c:49:3: warning: label 'L_BBFB_M0X0' defined but not used [-Wunused-label]
   49 |   L_BBFB_M0X0:
      |   ^~~~~~~~~~~
D:/l4t/DKC3Recomp/generated/snesrecomp/bankbb_part3c7_v2.c: In function 'CODE_BBBC73_M0X0':
D:/l4t/DKC3Recomp/generated/snesrecomp/bankbb_part3c7_v2.c:54:3: warning: label 'L_BC73_M0X0' defined but not used [-Wunused-label]
   54 |   L_BC73_M0X0:
      |   ^~~~~~~~~~~
D:/l4t/DKC3Recomp/generated/snesrecomp/bankbb_part3cb_v2.c: In function 'CODE_BBBCBA_M0X0':
D:/l4t/DKC3Recomp/generated/snesrecomp/bankbb_part3cb_v2.c:50:3: warning: label 'L_BCBA_M0X0' defined but not used [-Wunused-label]
   50 |   L_BCBA_M0X0:
      |   ^~~~~~~~~~~
D:/l4t/DKC3Recomp/generated/snesrecomp/bankbb_part3d0_v2.c: In function 'CODE_BBBD04_M0X0':
D:/l4t/DKC3Recomp/generated/snesrecomp/bankbb_part3d0_v2.c:50:3: warning: label 'L_BD04_M0X0' defined but not used [-Wunused-label]
   50 |   L_BD04_M0X0:
      |   ^~~~~~~~~~~
D:/l4t/DKC3Recomp/generated/snesrecomp/bankbb_part3d3_v2.c: In function 'CODE_BBBD39_M0X0':
D:/l4t/DKC3Recomp/generated/snesrecomp/bankbb_part3d3_v2.c:49:3: warning: label 'L_BD39_M0X0' defined but not used [-Wunused-label]
   49 |   L_BD39_M0X0:
      |   ^~~~~~~~~~~
D:/l4t/DKC3Recomp/generated/snesrecomp/bankbb_part3d7_v2.c: In function 'CODE_BBBD77_M0X0':
D:/l4t/DKC3Recomp/generated/snesrecomp/bankbb_part3d7_v2.c:49:3: warning: label 'L_BD77_M0X0' defined but not used [-Wunused-label]
   49 |   L_BD77_M0X0:
      |   ^~~~~~~~~~~
D:/l4t/DKC3Recomp/generated/snesrecomp/bankbb_part3d8_v2.c: In function 'CODE_BBBD8A_M0X0':
D:/l4t/DKC3Recomp/generated/snesrecomp/bankbb_part3d8_v2.c:49:3: warning: label 'L_BD8A_M0X0' defined but not used [-Wunused-label]
   49 |   L_BD8A_M0X0:
      |   ^~~~~~~~~~~
D:/l4t/DKC3Recomp/generated/snesrecomp/bankbb_part3da_v2.c: In function 'CODE_BBBDA3_M0X0':
D:/l4t/DKC3Recomp/generated/snesrecomp/bankbb_part3da_v2.c:49:3: warning: label 'L_BDA3_M0X0' defined but not used [-Wunused-label]
   49 |   L_BDA3_M0X0:
      |   ^~~~~~~~~~~
D:/l4t/DKC3Recomp/generated/snesrecomp/bankbb_part3e0_v2.c: In function 'CODE_BBBE00_M0X0':
D:/l4t/DKC3Recomp/generated/snesrecomp/bankbb_part3e0_v2.c:49:3: warning: label 'L_BE00_M0X0' defined but not used [-Wunused-label]
   49 |   L_BE00_M0X0:
      |   ^~~~~~~~~~~
D:/l4t/DKC3Recomp/generated/snesrecomp/bankbb_part3eb_v2.c: In function 'CODE_BBBEB9_M0X0':
D:/l4t/DKC3Recomp/generated/snesrecomp/bankbb_part3eb_v2.c:50:3: warning: label 'L_BEB9_M0X0' defined but not used [-Wunused-label]
   50 |   L_BEB9_M0X0:
      |   ^~~~~~~~~~~
D:/l4t/DKC3Recomp/generated/snesrecomp/bankbb_part3f0_v2.c: In function 'CODE_BBBF03_M0X0':
D:/l4t/DKC3Recomp/generated/snesrecomp/bankbb_part3f0_v2.c:50:3: warning: label 'L_BF03_M0X0' defined but not used [-Wunused-label]
   50 |   L_BF03_M0X0:
      |   ^~~~~~~~~~~
D:/l4t/DKC3Recomp/generated/snesrecomp/bankbb_part3f3_v2.c: In function 'CODE_BBBF38_M0X0':
D:/l4t/DKC3Recomp/generated/snesrecomp/bankbb_part3f3_v2.c:49:3: warning: label 'L_BF38_M0X0' defined but not used [-Wunused-label]
   49 |   L_BF38_M0X0:
      |   ^~~~~~~~~~~
D:/l4t/DKC3Recomp/generated/snesrecomp/bankbb_part3f7_v2.c: In function 'CODE_BBBF76_M0X0':
D:/l4t/DKC3Recomp/generated/snesrecomp/bankbb_part3f7_v2.c:49:3: warning: label 'L_BF76_M0X0' defined but not used [-Wunused-label]
   49 |   L_BF76_M0X0:
      |   ^~~~~~~~~~~
D:/l4t/DKC3Recomp/generated/snesrecomp/bankbb_part3f8_v2.c: In function 'CODE_BBBF89_M0X0':
D:/l4t/DKC3Recomp/generated/snesrecomp/bankbb_part3f8_v2.c:49:3: warning: label 'L_BF89_M0X0' defined but not used [-Wunused-label]
   49 |   L_BF89_M0X0:
      |   ^~~~~~~~~~~
D:/l4t/DKC3Recomp/generated/snesrecomp/bankbb_part3fa_v2.c: In function 'CODE_BBBFA2_M0X0':
D:/l4t/DKC3Recomp/generated/snesrecomp/bankbb_part3fa_v2.c:49:3: warning: label 'L_BFA2_M0X0' defined but not used [-Wunused-label]
   49 |   L_BFA2_M0X0:
      |   ^~~~~~~~~~~
D:/l4t/DKC3Recomp/generated/snesrecomp/bankbb_part3ff_v2.c: In function 'CODE_BBBFFF_M0X0':
D:/l4t/DKC3Recomp/generated/snesrecomp/bankbb_part3ff_v2.c:49:3: warning: label 'L_BFFF_M0X0' defined but not used [-Wunused-label]
   49 |   L_BFFF_M0X0:
      |   ^~~~~~~~~~~
D:/l4t/DKC3Recomp/generated/snesrecomp/bankbb_part480_v2.c: In function 'CODE_BBC800_M0X0':
D:/l4t/DKC3Recomp/generated/snesrecomp/bankbb_part480_v2.c:55:3: warning: label 'L_C800_M0X0' defined but not used [-Wunused-label]
   55 |   L_C800_M0X0:
      |   ^~~~~~~~~~~
D:/l4t/DKC3Recomp/generated/snesrecomp/bankbb_part480_v2.c: In function 'CODE_BBC806_M0X0':
D:/l4t/DKC3Recomp/generated/snesrecomp/bankbb_part480_v2.c:99:3: warning: label 'L_C806_M0X0' defined but not used [-Wunused-label]
   99 |   L_C806_M0X0:
      |   ^~~~~~~~~~~
D:/l4t/DKC3Recomp/generated/snesrecomp/bankbb_part480_v2.c: In function 'CODE_BBC809_M0X0':
D:/l4t/DKC3Recomp/generated/snesrecomp/bankbb_part480_v2.c:440:3: warning: label 'L_C809_M0X0' defined but not used [-Wunused-label]
  440 |   L_C809_M0X0:
      |   ^~~~~~~~~~~
D:/l4t/DKC3Recomp/generated/snesrecomp/bankbb_part480_v2.c: In function 'CODE_BBC80F_M0X0':
D:/l4t/DKC3Recomp/generated/snesrecomp/bankbb_part480_v2.c:484:3: warning: label 'L_C80F_M0X0' defined but not used [-Wunused-label]
  484 |   L_C80F_M0X0:
      |   ^~~~~~~~~~~
D:/l4t/DKC3Recomp/generated/snesrecomp/bankbb_part481_v2.c: In function 'bank_BB_C812_M0X0':
D:/l4t/DKC3Recomp/generated/snesrecomp/bankbb_part481_v2.c:54:3: warning: label 'L_C812_M0X0' defined but not used [-Wunused-label]
   54 |   L_C812_M0X0:
      |   ^~~~~~~~~~~
D:/l4t/DKC3Recomp/generated/snesrecomp/bankbb_part481_v2.c: In function 'bank_BB_C815_M0X0':
D:/l4t/DKC3Recomp/generated/snesrecomp/bankbb_part481_v2.c:98:3: warning: label 'L_C815_M0X0' defined but not used [-Wunused-label]
   98 |   L_C815_M0X0:
      |   ^~~~~~~~~~~
D:/l4t/DKC3Recomp/generated/snesrecomp/bankbb_part481_v2.c: In function 'bank_BB_C818_M0X0':
D:/l4t/DKC3Recomp/generated/snesrecomp/bankbb_part481_v2.c:142:3: warning: label 'L_C818_M0X0' defined but not used [-Wunused-label]
  142 |   L_C818_M0X0:
      |   ^~~~~~~~~~~
D:/l4t/DKC3Recomp/generated/snesrecomp/bankbb_part481_v2.c: In function 'bank_BB_C81B_M0X0':
D:/l4t/DKC3Recomp/generated/snesrecomp/bankbb_part481_v2.c:186:3: warning: label 'L_C81B_M0X0' defined but not used [-Wunused-label]
  186 |   L_C81B_M0X0:
      |   ^~~~~~~~~~~
D:/l4t/DKC3Recomp/generated/snesrecomp/bankbb_part482_v2.c: In function 'CODE_BBC821_M0X0':
D:/l4t/DKC3Recomp/generated/snesrecomp/bankbb_part482_v2.c:53:3: warning: label 'L_C821_M0X0' defined but not used [-Wunused-label]
   53 |   L_C821_M0X0:
      |   ^~~~~~~~~~~
D:/l4t/DKC3Recomp/generated/snesrecomp/bankbb_part482_v2.c: In function 'level_end_flagpole_main_M0X0':
D:/l4t/DKC3Recomp/generated/snesrecomp/bankbb_part482_v2.c:397:3: warning: label 'L_C82E_M0X0' defined but not used [-Wunused-label]
  397 |   L_C82E_M0X0:
      |   ^~~~~~~~~~~
D:/l4t/DKC3Recomp/generated/snesrecomp/bankbb_part492_v2.c: In function 'CODE_BBC92C_M0X0':
D:/l4t/DKC3Recomp/generated/snesrecomp/bankbb_part492_v2.c:49:3: warning: label 'L_C92C_M0X0' defined but not used [-Wunused-label]
   49 |   L_C92C_M0X0:
      |   ^~~~~~~~~~~
D:/l4t/DKC3Recomp/generated/snesrecomp/bankbb_part493_v2.c: In function 'CODE_BBC939_M0X0':
D:/l4t/DKC3Recomp/generated/snesrecomp/bankbb_part493_v2.c:50:3: warning: label 'L_C939_M0X0' defined but not used [-Wunused-label]
   50 |   L_C939_M0X0:
      |   ^~~~~~~~~~~
D:/l4t/DKC3Recomp/generated/snesrecomp/bankbb_part495_v2.c: In function 'CODE_BBC956_M0X0':
D:/l4t/DKC3Recomp/generated/snesrecomp/bankbb_part495_v2.c:50:3: warning: label 'L_C956_M0X0' defined but not used [-Wunused-label]
   50 |   L_C956_M0X0:
      |   ^~~~~~~~~~~
D:/l4t/DKC3Recomp/generated/snesrecomp/bankbb_part498_v2.c: In function 'CODE_BBC982_M0X0':
D:/l4t/DKC3Recomp/generated/snesrecomp/bankbb_part498_v2.c:49:3: warning: label 'L_C982_M0X0' defined but not used [-Wunused-label]
   49 |   L_C982_M0X0:
      |   ^~~~~~~~~~~
D:/l4t/DKC3Recomp/generated/snesrecomp/bankbb_part4a0_v2.c: In function 'level_end_flag_main_M0X0':
D:/l4t/DKC3Recomp/generated/snesrecomp/bankbb_part4a0_v2.c:50:3: warning: label 'L_CA0D_M0X0' defined but not used [-Wunused-label]
   50 |   L_CA0D_M0X0:
      |   ^~~~~~~~~~~
D:/l4t/DKC3Recomp/generated/snesrecomp/bankbb_part4a1_v2.c: In function 'CODE_BBCA16_M0X0':
D:/l4t/DKC3Recomp/generated/snesrecomp/bankbb_part4a1_v2.c:50:3: warning: label 'L_CA16_M0X0' defined but not used [-Wunused-label]
   50 |   L_CA16_M0X0:
      |   ^~~~~~~~~~~
D:/l4t/DKC3Recomp/generated/snesrecomp/bankbb_part4a3_v2.c: In function 'CODE_BBCA33_M0X0':
D:/l4t/DKC3Recomp/generated/snesrecomp/bankbb_part4a3_v2.c:50:3: warning: label 'L_CA33_M0X0' defined but not used [-Wunused-label]
   50 |   L_CA33_M0X0:
      |   ^~~~~~~~~~~
D:/l4t/DKC3Recomp/generated/snesrecomp/bankbb_part4a6_v2.c: In function 'CODE_BBCA6F_M0X0':
D:/l4t/DKC3Recomp/generated/snesrecomp/bankbb_part4a6_v2.c:50:3: warning: label 'L_CA6F_M0X0' defined but not used [-Wunused-label]
   50 |   L_CA6F_M0X0:
      |   ^~~~~~~~~~~
D:/l4t/DKC3Recomp/generated/snesrecomp/bankbb_part4b4_v2.c: In function 'CODE_BBCB43_M0X0':
D:/l4t/DKC3Recomp/generated/snesrecomp/bankbb_part4b4_v2.c:50:3: warning: label 'L_CB43_M0X0' defined but not used [-Wunused-label]
   50 |   L_CB43_M0X0:
      |   ^~~~~~~~~~~
D:/l4t/DKC3Recomp/generated/snesrecomp/bankbb_part4b7_v2.c: In function 'CODE_BBCB7A_M0X0':
D:/l4t/DKC3Recomp/generated/snesrecomp/bankbb_part4b7_v2.c:49:3: warning: label 'L_CB7A_M0X0' defined but not used [-Wunused-label]
   49 |   L_CB7A_M0X0:
      |   ^~~~~~~~~~~
D:/l4t/DKC3Recomp/generated/snesrecomp/bankbb_part4bb_v2.c: In function 'exit_door_main_M0X0':
D:/l4t/DKC3Recomp/generated/snesrecomp/bankbb_part4bb_v2.c:54:3: warning: label 'L_CBB2_M0X0' defined but not used [-Wunused-label]
   54 |   L_CBB2_M0X0:
      |   ^~~~~~~~~~~
D:/l4t/DKC3Recomp/generated/snesrecomp/bankbb_part4bb_v2.c: In function 'CODE_BBCBB9_M0X0':
D:/l4t/DKC3Recomp/generated/snesrecomp/bankbb_part4bb_v2.c:132:3: warning: label 'L_CBB9_M0X0' defined but not used [-Wunused-label]
  132 |   L_CBB9_M0X0:
      |   ^~~~~~~~~~~
D:/l4t/DKC3Recomp/generated/snesrecomp/bankbb_part4bc_v2.c: In function 'CODE_BBCBCA_M0X0':
D:/l4t/DKC3Recomp/generated/snesrecomp/bankbb_part4bc_v2.c:51:3: warning: label 'L_CBCA_M0X0' defined but not used [-Wunused-label]
   51 |   L_CBCA_M0X0:
      |   ^~~~~~~~~~~
D:/l4t/DKC3Recomp/generated/snesrecomp/bankbb_part4bf_v2.c: In function 'CODE_BBCBFC_M0X0':
D:/l4t/DKC3Recomp/generated/snesrecomp/bankbb_part4bf_v2.c:49:3: warning: label 'L_CBFC_M0X0' defined but not used [-Wunused-label]
   49 |   L_CBFC_M0X0:
      |   ^~~~~~~~~~~
D:/l4t/DKC3Recomp/generated/snesrecomp/bankbb_part4c0_v2.c: In function 'CODE_BBCC08_M0X0':
D:/l4t/DKC3Recomp/generated/snesrecomp/bankbb_part4c0_v2.c:52:3: warning: label 'L_CC08_M0X0' defined but not used [-Wunused-label]
   52 |   L_CC08_M0X0:
      |   ^~~~~~~~~~~
D:/l4t/DKC3Recomp/generated/snesrecomp/bankbb_part4c5_v2.c: In function 'CODE_BBCC58_M0X0':
D:/l4t/DKC3Recomp/generated/snesrecomp/bankbb_part4c5_v2.c:51:3: warning: label 'L_CC58_M0X0' defined but not used [-Wunused-label]
   51 |   L_CC58_M0X0:
      |   ^~~~~~~~~~~
D:/l4t/DKC3Recomp/generated/snesrecomp/bankbb_part4c5_v2.c: In function 'CODE_BBCC5B_M0X0':
D:/l4t/DKC3Recomp/generated/snesrecomp/bankbb_part4c5_v2.c:97:3: warning: label 'L_CC5B_M0X0' defined but not used [-Wunused-label]
   97 |   L_CC5B_M0X0:
      |   ^~~~~~~~~~~
D:/l4t/DKC3Recomp/generated/snesrecomp/bankbb_part4c6_v2.c: In function 'CODE_BBCC6B_M0X0':
D:/l4t/DKC3Recomp/generated/snesrecomp/bankbb_part4c6_v2.c:49:3: warning: label 'L_CC6B_M0X0' defined but not used [-Wunused-label]
   49 |   L_CC6B_M0X0:
      |   ^~~~~~~~~~~
D:/l4t/DKC3Recomp/generated/snesrecomp/bankbb_part4ca_v2.c: In function 'CODE_BBCCA2_M0X0':
D:/l4t/DKC3Recomp/generated/snesrecomp/bankbb_part4ca_v2.c:51:3: warning: label 'L_CCA2_M0X0' defined but not used [-Wunused-label]
   51 |   L_CCA2_M0X0:
      |   ^~~~~~~~~~~
D:/l4t/DKC3Recomp/generated/snesrecomp/bankbb_part4ca_v2.c: In function 'CODE_BBCCAB_M0X0':
D:/l4t/DKC3Recomp/generated/snesrecomp/bankbb_part4ca_v2.c:97:3: warning: label 'L_CCAB_M0X0' defined but not used [-Wunused-label]
   97 |   L_CCAB_M0X0:
      |   ^~~~~~~~~~~
D:/l4t/DKC3Recomp/generated/snesrecomp/bankbb_part4cb_v2.c: In function 'CODE_BBCCBF_M0X0':
D:/l4t/DKC3Recomp/generated/snesrecomp/bankbb_part4cb_v2.c:51:3: warning: label 'L_CCBF_M0X0' defined but not used [-Wunused-label]
   51 |   L_CCBF_M0X0:
      |   ^~~~~~~~~~~
D:/l4t/DKC3Recomp/generated/snesrecomp/bankbb_part4ce_v2.c: In function 'CODE_BBCCE8_M0X0':
D:/l4t/DKC3Recomp/generated/snesrecomp/bankbb_part4ce_v2.c:55:3: warning: label 'L_CCE8_M0X0' defined but not used [-Wunused-label]
   55 |   L_CCE8_M0X0:
      |   ^~~~~~~~~~~
D:/l4t/DKC3Recomp/generated/snesrecomp/bankbb_part4ce_v2.c: In function 'kong_letters_main_M0X0':
D:/l4t/DKC3Recomp/generated/snesrecomp/bankbb_part4ce_v2.c:101:3: warning: label 'L_CCEB_M0X0' defined but not used [-Wunused-label]
  101 |   L_CCEB_M0X0:
      |   ^~~~~~~~~~~
D:/l4t/DKC3Recomp/generated/snesrecomp/bankbb_part4d7_v2.c: In function 'CODE_BBCD7C_M0X0':
D:/l4t/DKC3Recomp/generated/snesrecomp/bankbb_part4d7_v2.c:52:3: warning: label 'L_CD7C_M0X0' defined but not used [-Wunused-label]
   52 |   L_CD7C_M0X0:
      |   ^~~~~~~~~~~
D:/l4t/DKC3Recomp/generated/snesrecomp/bankbb_part4dd_v2.c: In function 'CODE_BBCDD2_M0X0':
D:/l4t/DKC3Recomp/generated/snesrecomp/bankbb_part4dd_v2.c:51:3: warning: label 'L_CDD2_M0X0' defined but not used [-Wunused-label]
   51 |   L_CDD2_M0X0:
      |   ^~~~~~~~~~~
D:/l4t/DKC3Recomp/generated/snesrecomp/bankbb_part4e2_v2.c: In function 'CODE_BBCE2E_M0X0':
D:/l4t/DKC3Recomp/generated/snesrecomp/bankbb_part4e2_v2.c:50:3: warning: label 'L_CE2E_M0X0' defined but not used [-Wunused-label]
   50 |   L_CE2E_M0X0:
      |   ^~~~~~~~~~~
D:/l4t/DKC3Recomp/generated/snesrecomp/bankbb_part4e6_v2.c: In function 'CODE_BBCE6B_M0X0':
D:/l4t/DKC3Recomp/generated/snesrecomp/bankbb_part4e6_v2.c:51:3: warning: label 'L_CE6B_M0X0' defined but not used [-Wunused-label]
   51 |   L_CE6B_M0X0:
      |   ^~~~~~~~~~~
D:/l4t/DKC3Recomp/generated/snesrecomp/bankbb_part4ef_v2.c: In function 'CODE_BBCEFE_M0X0':
D:/l4t/DKC3Recomp/generated/snesrecomp/bankbb_part4ef_v2.c:51:3: warning: label 'L_CEFE_M0X0' defined but not used [-Wunused-label]
   51 |   L_CEFE_M0X0:
      |   ^~~~~~~~~~~
D:/l4t/DKC3Recomp/generated/snesrecomp/bankbb_part4f1_v2.c: In function 'CODE_BBCF16_M0X0':
D:/l4t/DKC3Recomp/generated/snesrecomp/bankbb_part4f1_v2.c:51:3: warning: label 'L_CF16_M0X0' defined but not used [-Wunused-label]
   51 |   L_CF16_M0X0:
      |   ^~~~~~~~~~~
D:/l4t/DKC3Recomp/generated/snesrecomp/bankbb_part4f7_v2.c: In function 'CODE_BBCF73_M0X0':
D:/l4t/DKC3Recomp/generated/snesrecomp/bankbb_part4f7_v2.c:49:3: warning: label 'L_CF73_M0X0' defined but not used [-Wunused-label]
   49 |   L_CF73_M0X0:
      |   ^~~~~~~~~~~
D:/l4t/DKC3Recomp/generated/snesrecomp/bankbb_part4f8_v2.c: In function 'CODE_BBCF8E_M0X0':
D:/l4t/DKC3Recomp/generated/snesrecomp/bankbb_part4f8_v2.c:50:3: warning: label 'L_CF8E_M0X0' defined but not used [-Wunused-label]
   50 |   L_CF8E_M0X0:
      |   ^~~~~~~~~~~
D:/l4t/DKC3Recomp/generated/snesrecomp/bankbb_part4fa_v2.c: In function 'CODE_BBCFA0_M0X0':
D:/l4t/DKC3Recomp/generated/snesrecomp/bankbb_part4fa_v2.c:49:3: warning: label 'L_CFA0_M0X0' defined but not used [-Wunused-label]
   49 |   L_CFA0_M0X0:
      |   ^~~~~~~~~~~
D:/l4t/DKC3Recomp/generated/snesrecomp/bankbb_part4fc_v2.c: In function 'banana_main_M0X0':
D:/l4t/DKC3Recomp/generated/snesrecomp/bankbb_part4fc_v2.c:49:3: warning: label 'L_CFC0_M0X0' defined but not used [-Wunused-label]
   49 |   L_CFC0_M0X0:
      |   ^~~~~~~~~~~
D:/l4t/DKC3Recomp/generated/snesrecomp/bankbb_part501_v2.c: In function 'bananas_main_M0X0':
D:/l4t/DKC3Recomp/generated/snesrecomp/bankbb_part501_v2.c:49:3: warning: label 'L_D015_M0X0' defined but not used [-Wunused-label]
   49 |   L_D015_M0X0:
      |   ^~~~~~~~~~~
D:/l4t/DKC3Recomp/generated/snesrecomp/bankbb_part507_v2.c: In function 'green_banana_spawner_main_M0X0':
D:/l4t/DKC3Recomp/generated/snesrecomp/bankbb_part507_v2.c:52:3: warning: label 'L_D07A_M0X0' defined but not used [-Wunused-label]
   52 |   L_D07A_M0X0:
      |   ^~~~~~~~~~~
D:/l4t/DKC3Recomp/generated/snesrecomp/bankbb_part508_v2.c: In function 'CODE_BBD085_M0X0':
D:/l4t/DKC3Recomp/generated/snesrecomp/bankbb_part508_v2.c:50:3: warning: label 'L_D085_M0X0' defined but not used [-Wunused-label]
   50 |   L_D085_M0X0:
      |   ^~~~~~~~~~~
D:/l4t/DKC3Recomp/generated/snesrecomp/bankbb_part510_v2.c: In function 'CODE_BBD100_M0X0':
D:/l4t/DKC3Recomp/generated/snesrecomp/bankbb_part510_v2.c:50:3: warning: label 'L_D100_M0X0' defined but not used [-Wunused-label]
   50 |   L_D100_M0X0:
      |   ^~~~~~~~~~~
D:/l4t/DKC3Recomp/generated/snesrecomp/bankbb_part510_v2.c: In function 'CODE_BBD103_M0X0':
D:/l4t/DKC3Recomp/generated/snesrecomp/bankbb_part510_v2.c:96:3: warning: label 'L_D103_M0X0' defined but not used [-Wunused-label]
   96 |   L_D103_M0X0:
      |   ^~~~~~~~~~~
D:/l4t/DKC3Recomp/generated/snesrecomp/bankbb_part511_v2.c: In function 'green_banana_main_M0X0':
D:/l4t/DKC3Recomp/generated/snesrecomp/bankbb_part511_v2.c:49:3: warning: label 'L_D110_M0X0' defined but not used [-Wunused-label]
   49 |   L_D110_M0X0:
      |   ^~~~~~~~~~~
D:/l4t/DKC3Recomp/generated/snesrecomp/bankbb_part51a_v2.c: In function 'CODE_BBD1AB_M0X0':
D:/l4t/DKC3Recomp/generated/snesrecomp/bankbb_part51a_v2.c:49:3: warning: label 'L_D1AB_M0X0' defined but not used [-Wunused-label]
   49 |   L_D1AB_M0X0:
      |   ^~~~~~~~~~~
D:/l4t/DKC3Recomp/generated/snesrecomp/bankbb_part51b_v2.c: In function 'extra_life_balloon_main_M0X0':
D:/l4t/DKC3Recomp/generated/snesrecomp/bankbb_part51b_v2.c:49:3: warning: label 'L_D1B9_M0X0' defined but not used [-Wunused-label]
   49 |   L_D1B9_M0X0:
      |   ^~~~~~~~~~~
D:/l4t/DKC3Recomp/generated/snesrecomp/bankbb_part529_v2.c: In function 'unknown_sprite_02A4_main_M0X0':
D:/l4t/DKC3Recomp/generated/snesrecomp/bankbb_part529_v2.c:49:3: warning: label 'L_D29F_M0X0' defined but not used [-Wunused-label]
   49 |   L_D29F_M0X0:
      |   ^~~~~~~~~~~
D:/l4t/DKC3Recomp/generated/snesrecomp/bankbb_part52c_v2.c: In function 'bonus_coin_main_M0X0':
D:/l4t/DKC3Recomp/generated/snesrecomp/bankbb_part52c_v2.c:49:3: warning: label 'L_D2CB_M0X0' defined but not used [-Wunused-label]
   49 |   L_D2CB_M0X0:
      |   ^~~~~~~~~~~
D:/l4t/DKC3Recomp/generated/snesrecomp/bankbb_part538_v2.c: In function 'collectable_cog_main_M0X0':
D:/l4t/DKC3Recomp/generated/snesrecomp/bankbb_part538_v2.c:50:3: warning: label 'L_D381_M0X0' defined but not used [-Wunused-label]
   50 |   L_D381_M0X0:
      |   ^~~~~~~~~~~
D:/l4t/DKC3Recomp/generated/snesrecomp/bankbb_part538_v2.c: In function 'CODE_BBD38C_M0X0':
D:/l4t/DKC3Recomp/generated/snesrecomp/bankbb_part538_v2.c:152:3: warning: label 'L_D38C_M0X0' defined but not used [-Wunused-label]
  152 |   L_D38C_M0X0:
      |   ^~~~~~~~~~~
D:/l4t/DKC3Recomp/generated/snesrecomp/bankbb_part542_v2.c: In function 'CODE_BBD42A_M0X0':
D:/l4t/DKC3Recomp/generated/snesrecomp/bankbb_part542_v2.c:50:3: warning: label 'L_D42A_M0X0' defined but not used [-Wunused-label]
   50 |   L_D42A_M0X0:
      |   ^~~~~~~~~~~
D:/l4t/DKC3Recomp/generated/snesrecomp/bankbb_part551_v2.c: In function 'CODE_BBD517_M0X0':
D:/l4t/DKC3Recomp/generated/snesrecomp/bankbb_part551_v2.c:50:3: warning: label 'L_D517_M0X0' defined but not used [-Wunused-label]
   50 |   L_D517_M0X0:
      |   ^~~~~~~~~~~
D:/l4t/DKC3Recomp/generated/snesrecomp/bankbb_part551_v2.c: In function 'CODE_BBD51C_M0X0':
D:/l4t/DKC3Recomp/generated/snesrecomp/bankbb_part551_v2.c:158:3: warning: label 'L_D51C_M0X0' defined but not used [-Wunused-label]
  158 |   L_D51C_M0X0:
      |   ^~~~~~~~~~~
D:/l4t/DKC3Recomp/generated/snesrecomp/bankbb_part552_v2.c: In function 'CODE_BBD52D_M0X0':
D:/l4t/DKC3Recomp/generated/snesrecomp/bankbb_part552_v2.c:49:3: warning: label 'L_D52D_M0X0' defined but not used [-Wunused-label]
   49 |   L_D52D_M0X0:
      |   ^~~~~~~~~~~
D:/l4t/DKC3Recomp/generated/snesrecomp/bankbb_part556_v2.c: In function 'CODE_BBD56B_M0X0':
D:/l4t/DKC3Recomp/generated/snesrecomp/bankbb_part556_v2.c:49:3: warning: label 'L_D56B_M0X0' defined but not used [-Wunused-label]
   49 |   L_D56B_M0X0:
      |   ^~~~~~~~~~~
D:/l4t/DKC3Recomp/generated/snesrecomp/bankbb_part557_v2.c: In function 'CODE_BBD570_M0X0':
D:/l4t/DKC3Recomp/generated/snesrecomp/bankbb_part557_v2.c:49:3: warning: label 'L_D570_M0X0' defined but not used [-Wunused-label]
   49 |   L_D570_M0X0:
      |   ^~~~~~~~~~~
D:/l4t/DKC3Recomp/generated/snesrecomp/bankbb_part564_v2.c: In function 'CODE_BBD64E_M0X0':
D:/l4t/DKC3Recomp/generated/snesrecomp/bankbb_part564_v2.c:49:3: warning: label 'L_D64E_M0X0' defined but not used [-Wunused-label]
   49 |   L_D64E_M0X0:
      |   ^~~~~~~~~~~
D:/l4t/DKC3Recomp/generated/snesrecomp/bankbb_part568_v2.c: In function 'CODE_BBD68C_M0X0':
D:/l4t/DKC3Recomp/generated/snesrecomp/bankbb_part568_v2.c:50:3: warning: label 'L_D68C_M0X0' defined but not used [-Wunused-label]
   50 |   L_D68C_M0X0:
      |   ^~~~~~~~~~~
D:/l4t/DKC3Recomp/generated/snesrecomp/bankbb_part56_v2.c: In function 'disable_screen_wrapper_M0X0':
D:/l4t/DKC3Recomp/generated/snesrecomp/bankbb_part56_v2.c:55:3: warning: label 'L_8564_M0X0' defined but not used [-Wunused-label]
   55 |   L_8564_M0X0:
      |   ^~~~~~~~~~~
D:/l4t/DKC3Recomp/generated/snesrecomp/bankbb_part56_v2.c: In function 'vram_payload_handler_global_M0X0':
D:/l4t/DKC3Recomp/generated/snesrecomp/bankbb_part56_v2.c:99:3: warning: label 'L_8567_M0X0' defined but not used [-Wunused-label]
   99 |   L_8567_M0X0:
      |   ^~~~~~~~~~~
D:/l4t/DKC3Recomp/generated/snesrecomp/bankbb_part56_v2.c: In function 'set_PPU_registers_global_M0X0':
D:/l4t/DKC3Recomp/generated/snesrecomp/bankbb_part56_v2.c:735:3: warning: label 'L_856A_M0X0' defined but not used [-Wunused-label]
  735 |   L_856A_M0X0:
      |   ^~~~~~~~~~~
D:/l4t/DKC3Recomp/generated/snesrecomp/bankbb_part56_v2.c: In function 'CODE_BB856D_M0X0':
D:/l4t/DKC3Recomp/generated/snesrecomp/bankbb_part56_v2.c:1084:3: warning: label 'L_856D_M0X0' defined but not used [-Wunused-label]
 1084 |   L_856D_M0X0:
      |   ^~~~~~~~~~~
D:/l4t/DKC3Recomp/generated/snesrecomp/bankbb_part56a_v2.c: In function 'CODE_BBD6AD_M0X0':
D:/l4t/DKC3Recomp/generated/snesrecomp/bankbb_part56a_v2.c:50:3: warning: label 'L_D6AD_M0X0' defined but not used [-Wunused-label]
   50 |   L_D6AD_M0X0:
      |   ^~~~~~~~~~~
D:/l4t/DKC3Recomp/generated/snesrecomp/bankbb_part56b_v2.c: In function 'CODE_BBD6BF_M0X0':
D:/l4t/DKC3Recomp/generated/snesrecomp/bankbb_part56b_v2.c:49:3: warning: label 'L_D6BF_M0X0' defined but not used [-Wunused-label]
   49 |   L_D6BF_M0X0:
      |   ^~~~~~~~~~~
D:/l4t/DKC3Recomp/generated/snesrecomp/bankbb_part56d_v2.c: In function 'bonus_timer_main_M0X0':
D:/l4t/DKC3Recomp/generated/snesrecomp/bankbb_part56d_v2.c:59:3: warning: label 'L_D6D0_M0X0' defined but not used [-Wunused-label]
   59 |   L_D6D0_M0X0:
      |   ^~~~~~~~~~~
D:/l4t/DKC3Recomp/generated/snesrecomp/bankbb_part572_v2.c: In function 'CODE_BBD722_M0X0':
D:/l4t/DKC3Recomp/generated/snesrecomp/bankbb_part572_v2.c:50:3: warning: label 'L_D722_M0X0' defined but not used [-Wunused-label]
   50 |   L_D722_M0X0:
      |   ^~~~~~~~~~~
D:/l4t/DKC3Recomp/generated/snesrecomp/bankbb_part572_v2.c: In function 'CODE_BBD729_M0X0':
D:/l4t/DKC3Recomp/generated/snesrecomp/bankbb_part572_v2.c:156:3: warning: label 'L_D729_M0X0' defined but not used [-Wunused-label]
  156 |   L_D729_M0X0:
      |   ^~~~~~~~~~~
D:/l4t/DKC3Recomp/generated/snesrecomp/bankbb_part573_v2.c: In function 'CODE_BBD739_M0X0':
D:/l4t/DKC3Recomp/generated/snesrecomp/bankbb_part573_v2.c:49:3: warning: label 'L_D739_M0X0' defined but not used [-Wunused-label]
   49 |   L_D739_M0X0:
      |   ^~~~~~~~~~~
D:/l4t/DKC3Recomp/generated/snesrecomp/bankbb_part575_v2.c: In function 'CODE_BBD75E_M0X0':
D:/l4t/DKC3Recomp/generated/snesrecomp/bankbb_part575_v2.c:49:3: warning: label 'L_D75E_M0X0' defined but not used [-Wunused-label]
   49 |   L_D75E_M0X0:
      |   ^~~~~~~~~~~
D:/l4t/DKC3Recomp/generated/snesrecomp/bankbb_part578_v2.c: In function 'CODE_BBD783_M0X0':
D:/l4t/DKC3Recomp/generated/snesrecomp/bankbb_part578_v2.c:49:3: warning: label 'L_D783_M0X0' defined but not used [-Wunused-label]
   49 |   L_D783_M0X0:
      |   ^~~~~~~~~~~
D:/l4t/DKC3Recomp/generated/snesrecomp/bankbb_part579_v2.c: In function 'CODE_BBD793_M0X0':
D:/l4t/DKC3Recomp/generated/snesrecomp/bankbb_part579_v2.c:57:3: warning: label 'L_D793_M0X0' defined but not used [-Wunused-label]
   57 |   L_D793_M0X0:
      |   ^~~~~~~~~~~
D:/l4t/DKC3Recomp/generated/snesrecomp/bankbb_part579_v2.c: In function 'CODE_BBD796_M0X0':
D:/l4t/DKC3Recomp/generated/snesrecomp/bankbb_part579_v2.c:103:3: warning: label 'L_D796_M0X0' defined but not used [-Wunused-label]
  103 |   L_D796_M0X0:
      |   ^~~~~~~~~~~
D:/l4t/DKC3Recomp/generated/snesrecomp/bankbb_part579_v2.c: In function 'CODE_BBD798_M0X0':
D:/l4t/DKC3Recomp/generated/snesrecomp/bankbb_part579_v2.c:357:3: warning: label 'L_D798_M0X0' defined but not used [-Wunused-label]
  357 |   L_D798_M0X0:
      |   ^~~~~~~~~~~
D:/l4t/DKC3Recomp/generated/snesrecomp/bankbb_part579_v2.c: In function 'CODE_BBD79F_M0X0':
D:/l4t/DKC3Recomp/generated/snesrecomp/bankbb_part579_v2.c:787:3: warning: label 'L_D79F_M0X0' defined but not used [-Wunused-label]
  787 |   L_D79F_M0X0:
      |   ^~~~~~~~~~~
D:/l4t/DKC3Recomp/generated/snesrecomp/bankbb_part57_v2.c: In function 'CODE_BB8570_M0X0':
D:/l4t/DKC3Recomp/generated/snesrecomp/bankbb_part57_v2.c:56:3: warning: label 'L_8570_M0X0' defined but not used [-Wunused-label]
   56 |   L_8570_M0X0:
      |   ^~~~~~~~~~~
D:/l4t/DKC3Recomp/generated/snesrecomp/bankbb_part57_v2.c: In function 'CODE_BB8573_M0X0':
D:/l4t/DKC3Recomp/generated/snesrecomp/bankbb_part57_v2.c:404:3: warning: label 'L_8573_M0X0' defined but not used [-Wunused-label]
  404 |   L_8573_M0X0:
      |   ^~~~~~~~~~~
D:/l4t/DKC3Recomp/generated/snesrecomp/bankbb_part57_v2.c: In function 'CODE_BB857C_M0X0':
D:/l4t/DKC3Recomp/generated/snesrecomp/bankbb_part57_v2.c:721:3: warning: label 'L_857C_M0X0' defined but not used [-Wunused-label]
  721 |   L_857C_M0X0:
      |   ^~~~~~~~~~~
D:/l4t/DKC3Recomp/generated/snesrecomp/bankbb_part57_v2.c: In function 'CODE_BB857F_M0X0':
D:/l4t/DKC3Recomp/generated/snesrecomp/bankbb_part57_v2.c:1149:3: warning: label 'L_857F_M0X0' defined but not used [-Wunused-label]
 1149 |   L_857F_M0X0:
      |   ^~~~~~~~~~~
D:/l4t/DKC3Recomp/generated/snesrecomp/bankbb_part57a_v2.c: In function 'CODE_BBD7AC_M0X0':
D:/l4t/DKC3Recomp/generated/snesrecomp/bankbb_part57a_v2.c:54:3: warning: label 'L_D7AC_M0X0' defined but not used [-Wunused-label]
   54 |   L_D7AC_M0X0:
      |   ^~~~~~~~~~~
D:/l4t/DKC3Recomp/generated/snesrecomp/bankbb_part57f_v2.c: In function 'CODE_BBD7FE_M0X0':
D:/l4t/DKC3Recomp/generated/snesrecomp/bankbb_part57f_v2.c:52:3: warning: label 'L_D7FE_M0X0' defined but not used [-Wunused-label]
   52 |   L_D7FE_M0X0:
      |   ^~~~~~~~~~~
D:/l4t/DKC3Recomp/generated/snesrecomp/bankbb_part583_v2.c: In function 'CODE_BBD836_M0X0':
D:/l4t/DKC3Recomp/generated/snesrecomp/bankbb_part583_v2.c:50:3: warning: label 'L_D836_M0X0' defined but not used [-Wunused-label]
   50 |   L_D836_M0X0:
      |   ^~~~~~~~~~~
D:/l4t/DKC3Recomp/generated/snesrecomp/bankbb_part583_v2.c: In function 'CODE_BBD83C_M0X0':
D:/l4t/DKC3Recomp/generated/snesrecomp/bankbb_part583_v2.c:98:3: warning: label 'L_D83C_M0X0' defined but not used [-Wunused-label]
   98 |   L_D83C_M0X0:
      |   ^~~~~~~~~~~
D:/l4t/DKC3Recomp/generated/snesrecomp/bankbb_part584_v2.c: In function 'CODE_BBD842_M0X0':
D:/l4t/DKC3Recomp/generated/snesrecomp/bankbb_part584_v2.c:55:3: warning: label 'L_D842_M0X0' defined but not used [-Wunused-label]
   55 |   L_D842_M0X0:
      |   ^~~~~~~~~~~
D:/l4t/DKC3Recomp/generated/snesrecomp/bankbb_part589_v2.c: In function 'CODE_BBD89C_M0X0':
D:/l4t/DKC3Recomp/generated/snesrecomp/bankbb_part589_v2.c:51:3: warning: label 'L_D89C_M0X0' defined but not used [-Wunused-label]
   51 |   L_D89C_M0X0:
      |   ^~~~~~~~~~~
D:/l4t/DKC3Recomp/generated/snesrecomp/bankbb_part58_v2.c: In function 'CODE_BB8582_M0X0':
D:/l4t/DKC3Recomp/generated/snesrecomp/bankbb_part58_v2.c:57:3: warning: label 'L_8582_M0X0' defined but not used [-Wunused-label]
   57 |   L_8582_M0X0:
      |   ^~~~~~~~~~~
D:/l4t/DKC3Recomp/generated/snesrecomp/bankbb_part58_v2.c: In function 'CODE_BB8585_M0X0':
D:/l4t/DKC3Recomp/generated/snesrecomp/bankbb_part58_v2.c:101:3: warning: label 'L_8585_M0X0' defined but not used [-Wunused-label]
  101 |   L_8585_M0X0:
      |   ^~~~~~~~~~~
D:/l4t/DKC3Recomp/generated/snesrecomp/bankbb_part58_v2.c: In function 'CODE_BB8588_M0X0':
D:/l4t/DKC3Recomp/generated/snesrecomp/bankbb_part58_v2.c:145:3: warning: label 'L_8588_M0X0' defined but not used [-Wunused-label]
  145 |   L_8588_M0X0:
      |   ^~~~~~~~~~~
D:/l4t/DKC3Recomp/generated/snesrecomp/bankbb_part58_v2.c: In function 'apply_spawn_script_to_slot_M0X0':
D:/l4t/DKC3Recomp/generated/snesrecomp/bankbb_part58_v2.c:429:3: warning: label 'L_858E_M0X0' defined but not used [-Wunused-label]
  429 |   L_858E_M0X0:
      |   ^~~~~~~~~~~
D:/l4t/DKC3Recomp/generated/snesrecomp/bankbb_part58b_v2.c: In function 'CODE_BBD8B6_M0X0':
D:/l4t/DKC3Recomp/generated/snesrecomp/bankbb_part58b_v2.c:50:3: warning: label 'L_D8B6_M0X0' defined but not used [-Wunused-label]
   50 |   L_D8B6_M0X0:
      |   ^~~~~~~~~~~
D:/l4t/DKC3Recomp/generated/snesrecomp/bankbb_part58c_v2.c: In function 'CODE_BBD8C9_M0X0':
D:/l4t/DKC3Recomp/generated/snesrecomp/bankbb_part58c_v2.c:51:3: warning: label 'L_D8C9_M0X0' defined but not used [-Wunused-label]
   51 |   L_D8C9_M0X0:
      |   ^~~~~~~~~~~
D:/l4t/DKC3Recomp/generated/snesrecomp/bankbb_part591_v2.c: In function 'CODE_BBD915_M0X0':
D:/l4t/DKC3Recomp/generated/snesrecomp/bankbb_part591_v2.c:49:3: warning: label 'L_D915_M0X0' defined but not used [-Wunused-label]
   49 |   L_D915_M0X0:
      |   ^~~~~~~~~~~
D:/l4t/DKC3Recomp/generated/snesrecomp/bankbb_part594_v2.c: In function 'CODE_BBD944_M0X0':
D:/l4t/DKC3Recomp/generated/snesrecomp/bankbb_part594_v2.c:49:3: warning: label 'L_D944_M0X0' defined but not used [-Wunused-label]
   49 |   L_D944_M0X0:
      |   ^~~~~~~~~~~
D:/l4t/DKC3Recomp/generated/snesrecomp/bankbb_part597_v2.c: In function 'CODE_BBD974_M0X0':
D:/l4t/DKC3Recomp/generated/snesrecomp/bankbb_part597_v2.c:54:3: warning: label 'L_D974_M0X0' defined but not used [-Wunused-label]
   54 |   L_D974_M0X0:
      |   ^~~~~~~~~~~
D:/l4t/DKC3Recomp/generated/snesrecomp/bankbb_part597_v2.c: In function 'floor_door_main_M0X0':
D:/l4t/DKC3Recomp/generated/snesrecomp/bankbb_part597_v2.c:170:3: warning: label 'L_D97E_M0X0' defined but not used [-Wunused-label]
  170 |   L_D97E_M0X0:
      |   ^~~~~~~~~~~
D:/l4t/DKC3Recomp/generated/snesrecomp/bankbb_part598_v2.c: In function 'CODE_BBD989_M0X0':
D:/l4t/DKC3Recomp/generated/snesrecomp/bankbb_part598_v2.c:51:3: warning: label 'L_D989_M0X0' defined but not used [-Wunused-label]
   51 |   L_D989_M0X0:
      |   ^~~~~~~~~~~
D:/l4t/DKC3Recomp/generated/snesrecomp/bankbb_part59_v2.c: In function 'delete_sprite_handle_deallocation_M0X0':
D:/l4t/DKC3Recomp/generated/snesrecomp/bankbb_part59_v2.c:58:3: warning: label 'L_8591_M0X0' defined but not used [-Wunused-label]
   58 |   L_8591_M0X0:
      |   ^~~~~~~~~~~
D:/l4t/DKC3Recomp/generated/snesrecomp/bankbb_part59_v2.c: In function 'delete_sprite_no_deallocation_M0X0':
D:/l4t/DKC3Recomp/generated/snesrecomp/bankbb_part59_v2.c:102:3: warning: label 'L_8594_M0X0' defined but not used [-Wunused-label]
  102 |   L_8594_M0X0:
      |   ^~~~~~~~~~~
D:/l4t/DKC3Recomp/generated/snesrecomp/bankbb_part59_v2.c: In function 'CODE_BB8597_M0X0':
D:/l4t/DKC3Recomp/generated/snesrecomp/bankbb_part59_v2.c:146:3: warning: label 'L_8597_M0X0' defined but not used [-Wunused-label]
  146 |   L_8597_M0X0:
      |   ^~~~~~~~~~~
D:/l4t/DKC3Recomp/generated/snesrecomp/bankbb_part59_v2.c: In function 'CODE_BB859A_M0X0':
D:/l4t/DKC3Recomp/generated/snesrecomp/bankbb_part59_v2.c:340:3: warning: label 'L_859A_M0X0' defined but not used [-Wunused-label]
  340 |   L_859A_M0X0:
      |   ^~~~~~~~~~~
D:/l4t/DKC3Recomp/generated/snesrecomp/bankbb_part59_v2.c: In function 'CODE_BB859D_M0X0':
D:/l4t/DKC3Recomp/generated/snesrecomp/bankbb_part59_v2.c:384:3: warning: label 'L_859D_M0X0' defined but not used [-Wunused-label]
  384 |   L_859D_M0X0:
      |   ^~~~~~~~~~~
D:/l4t/DKC3Recomp/generated/snesrecomp/bankbb_part59b_v2.c: In function 'CODE_BBD9B3_M0X0':
D:/l4t/DKC3Recomp/generated/snesrecomp/bankbb_part59b_v2.c:51:3: warning: label 'L_D9B3_M0X0' defined but not used [-Wunused-label]
   51 |   L_D9B3_M0X0:
      |   ^~~~~~~~~~~
D:/l4t/DKC3Recomp/generated/snesrecomp/bankbb_part59e_v2.c: In function 'CODE_BBD9E3_M0X0':
D:/l4t/DKC3Recomp/generated/snesrecomp/bankbb_part59e_v2.c:52:3: warning: label 'L_D9E3_M0X0' defined but not used [-Wunused-label]
   52 |   L_D9E3_M0X0:
      |   ^~~~~~~~~~~
D:/l4t/DKC3Recomp/generated/snesrecomp/bankbb_part5a3_v2.c: In function 'CODE_BBDA3B_M0X0':
D:/l4t/DKC3Recomp/generated/snesrecomp/bankbb_part5a3_v2.c:51:3: warning: label 'L_DA3B_M0X0' defined but not used [-Wunused-label]
   51 |   L_DA3B_M0X0:
      |   ^~~~~~~~~~~
D:/l4t/DKC3Recomp/generated/snesrecomp/bankbb_part5a8_v2.c: In function 'CODE_BBDA8F_M0X0':
D:/l4t/DKC3Recomp/generated/snesrecomp/bankbb_part5a8_v2.c:50:3: warning: label 'L_DA8F_M0X0' defined but not used [-Wunused-label]
   50 |   L_DA8F_M0X0:
      |   ^~~~~~~~~~~
D:/l4t/DKC3Recomp/generated/snesrecomp/bankbb_part5a_v2.c: In function 'CODE_BB85A0_M0X0':
D:/l4t/DKC3Recomp/generated/snesrecomp/bankbb_part5a_v2.c:56:3: warning: label 'L_85A0_M0X0' defined but not used [-Wunused-label]
   56 |   L_85A0_M0X0:
      |   ^~~~~~~~~~~
D:/l4t/DKC3Recomp/generated/snesrecomp/bankbb_part5a_v2.c: In function 'CODE_BB85A3_M0X0':
D:/l4t/DKC3Recomp/generated/snesrecomp/bankbb_part5a_v2.c:100:3: warning: label 'L_85A3_M0X0' defined but not used [-Wunused-label]
  100 |   L_85A3_M0X0:
      |   ^~~~~~~~~~~
D:/l4t/DKC3Recomp/generated/snesrecomp/bankbb_part5a_v2.c: In function 'CODE_BB85A9_M0X0':
D:/l4t/DKC3Recomp/generated/snesrecomp/bankbb_part5a_v2.c:424:3: warning: label 'L_85A9_M0X0' defined but not used [-Wunused-label]
  424 |   L_85A9_M0X0:
      |   ^~~~~~~~~~~
D:/l4t/DKC3Recomp/generated/snesrecomp/bankbb_part5a_v2.c: In function 'CODE_BB85AC_M0X0':
D:/l4t/DKC3Recomp/generated/snesrecomp/bankbb_part5a_v2.c:587:3: warning: label 'L_85AC_M0X0' defined but not used [-Wunused-label]
  587 |   L_85AC_M0X0:
      |   ^~~~~~~~~~~
D:/l4t/DKC3Recomp/generated/snesrecomp/bankbb_part5a_v2.c: In function 'CODE_BB85AF_M0X0':
D:/l4t/DKC3Recomp/generated/snesrecomp/bankbb_part5a_v2.c:1189:3: warning: label 'L_85AF_M0X0' defined but not used [-Wunused-label]
 1189 |   L_85AF_M0X0:
      |   ^~~~~~~~~~~
D:/l4t/DKC3Recomp/generated/snesrecomp/bankbb_part5ac_v2.c: In function 'CODE_BBDAC5_M0X0':
D:/l4t/DKC3Recomp/generated/snesrecomp/bankbb_part5ac_v2.c:50:3: warning: label 'L_DAC5_M0X0' defined but not used [-Wunused-label]
   50 |   L_DAC5_M0X0:
      |   ^~~~~~~~~~~
D:/l4t/DKC3Recomp/generated/snesrecomp/bankbb_part5b_v2.c: In function 'CODE_BB85B2_M0X0':
D:/l4t/DKC3Recomp/generated/snesrecomp/bankbb_part5b_v2.c:74:3: warning: label 'L_85B2_M0X0' defined but not used [-Wunused-label]
   74 |   L_85B2_M0X0:
      |   ^~~~~~~~~~~
D:/l4t/DKC3Recomp/generated/snesrecomp/bankbb_part5b_v2.c: In function 'CODE_BB85B5_M0X0':
D:/l4t/DKC3Recomp/generated/snesrecomp/bankbb_part5b_v2.c:1326:3: warning: label 'L_85B5_M0X0' defined but not used [-Wunused-label]
 1326 |   L_85B5_M0X0:
      |   ^~~~~~~~~~~
D:/l4t/DKC3Recomp/generated/snesrecomp/bankbb_part5b_v2.c: In function 'CODE_BB85B8_M0X0':
D:/l4t/DKC3Recomp/generated/snesrecomp/bankbb_part5b_v2.c:1370:3: warning: label 'L_85B8_M0X0' defined but not used [-Wunused-label]
 1370 |   L_85B8_M0X0:
      |   ^~~~~~~~~~~
D:/l4t/DKC3Recomp/generated/snesrecomp/bankbb_part5b_v2.c: In function 'CODE_BB85BB_M0X0':
D:/l4t/DKC3Recomp/generated/snesrecomp/bankbb_part5b_v2.c:1414:3: warning: label 'L_85BB_M0X0' defined but not used [-Wunused-label]
 1414 |   L_85BB_M0X0:
      |   ^~~~~~~~~~~
D:/l4t/DKC3Recomp/generated/snesrecomp/bankbb_part5b_v2.c: In function 'CODE_BB85BE_M0X0':
D:/l4t/DKC3Recomp/generated/snesrecomp/bankbb_part5b_v2.c:1587:3: warning: label 'L_85BE_M0X0' defined but not used [-Wunused-label]
 1587 |   L_85BE_M0X0:
      |   ^~~~~~~~~~~
D:/l4t/DKC3Recomp/generated/snesrecomp/bankbb_part5ba_v2.c: In function 'kongfused_cliffs_autoscroll_main_M0X0':
D:/l4t/DKC3Recomp/generated/snesrecomp/bankbb_part5ba_v2.c:52:3: warning: label 'L_DBA5_M0X0' defined but not used [-Wunused-label]
   52 |   L_DBA5_M0X0:
      |   ^~~~~~~~~~~
D:/l4t/DKC3Recomp/generated/snesrecomp/bankbb_part5bd_v2.c: In function 'CODE_BBDBD0_M0X0':
D:/l4t/DKC3Recomp/generated/snesrecomp/bankbb_part5bd_v2.c:50:3: warning: label 'L_DBD0_M0X0' defined but not used [-Wunused-label]
   50 |   L_DBD0_M0X0:
      |   ^~~~~~~~~~~
D:/l4t/DKC3Recomp/generated/snesrecomp/bankbb_part5bf_v2.c: In function 'CODE_BBDBF5_M0X0':
D:/l4t/DKC3Recomp/generated/snesrecomp/bankbb_part5bf_v2.c:53:3: warning: label 'L_DBF5_M0X0' defined but not used [-Wunused-label]
   53 |   L_DBF5_M0X0:
      |   ^~~~~~~~~~~
D:/l4t/DKC3Recomp/generated/snesrecomp/bankbb_part5c3_v2.c: In function 'CODE_BBDC3D_M0X0':
D:/l4t/DKC3Recomp/generated/snesrecomp/bankbb_part5c3_v2.c:53:3: warning: label 'L_DC3D_M0X0' defined but not used [-Wunused-label]
   53 |   L_DC3D_M0X0:
      |   ^~~~~~~~~~~
D:/l4t/DKC3Recomp/generated/snesrecomp/bankbb_part5c6_v2.c: In function 'CODE_BBDC64_M0X0':
D:/l4t/DKC3Recomp/generated/snesrecomp/bankbb_part5c6_v2.c:49:3: warning: label 'L_DC64_M0X0' defined but not used [-Wunused-label]
   49 |   L_DC64_M0X0:
      |   ^~~~~~~~~~~
D:/l4t/DKC3Recomp/generated/snesrecomp/bankbb_part5c_v2.c: In function 'sprite_handler_M0X0':
D:/l4t/DKC3Recomp/generated/snesrecomp/bankbb_part5c_v2.c:62:3: warning: label 'L_85C1_M0X0' defined but not used [-Wunused-label]
   62 |   L_85C1_M0X0:
      |   ^~~~~~~~~~~
D:/l4t/DKC3Recomp/generated/snesrecomp/bankbb_part5c_v2.c: In function 'CODE_BB85C4_M0X0':
D:/l4t/DKC3Recomp/generated/snesrecomp/bankbb_part5c_v2.c:106:3: warning: label 'L_85C4_M0X0' defined but not used [-Wunused-label]
  106 |   L_85C4_M0X0:
      |   ^~~~~~~~~~~
D:/l4t/DKC3Recomp/generated/snesrecomp/bankbb_part5c_v2.c: In function 'CODE_BB85C7_M0X0':
D:/l4t/DKC3Recomp/generated/snesrecomp/bankbb_part5c_v2.c:248:3: warning: label 'L_85C7_M0X0' defined but not used [-Wunused-label]
  248 |   L_85C7_M0X0:
      |   ^~~~~~~~~~~
D:/l4t/DKC3Recomp/generated/snesrecomp/bankbb_part5c_v2.c: In function 'CODE_BB85CA_M0X0':
D:/l4t/DKC3Recomp/generated/snesrecomp/bankbb_part5c_v2.c:799:3: warning: label 'L_85CA_M0X0' defined but not used [-Wunused-label]
  799 |   L_85CA_M0X0:
      |   ^~~~~~~~~~~
D:/l4t/DKC3Recomp/generated/snesrecomp/bankbb_part5c_v2.c: In function 'CODE_BB85CD_M0X0':
D:/l4t/DKC3Recomp/generated/snesrecomp/bankbb_part5c_v2.c:1054:3: warning: label 'L_85CD_M0X0' defined but not used [-Wunused-label]
 1054 |   L_85CD_M0X0:
      |   ^~~~~~~~~~~
D:/l4t/DKC3Recomp/generated/snesrecomp/bankbb_part5ca_v2.c: In function 'CODE_BBDCA3_M0X0':
D:/l4t/DKC3Recomp/generated/snesrecomp/bankbb_part5ca_v2.c:50:3: warning: label 'L_DCA3_M0X0' defined but not used [-Wunused-label]
   50 |   L_DCA3_M0X0:
      |   ^~~~~~~~~~~
D:/l4t/DKC3Recomp/generated/snesrecomp/bankbb_part5ce_v2.c: In function 'CODE_BBDCE4_M0X0':
D:/l4t/DKC3Recomp/generated/snesrecomp/bankbb_part5ce_v2.c:51:3: warning: label 'L_DCE4_M0X0' defined but not used [-Wunused-label]
   51 |   L_DCE4_M0X0:
      |   ^~~~~~~~~~~
D:/l4t/DKC3Recomp/generated/snesrecomp/bankbb_part5d2_v2.c: In function 'CODE_BBDD25_M0X0':
D:/l4t/DKC3Recomp/generated/snesrecomp/bankbb_part5d2_v2.c:49:3: warning: label 'L_DD25_M0X0' defined but not used [-Wunused-label]
   49 |   L_DD25_M0X0:
      |   ^~~~~~~~~~~
D:/l4t/DKC3Recomp/generated/snesrecomp/bankbb_part5d5_v2.c: In function 'rope_fire_main_M0X0':
D:/l4t/DKC3Recomp/generated/snesrecomp/bankbb_part5d5_v2.c:49:3: warning: label 'L_DD5F_M0X0' defined but not used [-Wunused-label]
   49 |   L_DD5F_M0X0:
      |   ^~~~~~~~~~~
D:/l4t/DKC3Recomp/generated/snesrecomp/bankbb_part5d9_v2.c: In function 'unknown_sprite_0160_main_M0X0':
D:/l4t/DKC3Recomp/generated/snesrecomp/bankbb_part5d9_v2.c:54:3: warning: label 'L_DD96_M0X0' defined but not used [-Wunused-label]
   54 |   L_DD96_M0X0:
      |   ^~~~~~~~~~~
D:/l4t/DKC3Recomp/generated/snesrecomp/bankbb_part5d9_v2.c: In function 'CODE_BBDD9D_M0X0':
D:/l4t/DKC3Recomp/generated/snesrecomp/bankbb_part5d9_v2.c:132:3: warning: label 'L_DD9D_M0X0' defined but not used [-Wunused-label]
  132 |   L_DD9D_M0X0:
      |   ^~~~~~~~~~~
D:/l4t/DKC3Recomp/generated/snesrecomp/bankbb_part5d_v2.c: In function 'enable_timestop_M0X0':
D:/l4t/DKC3Recomp/generated/snesrecomp/bankbb_part5d_v2.c:55:3: warning: label 'L_85D0_M0X0' defined but not used [-Wunused-label]
   55 |   L_85D0_M0X0:
      |   ^~~~~~~~~~~
D:/l4t/DKC3Recomp/generated/snesrecomp/bankbb_part5d_v2.c: In function 'disable_timestop_M0X0':
D:/l4t/DKC3Recomp/generated/snesrecomp/bankbb_part5d_v2.c:170:3: warning: label 'L_85D3_M0X0' defined but not used [-Wunused-label]
  170 |   L_85D3_M0X0:
      |   ^~~~~~~~~~~
D:/l4t/DKC3Recomp/generated/snesrecomp/bankbb_part5d_v2.c: In function 'CODE_BB85D6_M0X0':
D:/l4t/DKC3Recomp/generated/snesrecomp/bankbb_part5d_v2.c:285:3: warning: label 'L_85D6_M0X0' defined but not used [-Wunused-label]
  285 |   L_85D6_M0X0:
      |   ^~~~~~~~~~~
D:/l4t/DKC3Recomp/generated/snesrecomp/bankbb_part5d_v2.c: In function 'CODE_BB85D9_M0X0':
D:/l4t/DKC3Recomp/generated/snesrecomp/bankbb_part5d_v2.c:457:3: warning: label 'L_85D9_M0X0' defined but not used [-Wunused-label]
  457 |   L_85D9_M0X0:
      |   ^~~~~~~~~~~
D:/l4t/DKC3Recomp/generated/snesrecomp/bankbb_part5d_v2.c: In function 'CODE_BB85DC_M0X0':
D:/l4t/DKC3Recomp/generated/snesrecomp/bankbb_part5d_v2.c:599:3: warning: label 'L_85DC_M0X0' defined but not used [-Wunused-label]
  599 |   L_85DC_M0X0:
      |   ^~~~~~~~~~~
D:/l4t/DKC3Recomp/generated/snesrecomp/bankbb_part5e2_v2.c: In function 'CODE_BBDE22_M0X0':
D:/l4t/DKC3Recomp/generated/snesrecomp/bankbb_part5e2_v2.c:51:3: warning: label 'L_DE22_M0X0' defined but not used [-Wunused-label]
   51 |   L_DE22_M0X0:
      |   ^~~~~~~~~~~
D:/l4t/DKC3Recomp/generated/snesrecomp/bankbb_part5e4_v2.c: In function 'CODE_BBDE42_M0X0':
D:/l4t/DKC3Recomp/generated/snesrecomp/bankbb_part5e4_v2.c:50:3: warning: label 'L_DE42_M0X0' defined but not used [-Wunused-label]
   50 |   L_DE42_M0X0:
      |   ^~~~~~~~~~~
D:/l4t/DKC3Recomp/generated/snesrecomp/bankbb_part5e6_v2.c: In function 'CODE_BBDE63_M0X0':
D:/l4t/DKC3Recomp/generated/snesrecomp/bankbb_part5e6_v2.c:49:3: warning: label 'L_DE63_M0X0' defined but not used [-Wunused-label]
   49 |   L_DE63_M0X0:
      |   ^~~~~~~~~~~
D:/l4t/DKC3Recomp/generated/snesrecomp/bankbb_part5e_v2.c: In function 'CODE_BB85E2_M0X0':
D:/l4t/DKC3Recomp/generated/snesrecomp/bankbb_part5e_v2.c:57:3: warning: label 'L_85E2_M0X0' defined but not used [-Wunused-label]
   57 |   L_85E2_M0X0:
      |   ^~~~~~~~~~~
D:/l4t/DKC3Recomp/generated/snesrecomp/bankbb_part5e_v2.c: In function 'CODE_BB85E5_M0X0':
D:/l4t/DKC3Recomp/generated/snesrecomp/bankbb_part5e_v2.c:101:3: warning: label 'L_85E5_M0X0' defined but not used [-Wunused-label]
  101 |   L_85E5_M0X0:
      |   ^~~~~~~~~~~
D:/l4t/DKC3Recomp/generated/snesrecomp/bankbb_part5e_v2.c: In function 'CODE_BB85E8_M0X0':
D:/l4t/DKC3Recomp/generated/snesrecomp/bankbb_part5e_v2.c:540:3: warning: label 'L_85E8_M0X0' defined but not used [-Wunused-label]
  540 |   L_85E8_M0X0:
      |   ^~~~~~~~~~~
D:/l4t/DKC3Recomp/generated/snesrecomp/bankbb_part5e_v2.c: In function 'CODE_BB85EB_M0X0':
D:/l4t/DKC3Recomp/generated/snesrecomp/bankbb_part5e_v2.c:724:3: warning: label 'L_85EB_M0X0' defined but not used [-Wunused-label]
  724 |   L_85EB_M0X0:
      |   ^~~~~~~~~~~
D:/l4t/DKC3Recomp/generated/snesrecomp/bankbb_part5e_v2.c: In function 'CODE_BB85EE_M0X0':
D:/l4t/DKC3Recomp/generated/snesrecomp/bankbb_part5e_v2.c:866:3: warning: label 'L_85EE_M0X0' defined but not used [-Wunused-label]
  866 |   L_85EE_M0X0:
      |   ^~~~~~~~~~~
D:/l4t/DKC3Recomp/generated/snesrecomp/bankbb_part5f1_v2.c: In function 'unknown_sprite_0140_main_M0X0':
D:/l4t/DKC3Recomp/generated/snesrecomp/bankbb_part5f1_v2.c:53:3: warning: label 'L_DF1D_M0X0' defined but not used [-Wunused-label]
   53 |   L_DF1D_M0X0:
      |   ^~~~~~~~~~~
D:/l4t/DKC3Recomp/generated/snesrecomp/bankbb_part5f2_v2.c: In function 'CODE_BBDF28_M0X0':
D:/l4t/DKC3Recomp/generated/snesrecomp/bankbb_part5f2_v2.c:51:3: warning: label 'L_DF28_M0X0' defined but not used [-Wunused-label]
   51 |   L_DF28_M0X0:
      |   ^~~~~~~~~~~
D:/l4t/DKC3Recomp/generated/snesrecomp/bankbb_part5f3_v2.c: In function 'CODE_BBDF36_M0X0':
D:/l4t/DKC3Recomp/generated/snesrecomp/bankbb_part5f3_v2.c:51:3: warning: label 'L_DF36_M0X0' defined but not used [-Wunused-label]
   51 |   L_DF36_M0X0:
      |   ^~~~~~~~~~~
D:/l4t/DKC3Recomp/generated/snesrecomp/bankbb_part5f5_v2.c: In function 'CODE_BBDF53_M0X0':
D:/l4t/DKC3Recomp/generated/snesrecomp/bankbb_part5f5_v2.c:53:3: warning: label 'L_DF53_M0X0' defined but not used [-Wunused-label]
   53 |   L_DF53_M0X0:
      |   ^~~~~~~~~~~
D:/l4t/DKC3Recomp/generated/snesrecomp/bankbb_part5f5_v2.c: In function 'CODE_BBDF5D_M0X0':
D:/l4t/DKC3Recomp/generated/snesrecomp/bankbb_part5f5_v2.c:190:3: warning: label 'L_DF5D_M0X0' defined but not used [-Wunused-label]
  190 |   L_DF5D_M0X0:
      |   ^~~~~~~~~~~
D:/l4t/DKC3Recomp/generated/snesrecomp/bankbb_part5f_v2.c: In function 'CODE_BB85F4_M0X0':
D:/l4t/DKC3Recomp/generated/snesrecomp/bankbb_part5f_v2.c:57:3: warning: label 'L_85F4_M0X0' defined but not used [-Wunused-label]
   57 |   L_85F4_M0X0:
      |   ^~~~~~~~~~~
D:/l4t/DKC3Recomp/generated/snesrecomp/bankbb_part5f_v2.c: In function 'CODE_BB85F7_M0X0':
D:/l4t/DKC3Recomp/generated/snesrecomp/bankbb_part5f_v2.c:101:3: warning: label 'L_85F7_M0X0' defined but not used [-Wunused-label]
  101 |   L_85F7_M0X0:
      |   ^~~~~~~~~~~
D:/l4t/DKC3Recomp/generated/snesrecomp/bankbb_part5f_v2.c: In function 'CODE_BB85FA_M0X0':
D:/l4t/DKC3Recomp/generated/snesrecomp/bankbb_part5f_v2.c:145:3: warning: label 'L_85FA_M0X0' defined but not used [-Wunused-label]
  145 |   L_85FA_M0X0:
      |   ^~~~~~~~~~~
D:/l4t/DKC3Recomp/generated/snesrecomp/bankbb_part5f_v2.c: In function 'CODE_BB85FD_M0X0':
D:/l4t/DKC3Recomp/generated/snesrecomp/bankbb_part5f_v2.c:349:3: warning: label 'L_85FD_M0X0' defined but not used [-Wunused-label]
  349 |   L_85FD_M0X0:
      |   ^~~~~~~~~~~
D:/l4t/DKC3Recomp/generated/snesrecomp/bankbb_part60_v2.c: In function 'CODE_BB8600_M0X0':
D:/l4t/DKC3Recomp/generated/snesrecomp/bankbb_part60_v2.c:70:3: warning: label 'L_8600_M0X0' defined but not used [-Wunused-label]
   70 |   L_8600_M0X0:
      |   ^~~~~~~~~~~
D:/l4t/DKC3Recomp/generated/snesrecomp/bankbb_part60_v2.c: In function 'CODE_BB8603_M0X0':
D:/l4t/DKC3Recomp/generated/snesrecomp/bankbb_part60_v2.c:435:3: warning: label 'L_8603_M0X0' defined but not used [-Wunused-label]
  435 |   L_8603_M0X0:
      |   ^~~~~~~~~~~
D:/l4t/DKC3Recomp/generated/snesrecomp/bankbb_part60_v2.c: In function 'CODE_BB8606_M0X0':
D:/l4t/DKC3Recomp/generated/snesrecomp/bankbb_part60_v2.c:707:3: warning: label 'L_8606_M0X0' defined but not used [-Wunused-label]
  707 |   L_8606_M0X0:
      |   ^~~~~~~~~~~
D:/l4t/DKC3Recomp/generated/snesrecomp/bankbb_part60_v2.c: In function 'CODE_BB8609_M0X0':
D:/l4t/DKC3Recomp/generated/snesrecomp/bankbb_part60_v2.c:1347:3: warning: label 'L_8609_M0X0' defined but not used [-Wunused-label]
 1347 |   L_8609_M0X0:
      |   ^~~~~~~~~~~
D:/l4t/DKC3Recomp/generated/snesrecomp/bankbb_part60_v2.c: In function 'CODE_BB860C_M0X0':
D:/l4t/DKC3Recomp/generated/snesrecomp/bankbb_part60_v2.c:1489:3: warning: label 'L_860C_M0X0' defined but not used [-Wunused-label]
 1489 |   L_860C_M0X0:
      |   ^~~~~~~~~~~
D:/l4t/DKC3Recomp/generated/snesrecomp/bankbb_part60_v2.c: In function 'CODE_BB860F_M0X0':
D:/l4t/DKC3Recomp/generated/snesrecomp/bankbb_part60_v2.c:1779:3: warning: label 'L_860F_M0X0' defined but not used [-Wunused-label]
 1779 |   L_860F_M0X0:
      |   ^~~~~~~~~~~
D:/l4t/DKC3Recomp/generated/snesrecomp/bankbb_part61_v2.c: In function 'CODE_BB8615_M0X0':
D:/l4t/DKC3Recomp/generated/snesrecomp/bankbb_part61_v2.c:49:3: warning: label 'L_8615_M0X0' defined but not used [-Wunused-label]
   49 |   L_8615_M0X0:
      |   ^~~~~~~~~~~
D:/l4t/DKC3Recomp/generated/snesrecomp/bankbb_part62_v2.c: In function 'CODE_BB862F_M0X0':
D:/l4t/DKC3Recomp/generated/snesrecomp/bankbb_part62_v2.c:50:3: warning: label 'L_862F_M0X0' defined but not used [-Wunused-label]
   50 |   L_862F_M0X0:
      |   ^~~~~~~~~~~
D:/l4t/DKC3Recomp/generated/snesrecomp/bankbb_parta3_v2.c: In function 'CODE_BB8A3F_M0X0':
D:/l4t/DKC3Recomp/generated/snesrecomp/bankbb_parta3_v2.c:49:3: warning: label 'L_8A3F_M0X0' defined but not used [-Wunused-label]
   49 |   L_8A3F_M0X0:
      |   ^~~~~~~~~~~
D:/l4t/DKC3Recomp/generated/snesrecomp/bankbb_partc7_v2.c: In function 'CODE_BB8C76_M0X0':
D:/l4t/DKC3Recomp/generated/snesrecomp/bankbb_partc7_v2.c:49:3: warning: label 'L_8C76_M0X0' defined but not used [-Wunused-label]
   49 |   L_8C76_M0X0:
      |   ^~~~~~~~~~~
D:/l4t/DKC3Recomp/generated/snesrecomp/bankbb_parte3_v2.c: In function 'CODE_BB8E38_M0X0':
D:/l4t/DKC3Recomp/generated/snesrecomp/bankbb_parte3_v2.c:50:3: warning: label 'L_8E38_M0X0' defined but not used [-Wunused-label]
   50 |   L_8E38_M0X0:
      |   ^~~~~~~~~~~
D:/l4t/DKC3Recomp/generated/snesrecomp/bankbb_parte5_v2.c: In function 'CODE_BB8E53_M0X0':
D:/l4t/DKC3Recomp/generated/snesrecomp/bankbb_parte5_v2.c:50:3: warning: label 'L_8E53_M0X0' defined but not used [-Wunused-label]
   50 |   L_8E53_M0X0:
      |   ^~~~~~~~~~~
D:/l4t/DKC3Recomp/generated/snesrecomp/bankbb_partef_v2.c: In function 'init_sprite_render_order_M0X0':
D:/l4t/DKC3Recomp/generated/snesrecomp/bankbb_partef_v2.c:49:3: warning: label 'L_8EFD_M0X0' defined but not used [-Wunused-label]
   49 |   L_8EFD_M0X0:
      |   ^~~~~~~~~~~
D:/l4t/DKC3Recomp/generated/snesrecomp/bankbb_partf1_v2.c: In function 'CODE_BB8F12_M0X0':
D:/l4t/DKC3Recomp/generated/snesrecomp/bankbb_partf1_v2.c:51:3: warning: label 'L_8F12_M0X0' defined but not used [-Wunused-label]
   51 |   L_8F12_M0X0:
      |   ^~~~~~~~~~~
D:/l4t/DKC3Recomp/generated/snesrecomp/bankbb_partf3_v2.c: In function 'CODE_BB8F34_M0X0':
D:/l4t/DKC3Recomp/generated/snesrecomp/bankbb_partf3_v2.c:51:3: warning: label 'L_8F34_M0X0' defined but not used [-Wunused-label]
   51 |   L_8F34_M0X0:
      |   ^~~~~~~~~~~
D:/l4t/DKC3Recomp/generated/snesrecomp/bankbb_partf6_v2.c: In function 'CODE_BB8F61_M0X0':
D:/l4t/DKC3Recomp/generated/snesrecomp/bankbb_partf6_v2.c:51:3: warning: label 'L_8F61_M0X0' defined but not used [-Wunused-label]
   51 |   L_8F61_M0X0:
      |   ^~~~~~~~~~~
D:/l4t/DKC3Recomp/generated/snesrecomp/bankbb_partf7_v2.c: In function 'CODE_BB8F78_M0X0':
D:/l4t/DKC3Recomp/generated/snesrecomp/bankbb_partf7_v2.c:51:3: warning: label 'L_8F78_M0X0' defined but not used [-Wunused-label]
   51 |   L_8F78_M0X0:
      |   ^~~~~~~~~~~
D:/l4t/DKC3Recomp/generated/snesrecomp/bankbb_partf8_v2.c: In function 'CODE_BB8F8B_M0X0':
D:/l4t/DKC3Recomp/generated/snesrecomp/bankbb_partf8_v2.c:49:3: warning: label 'L_8F8B_M0X0' defined but not used [-Wunused-label]
   49 |   L_8F8B_M0X0:
      |   ^~~~~~~~~~~
D:/l4t/DKC3Recomp/generated/snesrecomp/bankbb_partfa_v2.c: In function 'CODE_BB8FA4_M0X0':
D:/l4t/DKC3Recomp/generated/snesrecomp/bankbb_partfa_v2.c:51:3: warning: label 'L_8FA4_M0X0' defined but not used [-Wunused-label]
   51 |   L_8FA4_M0X0:
      |   ^~~~~~~~~~~
D:/l4t/DKC3Recomp/generated/snesrecomp/bankbb_partfc_v2.c: In function 'CODE_BB8FC8_M0X0':
D:/l4t/DKC3Recomp/generated/snesrecomp/bankbb_partfc_v2.c:51:3: warning: label 'L_8FC8_M0X0' defined but not used [-Wunused-label]
   51 |   L_8FC8_M0X0:
      |   ^~~~~~~~~~~
D:/l4t/DKC3Recomp/generated/snesrecomp/bankbb_partfd_v2.c: In function 'CODE_BB8FDD_M0X0':
D:/l4t/DKC3Recomp/generated/snesrecomp/bankbb_partfd_v2.c:50:3: warning: label 'L_8FDD_M0X0' defined but not used [-Wunused-label]
   50 |   L_8FDD_M0X0:
      |   ^~~~~~~~~~~
D:/l4t/DKC3Recomp/generated/snesrecomp/bankbb_partff_v2.c: In function 'apply_spawn_script_to_slot_direct_M0X0':
D:/l4t/DKC3Recomp/generated/snesrecomp/bankbb_partff_v2.c:51:3: warning: label 'L_8FF1_M0X0' defined but not used [-Wunused-label]
   51 |   L_8FF1_M0X0:
      |   ^~~~~~~~~~~
D:/l4t/DKC3Recomp/generated/snesrecomp/bankbb_partff_v2.c: In function 'parse_initscript_M0X0':
D:/l4t/DKC3Recomp/generated/snesrecomp/bankbb_partff_v2.c:123:3: warning: label 'L_8FF9_M0X0' defined but not used [-Wunused-label]
  123 |   L_8FF9_M0X0:
      |   ^~~~~~~~~~~
D:/l4t/DKC3Recomp/generated/snesrecomp/bankbc_v2.c: In function 'CODE_BCE2CB_M0X0':
D:/l4t/DKC3Recomp/generated/snesrecomp/bankbc_v2.c:144:3: warning: label 'L_E2CB_M0X0' defined but not used [-Wunused-label]
  144 |   L_E2CB_M0X0:
      |   ^~~~~~~~~~~
D:/l4t/DKC3Recomp/generated/snesrecomp/bankbc_v2.c: In function 'CODE_BCE2CE_M0X0':
D:/l4t/DKC3Recomp/generated/snesrecomp/bankbc_v2.c:304:3: warning: label 'L_E2CE_M0X0' defined but not used [-Wunused-label]
  304 |   L_E2CE_M0X0:
      |   ^~~~~~~~~~~
D:/l4t/DKC3Recomp/generated/snesrecomp/bankbc_v2.c: In function 'CODE_BCE2D4_M0X0':
D:/l4t/DKC3Recomp/generated/snesrecomp/bankbc_v2.c:554:3: warning: label 'L_E2D4_M0X0' defined but not used [-Wunused-label]
  554 |   L_E2D4_M0X0:
      |   ^~~~~~~~~~~
D:/l4t/DKC3Recomp/generated/snesrecomp/bankbc_v2.c: In function 'CODE_BCE2D7_M0X0':
D:/l4t/DKC3Recomp/generated/snesrecomp/bankbc_v2.c:1192:3: warning: label 'L_E2D7_M0X0' defined but not used [-Wunused-label]
 1192 |   L_E2D7_M0X0:
      |   ^~~~~~~~~~~
D:/l4t/DKC3Recomp/generated/snesrecomp/bankbc_v2.c: In function 'CODE_BCE2DD_M0X0':
D:/l4t/DKC3Recomp/generated/snesrecomp/bankbc_v2.c:1476:3: warning: label 'L_E2DD_M0X0' defined but not used [-Wunused-label]
 1476 |   L_E2DD_M0X0:
      |   ^~~~~~~~~~~
D:/l4t/DKC3Recomp/generated/snesrecomp/bankbc_v2.c: In function 'CODE_BCE2E0_M0X0':
D:/l4t/DKC3Recomp/generated/snesrecomp/bankbc_v2.c:1911:3: warning: label 'L_E2E0_M0X0' defined but not used [-Wunused-label]
 1911 |   L_E2E0_M0X0:
      |   ^~~~~~~~~~~
D:/l4t/DKC3Recomp/generated/snesrecomp/bankbc_v2.c: In function 'CODE_BCE2E6_M0X0':
D:/l4t/DKC3Recomp/generated/snesrecomp/bankbc_v2.c:2346:3: warning: label 'L_E2E6_M0X0' defined but not used [-Wunused-label]
 2346 |   L_E2E6_M0X0:
      |   ^~~~~~~~~~~
D:/l4t/DKC3Recomp/generated/snesrecomp/bankbc_v2.c: In function 'CODE_BCE2E9_M0X0':
D:/l4t/DKC3Recomp/generated/snesrecomp/bankbc_v2.c:2615:3: warning: label 'L_E2E9_M0X0' defined but not used [-Wunused-label]
 2615 |   L_E2E9_M0X0:
      |   ^~~~~~~~~~~
D:/l4t/DKC3Recomp/generated/snesrecomp/bankbc_v2.c: In function 'bank_BC_E2EC_M0X0':
D:/l4t/DKC3Recomp/generated/snesrecomp/bankbc_v2.c:2884:3: warning: label 'L_E2EC_M0X0' defined but not used [-Wunused-label]
 2884 |   L_E2EC_M0X0:
      |   ^~~~~~~~~~~
D:/l4t/DKC3Recomp/generated/snesrecomp/bankbc_v2.c: In function 'CODE_BCE2EF_M0X0':
D:/l4t/DKC3Recomp/generated/snesrecomp/bankbc_v2.c:3370:3: warning: label 'L_E2EF_M0X0' defined but not used [-Wunused-label]
 3370 |   L_E2EF_M0X0:
      |   ^~~~~~~~~~~
D:/l4t/DKC3Recomp/generated/snesrecomp/bankbc_v2.c: In function 'CODE_BCE2F2_M0X0':
D:/l4t/DKC3Recomp/generated/snesrecomp/bankbc_v2.c:3577:3: warning: label 'L_E2F2_M0X0' defined but not used [-Wunused-label]
 3577 |   L_E2F2_M0X0:
      |   ^~~~~~~~~~~
D:/l4t/DKC3Recomp/generated/snesrecomp/bankbc_v2.c: In function 'CODE_BCE3C0_M0X0':
D:/l4t/DKC3Recomp/generated/snesrecomp/bankbc_v2.c:3742:3: warning: label 'L_E3C0_M0X0' defined but not used [-Wunused-label]
 3742 |   L_E3C0_M0X0:
      |   ^~~~~~~~~~~
D:/l4t/DKC3Recomp/generated/snesrecomp/bankbc_v2.c: In function 'populate_sprite_clipping_M0X0':
D:/l4t/DKC3Recomp/generated/snesrecomp/bankbc_v2.c:4123:3: warning: label 'L_E425_M0X0' defined but not used [-Wunused-label]
 4123 |   L_E425_M0X0:
      |   ^~~~~~~~~~~
D:/l4t/DKC3Recomp/generated/snesrecomp/bankbc_v2.c: In function 'CODE_BCE43C_M0X0':
D:/l4t/DKC3Recomp/generated/snesrecomp/bankbc_v2.c:4320:3: warning: label 'L_E43C_M0X0' defined but not used [-Wunused-label]
 4320 |   L_E43C_M0X0:
      |   ^~~~~~~~~~~
D:/l4t/DKC3Recomp/generated/snesrecomp/bankbc_v2.c: In function 'CODE_BCE4A5_M0X0':
D:/l4t/DKC3Recomp/generated/snesrecomp/bankbc_v2.c:4517:3: warning: label 'L_E4A5_M0X0' defined but not used [-Wunused-label]
 4517 |   L_E4A5_M0X0:
      |   ^~~~~~~~~~~
D:/l4t/DKC3Recomp/generated/snesrecomp/bankbc_v2.c: In function 'CODE_BCE4B6_M0X0':
D:/l4t/DKC3Recomp/generated/snesrecomp/bankbc_v2.c:4653:3: warning: label 'L_E4B6_M0X0' defined but not used [-Wunused-label]
 4653 |   L_E4B6_M0X0:
      |   ^~~~~~~~~~~
D:/l4t/DKC3Recomp/generated/snesrecomp/bankbc_v2.c: In function 'CODE_BCE4C7_M0X0':
D:/l4t/DKC3Recomp/generated/snesrecomp/bankbc_v2.c:4789:3: warning: label 'L_E4C7_M0X0' defined but not used [-Wunused-label]
 4789 |   L_E4C7_M0X0:
      |   ^~~~~~~~~~~
D:/l4t/DKC3Recomp/generated/snesrecomp/bankbc_v2.c: In function 'CODE_BCE519_M0X0':
D:/l4t/DKC3Recomp/generated/snesrecomp/bankbc_v2.c:5307:3: warning: label 'L_E519_M0X0' defined but not used [-Wunused-label]
 5307 |   L_E519_M0X0:
      |   ^~~~~~~~~~~
D:/l4t/DKC3Recomp/generated/snesrecomp/bankbc_v2.c: In function 'CODE_BCE535_M0X0':
D:/l4t/DKC3Recomp/generated/snesrecomp/bankbc_v2.c:5908:3: warning: label 'L_E535_M0X0' defined but not used [-Wunused-label]
 5908 |   L_E535_M0X0:
      |   ^~~~~~~~~~~
D:/l4t/DKC3Recomp/generated/snesrecomp/bankbc_v2.c: In function 'CODE_BCE58E_M0X0':
D:/l4t/DKC3Recomp/generated/snesrecomp/bankbc_v2.c:6686:3: warning: label 'L_E58E_M0X0' defined but not used [-Wunused-label]
 6686 |   L_E58E_M0X0:
      |   ^~~~~~~~~~~
D:/l4t/DKC3Recomp/generated/snesrecomp/bankbc_v2.c: In function 'CODE_BCE5AE_M0X0':
D:/l4t/DKC3Recomp/generated/snesrecomp/bankbc_v2.c:6846:3: warning: label 'L_E5AE_M0X0' defined but not used [-Wunused-label]
 6846 |   L_E5AE_M0X0:
      |   ^~~~~~~~~~~
D:/l4t/DKC3Recomp/generated/snesrecomp/bankbc_v2.c: In function 'CODE_BCE5BC_M0X0':
D:/l4t/DKC3Recomp/generated/snesrecomp/bankbc_v2.c:6994:3: warning: label 'L_E5BC_M0X0' defined but not used [-Wunused-label]
 6994 |   L_E5BC_M0X0:
      |   ^~~~~~~~~~~
D:/l4t/DKC3Recomp/generated/snesrecomp/bankbc_v2.c: In function 'CODE_BCE682_M0X0':
D:/l4t/DKC3Recomp/generated/snesrecomp/bankbc_v2.c:7860:3: warning: label 'L_E682_M0X0' defined but not used [-Wunused-label]
 7860 |   L_E682_M0X0:
      |   ^~~~~~~~~~~
D:/l4t/DKC3Recomp/generated/snesrecomp/bankbc_v2.c: In function 'CODE_BCE75E_M0X0':
D:/l4t/DKC3Recomp/generated/snesrecomp/bankbc_v2.c:8647:3: warning: label 'L_E75E_M0X0' defined but not used [-Wunused-label]
 8647 |   L_E75E_M0X0:
      |   ^~~~~~~~~~~
D:/l4t/DKC3Recomp/generated/snesrecomp/bankbc_v2.c: In function 'CODE_BCE779_M0X0':
D:/l4t/DKC3Recomp/generated/snesrecomp/bankbc_v2.c:8735:3: warning: label 'L_E779_M0X0' defined but not used [-Wunused-label]
 8735 |   L_E779_M0X0:
      |   ^~~~~~~~~~~
D:/l4t/DKC3Recomp/generated/snesrecomp/bankbc_v2.c: In function 'CODE_BCE8EA_M0X0':
D:/l4t/DKC3Recomp/generated/snesrecomp/bankbc_v2.c:9968:3: warning: label 'L_E8EA_M0X0' defined but not used [-Wunused-label]
 9968 |   L_E8EA_M0X0:
      |   ^~~~~~~~~~~
D:/l4t/DKC3Recomp/generated/snesrecomp/bankbc_v2.c: In function 'CODE_BCE905_M0X0':
D:/l4t/DKC3Recomp/generated/snesrecomp/bankbc_v2.c:10056:3: warning: label 'L_E905_M0X0' defined but not used [-Wunused-label]
10056 |   L_E905_M0X0:
      |   ^~~~~~~~~~~
D:/l4t/DKC3Recomp/generated/snesrecomp/bankbc_v2.c: In function 'CODE_BCF84D_M0X0':
D:/l4t/DKC3Recomp/generated/snesrecomp/bankbc_v2.c:10875:3: warning: label 'L_F84D_M0X0' defined but not used [-Wunused-label]
10875 |   L_F84D_M0X0:
      |   ^~~~~~~~~~~
D:/l4t/DKC3Recomp/generated/snesrecomp/bankbc_v2.c: In function 'CODE_BCF8AC_M0X0':
D:/l4t/DKC3Recomp/generated/snesrecomp/bankbc_v2.c:11209:3: warning: label 'L_F8AC_M0X0' defined but not used [-Wunused-label]
11209 |   L_F8AC_M0X0:
      |   ^~~~~~~~~~~
D:/l4t/DKC3Recomp/generated/snesrecomp/bankbc_v2.c: In function 'CODE_BCF8C4_M0X0':
D:/l4t/DKC3Recomp/generated/snesrecomp/bankbc_v2.c:11336:3: warning: label 'L_F8C4_M0X0' defined but not used [-Wunused-label]
11336 |   L_F8C4_M0X0:
      |   ^~~~~~~~~~~
D:/l4t/DKC3Recomp/generated/snesrecomp/bankbc_v2.c: In function 'CODE_BCF8D6_M0X0':
D:/l4t/DKC3Recomp/generated/snesrecomp/bankbc_v2.c:11464:3: warning: label 'L_F8D6_M0X0' defined but not used [-Wunused-label]
11464 |   L_F8D6_M0X0:
      |   ^~~~~~~~~~~
D:/l4t/DKC3Recomp/generated/snesrecomp/bankbc_v2.c: In function 'CODE_BCF8E6_M0X0':
D:/l4t/DKC3Recomp/generated/snesrecomp/bankbc_v2.c:11566:3: warning: label 'L_F8E6_M0X0' defined but not used [-Wunused-label]
11566 |   L_F8E6_M0X0:
      |   ^~~~~~~~~~~
D:/l4t/DKC3Recomp/generated/snesrecomp/bankbc_v2.c: In function 'CODE_BCF8F8_M0X0':
D:/l4t/DKC3Recomp/generated/snesrecomp/bankbc_v2.c:11694:3: warning: label 'L_F8F8_M0X0' defined but not used [-Wunused-label]
11694 |   L_F8F8_M0X0:
      |   ^~~~~~~~~~~
D:/l4t/DKC3Recomp/generated/snesrecomp/bankbc_v2.c: In function 'CODE_BCF908_M0X0':
D:/l4t/DKC3Recomp/generated/snesrecomp/bankbc_v2.c:11796:3: warning: label 'L_F908_M0X0' defined but not used [-Wunused-label]
11796 |   L_F908_M0X0:
      |   ^~~~~~~~~~~
D:/l4t/DKC3Recomp/generated/snesrecomp/bankbc_v2.c: In function 'CODE_BCF91C_M0X0':
D:/l4t/DKC3Recomp/generated/snesrecomp/bankbc_v2.c:11927:3: warning: label 'L_F91C_M0X0' defined but not used [-Wunused-label]
11927 |   L_F91C_M0X0:
      |   ^~~~~~~~~~~
D:/l4t/DKC3Recomp/generated/snesrecomp/bankbc_v2.c: In function 'CODE_BCF93A_M0X0':
D:/l4t/DKC3Recomp/generated/snesrecomp/bankbc_v2.c:12073:3: warning: label 'L_F93A_M0X0' defined but not used [-Wunused-label]
12073 |   L_F93A_M0X0:
      |   ^~~~~~~~~~~
D:/l4t/DKC3Recomp/generated/snesrecomp/bankbc_v2.c: In function 'CODE_BCF94E_M0X0':
D:/l4t/DKC3Recomp/generated/snesrecomp/bankbc_v2.c:12204:3: warning: label 'L_F94E_M0X0' defined but not used [-Wunused-label]
12204 |   L_F94E_M0X0:
      |   ^~~~~~~~~~~
D:/l4t/DKC3Recomp/generated/snesrecomp/bankbc_v2.c: In function 'CODE_BCF95E_M0X0':
D:/l4t/DKC3Recomp/generated/snesrecomp/bankbc_v2.c:12306:3: warning: label 'L_F95E_M0X0' defined but not used [-Wunused-label]
12306 |   L_F95E_M0X0:
      |   ^~~~~~~~~~~
D:/l4t/DKC3Recomp/generated/snesrecomp/bankbc_v2.c: In function 'CODE_BCF972_M0X0':
D:/l4t/DKC3Recomp/generated/snesrecomp/bankbc_v2.c:12437:3: warning: label 'L_F972_M0X0' defined but not used [-Wunused-label]
12437 |   L_F972_M0X0:
      |   ^~~~~~~~~~~
D:/l4t/DKC3Recomp/generated/snesrecomp/bankbc_v2.c: In function 'CODE_BCF982_M0X0':
D:/l4t/DKC3Recomp/generated/snesrecomp/bankbc_v2.c:12539:3: warning: label 'L_F982_M0X0' defined but not used [-Wunused-label]
12539 |   L_F982_M0X0:
      |   ^~~~~~~~~~~
D:/l4t/DKC3Recomp/generated/snesrecomp/bankbc_v2.c: In function 'CODE_BCF99E_M0X0':
D:/l4t/DKC3Recomp/generated/snesrecomp/bankbc_v2.c:12705:3: warning: label 'L_F99E_M0X0' defined but not used [-Wunused-label]
12705 |   L_F99E_M0X0:
      |   ^~~~~~~~~~~
D:/l4t/DKC3Recomp/generated/snesrecomp/bankbc_v2.c: In function 'CODE_BCF9A7_M0X0':
D:/l4t/DKC3Recomp/generated/snesrecomp/bankbc_v2.c:12819:3: warning: label 'L_F9A7_M0X0' defined but not used [-Wunused-label]
12819 |   L_F9A7_M0X0:
      |   ^~~~~~~~~~~
D:/l4t/DKC3Recomp/generated/snesrecomp/bankbc_v2.c: In function 'CODE_BCF9B9_M0X0':
D:/l4t/DKC3Recomp/generated/snesrecomp/bankbc_v2.c:12924:3: warning: label 'L_F9B9_M0X0' defined but not used [-Wunused-label]
12924 |   L_F9B9_M0X0:
      |   ^~~~~~~~~~~
D:/l4t/DKC3Recomp/generated/snesrecomp/bankbc_v2.c: In function 'CODE_BCF9CB_M0X0':
D:/l4t/DKC3Recomp/generated/snesrecomp/bankbc_v2.c:13052:3: warning: label 'L_F9CB_M0X0' defined but not used [-Wunused-label]
13052 |   L_F9CB_M0X0:
      |   ^~~~~~~~~~~
D:/l4t/DKC3Recomp/generated/snesrecomp/bankbc_v2.c: In function 'CODE_BCF9D7_M0X0':
D:/l4t/DKC3Recomp/generated/snesrecomp/bankbc_v2.c:13147:3: warning: label 'L_F9D7_M0X0' defined but not used [-Wunused-label]
13147 |   L_F9D7_M0X0:
      |   ^~~~~~~~~~~
D:/l4t/DKC3Recomp/generated/snesrecomp/bankbc_v2.c: In function 'CODE_BCF9E6_M0X0':
D:/l4t/DKC3Recomp/generated/snesrecomp/bankbc_v2.c:13278:3: warning: label 'L_F9E6_M0X0' defined but not used [-Wunused-label]
13278 |   L_F9E6_M0X0:
      |   ^~~~~~~~~~~
D:/l4t/DKC3Recomp/generated/snesrecomp/bankbc_v2.c: In function 'CODE_BCFA04_M0X0':
D:/l4t/DKC3Recomp/generated/snesrecomp/bankbc_v2.c:13452:3: warning: label 'L_FA04_M0X0' defined but not used [-Wunused-label]
13452 |   L_FA04_M0X0:
      |   ^~~~~~~~~~~
D:/l4t/DKC3Recomp/generated/snesrecomp/bankbe_part400_v2.c: In function 'check_sprite_collision_M0X0':
D:/l4t/DKC3Recomp/generated/snesrecomp/bankbe_part400_v2.c:59:3: warning: label 'L_C000_M0X0' defined but not used [-Wunused-label]
   59 |   L_C000_M0X0:
      |   ^~~~~~~~~~~
D:/l4t/DKC3Recomp/generated/snesrecomp/bankbe_part400_v2.c: In function 'CODE_BEC003_M0X0':
D:/l4t/DKC3Recomp/generated/snesrecomp/bankbe_part400_v2.c:103:3: warning: label 'L_C003_M0X0' defined but not used [-Wunused-label]
  103 |   L_C003_M0X0:
      |   ^~~~~~~~~~~
D:/l4t/DKC3Recomp/generated/snesrecomp/bankbe_part400_v2.c: In function 'check_throwable_collision_M0X0':
D:/l4t/DKC3Recomp/generated/snesrecomp/bankbe_part400_v2.c:494:3: warning: label 'L_C006_M0X0' defined but not used [-Wunused-label]
  494 |   L_C006_M0X0:
      |   ^~~~~~~~~~~
D:/l4t/DKC3Recomp/generated/snesrecomp/bankbe_part400_v2.c: In function 'CODE_BEC009_M0X0':
D:/l4t/DKC3Recomp/generated/snesrecomp/bankbe_part400_v2.c:925:3: warning: label 'L_C009_M0X0' defined but not used [-Wunused-label]
  925 |   L_C009_M0X0:
      |   ^~~~~~~~~~~
D:/l4t/DKC3Recomp/generated/snesrecomp/bankbe_part400_v2.c: In function 'CODE_BEC00C_M0X0':
D:/l4t/DKC3Recomp/generated/snesrecomp/bankbe_part400_v2.c:969:3: warning: label 'L_C00C_M0X0' defined but not used [-Wunused-label]
  969 |   L_C00C_M0X0:
      |   ^~~~~~~~~~~
D:/l4t/DKC3Recomp/generated/snesrecomp/bankbe_part400_v2.c: In function 'CODE_BEC00F_M0X0':
D:/l4t/DKC3Recomp/generated/snesrecomp/bankbe_part400_v2.c:1062:3: warning: label 'L_C00F_M0X0' defined but not used [-Wunused-label]
 1062 |   L_C00F_M0X0:
      |   ^~~~~~~~~~~
D:/l4t/DKC3Recomp/generated/snesrecomp/bankbe_part401_v2.c: In function 'CODE_BEC012_M0X0':
D:/l4t/DKC3Recomp/generated/snesrecomp/bankbe_part401_v2.c:54:3: warning: label 'L_C012_M0X0' defined but not used [-Wunused-label]
   54 |   L_C012_M0X0:
      |   ^~~~~~~~~~~
D:/l4t/DKC3Recomp/generated/snesrecomp/bankbe_part401_v2.c: In function 'CODE_BEC018_M0X0':
D:/l4t/DKC3Recomp/generated/snesrecomp/bankbe_part401_v2.c:98:3: warning: label 'L_C018_M0X0' defined but not used [-Wunused-label]
   98 |   L_C018_M0X0:
      |   ^~~~~~~~~~~
D:/l4t/DKC3Recomp/generated/snesrecomp/bankbe_part401_v2.c: In function 'CODE_BEC01B_M0X0':
D:/l4t/DKC3Recomp/generated/snesrecomp/bankbe_part401_v2.c:142:3: warning: label 'L_C01B_M0X0' defined but not used [-Wunused-label]
  142 |   L_C01B_M0X0:
      |   ^~~~~~~~~~~
D:/l4t/DKC3Recomp/generated/snesrecomp/bankbe_part402_v2.c: In function 'CODE_BEC024_M0X0':
D:/l4t/DKC3Recomp/generated/snesrecomp/bankbe_part402_v2.c:56:3: warning: label 'L_C024_M0X0' defined but not used [-Wunused-label]
   56 |   L_C024_M0X0:
      |   ^~~~~~~~~~~
D:/l4t/DKC3Recomp/generated/snesrecomp/bankbe_part402_v2.c: In function 'CODE_BEC027_M0X0':
D:/l4t/DKC3Recomp/generated/snesrecomp/bankbe_part402_v2.c:138:3: warning: label 'L_C027_M0X0' defined but not used [-Wunused-label]
  138 |   L_C027_M0X0:
      |   ^~~~~~~~~~~
D:/l4t/DKC3Recomp/generated/snesrecomp/bankbe_part402_v2.c: In function 'CODE_BEC02A_M0X0':
D:/l4t/DKC3Recomp/generated/snesrecomp/bankbe_part402_v2.c:292:3: warning: label 'L_C02A_M0X0' defined but not used [-Wunused-label]
  292 |   L_C02A_M0X0:
      |   ^~~~~~~~~~~
D:/l4t/DKC3Recomp/generated/snesrecomp/bankbe_part402_v2.c: In function 'CODE_BEC02D_M0X0':
D:/l4t/DKC3Recomp/generated/snesrecomp/bankbe_part402_v2.c:408:3: warning: label 'L_C02D_M0X0' defined but not used [-Wunused-label]
  408 |   L_C02D_M0X0:
      |   ^~~~~~~~~~~
D:/l4t/DKC3Recomp/generated/snesrecomp/bankbe_part403_v2.c: In function 'CODE_BEC030_M0X0':
D:/l4t/DKC3Recomp/generated/snesrecomp/bankbe_part403_v2.c:51:3: warning: label 'L_C030_M0X0' defined but not used [-Wunused-label]
   51 |   L_C030_M0X0:
      |   ^~~~~~~~~~~
D:/l4t/DKC3Recomp/generated/snesrecomp/bankbe_part403_v2.c: In function 'CODE_BEC036_M0X0':
D:/l4t/DKC3Recomp/generated/snesrecomp/bankbe_part403_v2.c:95:3: warning: label 'L_C036_M0X0' defined but not used [-Wunused-label]
   95 |   L_C036_M0X0:
      |   ^~~~~~~~~~~
D:/l4t/DKC3Recomp/generated/snesrecomp/bankbe_part404_v2.c: In function 'CODE_BEC042_M0X0':
D:/l4t/DKC3Recomp/generated/snesrecomp/bankbe_part404_v2.c:59:3: warning: label 'L_C042_M0X0' defined but not used [-Wunused-label]
   59 |   L_C042_M0X0:
      |   ^~~~~~~~~~~
D:/l4t/DKC3Recomp/generated/snesrecomp/bankbe_part404_v2.c: In function 'CODE_BEC045_M0X0':
D:/l4t/DKC3Recomp/generated/snesrecomp/bankbe_part404_v2.c:201:3: warning: label 'L_C045_M0X0' defined but not used [-Wunused-label]
  201 |   L_C045_M0X0:
      |   ^~~~~~~~~~~
D:/l4t/DKC3Recomp/generated/snesrecomp/bankbe_part404_v2.c: In function 'CODE_BEC04B_M0X0':
D:/l4t/DKC3Recomp/generated/snesrecomp/bankbe_part404_v2.c:343:3: warning: label 'L_C04B_M0X0' defined but not used [-Wunused-label]
  343 |   L_C04B_M0X0:
      |   ^~~~~~~~~~~
D:/l4t/DKC3Recomp/generated/snesrecomp/bankbe_part404_v2.c: In function 'CODE_BEC04E_M0X0':
D:/l4t/DKC3Recomp/generated/snesrecomp/bankbe_part404_v2.c:625:3: warning: label 'L_C04E_M0X0' defined but not used [-Wunused-label]
  625 |   L_C04E_M0X0:
      |   ^~~~~~~~~~~
D:/l4t/DKC3Recomp/generated/snesrecomp/bankbe_part405_v2.c: In function 'CODE_BEC05C_M0X0':
D:/l4t/DKC3Recomp/generated/snesrecomp/bankbe_part405_v2.c:53:3: warning: label 'L_C05C_M0X0' defined but not used [-Wunused-label]
   53 |   L_C05C_M0X0:
      |   ^~~~~~~~~~~
D:/l4t/DKC3Recomp/generated/snesrecomp/bankbe_part40c_v2.c: In function 'CODE_BEC0CF_M0X0':
D:/l4t/DKC3Recomp/generated/snesrecomp/bankbe_part40c_v2.c:49:3: warning: label 'L_C0CF_M0X0' defined but not used [-Wunused-label]
   49 |   L_C0CF_M0X0:
      |   ^~~~~~~~~~~
D:/l4t/DKC3Recomp/generated/snesrecomp/bankbe_part412_v2.c: In function 'CODE_BEC122_M0X0':
D:/l4t/DKC3Recomp/generated/snesrecomp/bankbe_part412_v2.c:51:3: warning: label 'L_C122_M0X0' defined but not used [-Wunused-label]
   51 |   L_C122_M0X0:
      |   ^~~~~~~~~~~
D:/l4t/DKC3Recomp/generated/snesrecomp/bankbe_part417_v2.c: In function 'CODE_BEC176_M0X0':
D:/l4t/DKC3Recomp/generated/snesrecomp/bankbe_part417_v2.c:49:3: warning: label 'L_C176_M0X0' defined but not used [-Wunused-label]
   49 |   L_C176_M0X0:
      |   ^~~~~~~~~~~
D:/l4t/DKC3Recomp/generated/snesrecomp/bankbe_part423_v2.c: In function 'CODE_BEC237_M0X0':
D:/l4t/DKC3Recomp/generated/snesrecomp/bankbe_part423_v2.c:49:3: warning: label 'L_C237_M0X0' defined but not used [-Wunused-label]
   49 |   L_C237_M0X0:
      |   ^~~~~~~~~~~
D:/l4t/DKC3Recomp/generated/snesrecomp/bankbe_part42f_v2.c: In function 'CODE_BEC2F9_M0X0':
D:/l4t/DKC3Recomp/generated/snesrecomp/bankbe_part42f_v2.c:49:3: warning: label 'L_C2F9_M0X0' defined but not used [-Wunused-label]
   49 |   L_C2F9_M0X0:
      |   ^~~~~~~~~~~
D:/l4t/DKC3Recomp/generated/snesrecomp/bankbe_part431_v2.c: In function 'CODE_BEC317_M0X0':
D:/l4t/DKC3Recomp/generated/snesrecomp/bankbe_part431_v2.c:61:3: warning: label 'L_C317_M0X0' defined but not used [-Wunused-label]
   61 |   L_C317_M0X0:
      |   ^~~~~~~~~~~
D:/l4t/DKC3Recomp/generated/snesrecomp/bankbe_part438_v2.c: In function 'CODE_BEC38F_M0X0':
D:/l4t/DKC3Recomp/generated/snesrecomp/bankbe_part438_v2.c:49:3: warning: label 'L_C38F_M0X0' defined but not used [-Wunused-label]
   49 |   L_C38F_M0X0:
      |   ^~~~~~~~~~~
D:/l4t/DKC3Recomp/generated/snesrecomp/bankbe_part439_v2.c: In function 'CODE_BEC394_M0X0':
D:/l4t/DKC3Recomp/generated/snesrecomp/bankbe_part439_v2.c:54:3: warning: label 'L_C394_M0X0' defined but not used [-Wunused-label]
   54 |   L_C394_M0X0:
      |   ^~~~~~~~~~~
D:/l4t/DKC3Recomp/generated/snesrecomp/bankbe_part43b_v2.c: In function 'CODE_BEC3BE_M0X0':
D:/l4t/DKC3Recomp/generated/snesrecomp/bankbe_part43b_v2.c:54:3: warning: label 'L_C3BE_M0X0' defined but not used [-Wunused-label]
   54 |   L_C3BE_M0X0:
      |   ^~~~~~~~~~~
D:/l4t/DKC3Recomp/generated/snesrecomp/bankbe_part43d_v2.c: In function 'CODE_BEC3DE_M0X0':
D:/l4t/DKC3Recomp/generated/snesrecomp/bankbe_part43d_v2.c:55:3: warning: label 'L_C3DE_M0X0' defined but not used [-Wunused-label]
   55 |   L_C3DE_M0X0:
      |   ^~~~~~~~~~~
D:/l4t/DKC3Recomp/generated/snesrecomp/bankbe_part440_v2.c: In function 'CODE_BEC404_M0X0':
D:/l4t/DKC3Recomp/generated/snesrecomp/bankbe_part440_v2.c:55:3: warning: label 'L_C404_M0X0' defined but not used [-Wunused-label]
   55 |   L_C404_M0X0:
      |   ^~~~~~~~~~~
D:/l4t/DKC3Recomp/generated/snesrecomp/bankbe_part442_v2.c: In function 'CODE_BEC42A_M0X0':
D:/l4t/DKC3Recomp/generated/snesrecomp/bankbe_part442_v2.c:54:3: warning: label 'L_C42A_M0X0' defined but not used [-Wunused-label]
   54 |   L_C42A_M0X0:
      |   ^~~~~~~~~~~
D:/l4t/DKC3Recomp/generated/snesrecomp/bankbe_part444_v2.c: In function 'CODE_BEC44D_M0X0':
D:/l4t/DKC3Recomp/generated/snesrecomp/bankbe_part444_v2.c:49:3: warning: label 'L_C44D_M0X0' defined but not used [-Wunused-label]
   49 |   L_C44D_M0X0:
      |   ^~~~~~~~~~~
D:/l4t/DKC3Recomp/generated/snesrecomp/bankbe_part446_v2.c: In function 'CODE_BEC460_M0X0':
D:/l4t/DKC3Recomp/generated/snesrecomp/bankbe_part446_v2.c:50:3: warning: label 'L_C460_M0X0' defined but not used [-Wunused-label]
   50 |   L_C460_M0X0:
      |   ^~~~~~~~~~~
D:/l4t/DKC3Recomp/generated/snesrecomp/bankbe_part44b_v2.c: In function 'CODE_BEC4BB_M0X0':
D:/l4t/DKC3Recomp/generated/snesrecomp/bankbe_part44b_v2.c:49:3: warning: label 'L_C4BB_M0X0' defined but not used [-Wunused-label]
   49 |   L_C4BB_M0X0:
      |   ^~~~~~~~~~~
D:/l4t/DKC3Recomp/generated/snesrecomp/bankbe_part451_v2.c: In function 'CODE_BEC51D_M0X0':
D:/l4t/DKC3Recomp/generated/snesrecomp/bankbe_part451_v2.c:50:3: warning: label 'L_C51D_M0X0' defined but not used [-Wunused-label]
   50 |   L_C51D_M0X0:
      |   ^~~~~~~~~~~
D:/l4t/DKC3Recomp/generated/snesrecomp/bankbe_part459_v2.c: In function 'CODE_BEC59C_M0X0':
D:/l4t/DKC3Recomp/generated/snesrecomp/bankbe_part459_v2.c:49:3: warning: label 'L_C59C_M0X0' defined but not used [-Wunused-label]
   49 |   L_C59C_M0X0:
      |   ^~~~~~~~~~~
D:/l4t/DKC3Recomp/generated/snesrecomp/bankbe_part45c_v2.c: In function 'CODE_BEC5C4_M0X0':
D:/l4t/DKC3Recomp/generated/snesrecomp/bankbe_part45c_v2.c:50:3: warning: label 'L_C5C4_M0X0' defined but not used [-Wunused-label]
   50 |   L_C5C4_M0X0:
      |   ^~~~~~~~~~~
D:/l4t/DKC3Recomp/generated/snesrecomp/bankbe_part45d_v2.c: In function 'CODE_BEC5DA_M0X0':
D:/l4t/DKC3Recomp/generated/snesrecomp/bankbe_part45d_v2.c:49:3: warning: label 'L_C5DA_M0X0' defined but not used [-Wunused-label]
   49 |   L_C5DA_M0X0:
      |   ^~~~~~~~~~~
D:/l4t/DKC3Recomp/generated/snesrecomp/bankbe_part463_v2.c: In function 'CODE_BEC63C_M0X0':
D:/l4t/DKC3Recomp/generated/snesrecomp/bankbe_part463_v2.c:49:3: warning: label 'L_C63C_M0X0' defined but not used [-Wunused-label]
   49 |   L_C63C_M0X0:
      |   ^~~~~~~~~~~
D:/l4t/DKC3Recomp/generated/snesrecomp/bankbe_part469_v2.c: In function 'CODE_BEC69E_M0X0':
D:/l4t/DKC3Recomp/generated/snesrecomp/bankbe_part469_v2.c:50:3: warning: label 'L_C69E_M0X0' defined but not used [-Wunused-label]
   50 |   L_C69E_M0X0:
      |   ^~~~~~~~~~~
D:/l4t/DKC3Recomp/generated/snesrecomp/bankbe_part487_v2.c: In function 'barrel_shield_main_M0X0':
D:/l4t/DKC3Recomp/generated/snesrecomp/bankbe_part487_v2.c:50:3: warning: label 'L_C873_M0X0' defined but not used [-Wunused-label]
   50 |   L_C873_M0X0:
      |   ^~~~~~~~~~~
D:/l4t/DKC3Recomp/generated/snesrecomp/bankbe_part48b_v2.c: In function 'barrel_shield_main_state_2_M0X0':
D:/l4t/DKC3Recomp/generated/snesrecomp/bankbe_part48b_v2.c:50:3: warning: label 'L_C8BD_M0X0' defined but not used [-Wunused-label]
   50 |   L_C8BD_M0X0:
      |   ^~~~~~~~~~~
D:/l4t/DKC3Recomp/generated/snesrecomp/bankbe_part48e_v2.c: In function 'barrel_cannon_main_M0X0':
D:/l4t/DKC3Recomp/generated/snesrecomp/bankbe_part48e_v2.c:60:3: warning: label 'L_C8E0_M0X0' defined but not used [-Wunused-label]
   60 |   L_C8E0_M0X0:
      |   ^~~~~~~~~~~
D:/l4t/DKC3Recomp/generated/snesrecomp/bankbe_part49a_v2.c: In function 'CODE_BEC9AA_M0X0':
D:/l4t/DKC3Recomp/generated/snesrecomp/bankbe_part49a_v2.c:51:3: warning: label 'L_C9AA_M0X0' defined but not used [-Wunused-label]
   51 |   L_C9AA_M0X0:
      |   ^~~~~~~~~~~
D:/l4t/DKC3Recomp/generated/snesrecomp/bankbe_part49b_v2.c: In function 'CODE_BEC9B8_M0X0':
D:/l4t/DKC3Recomp/generated/snesrecomp/bankbe_part49b_v2.c:51:3: warning: label 'L_C9B8_M0X0' defined but not used [-Wunused-label]
   51 |   L_C9B8_M0X0:
      |   ^~~~~~~~~~~
D:/l4t/DKC3Recomp/generated/snesrecomp/bankbe_part4a0_v2.c: In function 'CODE_BECA0C_M0X0':
D:/l4t/DKC3Recomp/generated/snesrecomp/bankbe_part4a0_v2.c:51:3: warning: label 'L_CA0C_M0X0' defined but not used [-Wunused-label]
   51 |   L_CA0C_M0X0:
      |   ^~~~~~~~~~~
D:/l4t/DKC3Recomp/generated/snesrecomp/bankbe_part4a3_v2.c: In function 'CODE_BECA31_M0X0':
D:/l4t/DKC3Recomp/generated/snesrecomp/bankbe_part4a3_v2.c:51:3: warning: label 'L_CA31_M0X0' defined but not used [-Wunused-label]
   51 |   L_CA31_M0X0:
      |   ^~~~~~~~~~~
D:/l4t/DKC3Recomp/generated/snesrecomp/bankbe_part4a4_v2.c: In function 'CODE_BECA4E_M0X0':
D:/l4t/DKC3Recomp/generated/snesrecomp/bankbe_part4a4_v2.c:52:3: warning: label 'L_CA4E_M0X0' defined but not used [-Wunused-label]
   52 |   L_CA4E_M0X0:
      |   ^~~~~~~~~~~
D:/l4t/DKC3Recomp/generated/snesrecomp/bankbe_part4a6_v2.c: In function 'CODE_BECA67_M0X0':
D:/l4t/DKC3Recomp/generated/snesrecomp/bankbe_part4a6_v2.c:54:3: warning: label 'L_CA67_M0X0' defined but not used [-Wunused-label]
   54 |   L_CA67_M0X0:
      |   ^~~~~~~~~~~
D:/l4t/DKC3Recomp/generated/snesrecomp/bankbe_part4b0_v2.c: In function 'CODE_BECB01_M0X0':
D:/l4t/DKC3Recomp/generated/snesrecomp/bankbe_part4b0_v2.c:50:3: warning: label 'L_CB01_M0X0' defined but not used [-Wunused-label]
   50 |   L_CB01_M0X0:
      |   ^~~~~~~~~~~
D:/l4t/DKC3Recomp/generated/snesrecomp/bankbe_part4b1_v2.c: In function 'CODE_BECB14_M0X0':
D:/l4t/DKC3Recomp/generated/snesrecomp/bankbe_part4b1_v2.c:51:3: warning: label 'L_CB14_M0X0' defined but not used [-Wunused-label]
   51 |   L_CB14_M0X0:
      |   ^~~~~~~~~~~
D:/l4t/DKC3Recomp/generated/snesrecomp/bankbe_part4b3_v2.c: In function 'CODE_BECB3A_M0X0':
D:/l4t/DKC3Recomp/generated/snesrecomp/bankbe_part4b3_v2.c:51:3: warning: label 'L_CB3A_M0X0' defined but not used [-Wunused-label]
   51 |   L_CB3A_M0X0:
      |   ^~~~~~~~~~~
D:/l4t/DKC3Recomp/generated/snesrecomp/bankbe_part4b6_v2.c: In function 'CODE_BECB61_M0X0':
D:/l4t/DKC3Recomp/generated/snesrecomp/bankbe_part4b6_v2.c:53:3: warning: label 'L_CB61_M0X0' defined but not used [-Wunused-label]
   53 |   L_CB61_M0X0:
      |   ^~~~~~~~~~~
D:/l4t/DKC3Recomp/generated/snesrecomp/bankbe_part4b9_v2.c: In function 'CODE_BECB9B_M0X0':
D:/l4t/DKC3Recomp/generated/snesrecomp/bankbe_part4b9_v2.c:50:3: warning: label 'L_CB9B_M0X0' defined but not used [-Wunused-label]
   50 |   L_CB9B_M0X0:
      |   ^~~~~~~~~~~
D:/l4t/DKC3Recomp/generated/snesrecomp/bankbe_part4ba_v2.c: In function 'CODE_BECBAF_M0X0':
D:/l4t/DKC3Recomp/generated/snesrecomp/bankbe_part4ba_v2.c:50:3: warning: label 'L_CBAF_M0X0' defined but not used [-Wunused-label]
   50 |   L_CBAF_M0X0:
      |   ^~~~~~~~~~~
D:/l4t/DKC3Recomp/generated/snesrecomp/bankbe_part4bf_v2.c: In function 'CODE_BECBF9_M0X0':
D:/l4t/DKC3Recomp/generated/snesrecomp/bankbe_part4bf_v2.c:50:3: warning: label 'L_CBF9_M0X0' defined but not used [-Wunused-label]
   50 |   L_CBF9_M0X0:
      |   ^~~~~~~~~~~
D:/l4t/DKC3Recomp/generated/snesrecomp/bankbe_part4c0_v2.c: In function 'CODE_BECC01_M0X0':
D:/l4t/DKC3Recomp/generated/snesrecomp/bankbe_part4c0_v2.c:59:3: warning: label 'L_CC01_M0X0' defined but not used [-Wunused-label]
   59 |   L_CC01_M0X0:
      |   ^~~~~~~~~~~
D:/l4t/DKC3Recomp/generated/snesrecomp/bankbe_part4c0_v2.c: In function 'CODE_BECC0B_M0X0':
D:/l4t/DKC3Recomp/generated/snesrecomp/bankbe_part4c0_v2.c:309:3: warning: label 'L_CC0B_M0X0' defined but not used [-Wunused-label]
  309 |   L_CC0B_M0X0:
      |   ^~~~~~~~~~~
D:/l4t/DKC3Recomp/generated/snesrecomp/bankbe_part4c3_v2.c: In function 'CODE_BECC30_M0X0':
D:/l4t/DKC3Recomp/generated/snesrecomp/bankbe_part4c3_v2.c:52:3: warning: label 'L_CC30_M0X0' defined but not used [-Wunused-label]
   52 |   L_CC30_M0X0:
      |   ^~~~~~~~~~~
D:/l4t/DKC3Recomp/generated/snesrecomp/bankbe_part4c3_v2.c: In function 'CODE_BECC32_M0X0':
D:/l4t/DKC3Recomp/generated/snesrecomp/bankbe_part4c3_v2.c:153:3: warning: label 'L_CC32_M0X0' defined but not used [-Wunused-label]
  153 |   L_CC32_M0X0:
      |   ^~~~~~~~~~~
D:/l4t/DKC3Recomp/generated/snesrecomp/bankbe_part4c4_v2.c: In function 'CODE_BECC4E_M0X0':
D:/l4t/DKC3Recomp/generated/snesrecomp/bankbe_part4c4_v2.c:51:3: warning: label 'L_CC4E_M0X0' defined but not used [-Wunused-label]
   51 |   L_CC4E_M0X0:
      |   ^~~~~~~~~~~
D:/l4t/DKC3Recomp/generated/snesrecomp/bankbe_part4c6_v2.c: In function 'CODE_BECC6A_M0X0':
D:/l4t/DKC3Recomp/generated/snesrecomp/bankbe_part4c6_v2.c:52:3: warning: label 'L_CC6A_M0X0' defined but not used [-Wunused-label]
   52 |   L_CC6A_M0X0:
      |   ^~~~~~~~~~~
D:/l4t/DKC3Recomp/generated/snesrecomp/bankbe_part4c6_v2.c: In function 'CODE_BECC6F_M0X0':
D:/l4t/DKC3Recomp/generated/snesrecomp/bankbe_part4c6_v2.c:184:3: warning: label 'L_CC6F_M0X0' defined but not used [-Wunused-label]
  184 |   L_CC6F_M0X0:
      |   ^~~~~~~~~~~
D:/l4t/DKC3Recomp/generated/snesrecomp/bankbe_part4c7_v2.c: In function 'CODE_BECC7E_M0X0':
D:/l4t/DKC3Recomp/generated/snesrecomp/bankbe_part4c7_v2.c:50:3: warning: label 'L_CC7E_M0X0' defined but not used [-Wunused-label]
   50 |   L_CC7E_M0X0:
      |   ^~~~~~~~~~~
D:/l4t/DKC3Recomp/generated/snesrecomp/bankbe_part4ca_v2.c: In function 'CODE_BECCA3_M0X0':
D:/l4t/DKC3Recomp/generated/snesrecomp/bankbe_part4ca_v2.c:51:3: warning: label 'L_CCA3_M0X0' defined but not used [-Wunused-label]
   51 |   L_CCA3_M0X0:
      |   ^~~~~~~~~~~
D:/l4t/DKC3Recomp/generated/snesrecomp/bankbe_part4cb_v2.c: In function 'CODE_BECCB6_M0X0':
D:/l4t/DKC3Recomp/generated/snesrecomp/bankbe_part4cb_v2.c:50:3: warning: label 'L_CCB6_M0X0' defined but not used [-Wunused-label]
   50 |   L_CCB6_M0X0:
      |   ^~~~~~~~~~~
D:/l4t/DKC3Recomp/generated/snesrecomp/bankbe_part4ce_v2.c: In function 'CODE_BECCE8_M0X0':
D:/l4t/DKC3Recomp/generated/snesrecomp/bankbe_part4ce_v2.c:49:3: warning: label 'L_CCE8_M0X0' defined but not used [-Wunused-label]
   49 |   L_CCE8_M0X0:
      |   ^~~~~~~~~~~
D:/l4t/DKC3Recomp/generated/snesrecomp/bankbe_part4d5_v2.c: In function 'CODE_BECD51_M0X0':
D:/l4t/DKC3Recomp/generated/snesrecomp/bankbe_part4d5_v2.c:50:3: warning: label 'L_CD51_M0X0' defined but not used [-Wunused-label]
   50 |   L_CD51_M0X0:
      |   ^~~~~~~~~~~
D:/l4t/DKC3Recomp/generated/snesrecomp/bankbe_part4da_v2.c: In function 'CODE_BECDA1_M0X0':
D:/l4t/DKC3Recomp/generated/snesrecomp/bankbe_part4da_v2.c:50:3: warning: label 'L_CDA1_M0X0' defined but not used [-Wunused-label]
   50 |   L_CDA1_M0X0:
      |   ^~~~~~~~~~~
D:/l4t/DKC3Recomp/generated/snesrecomp/bankbe_part4db_v2.c: In function 'CODE_BECDB1_M0X0':
D:/l4t/DKC3Recomp/generated/snesrecomp/bankbe_part4db_v2.c:49:3: warning: label 'L_CDB1_M0X0' defined but not used [-Wunused-label]
   49 |   L_CDB1_M0X0:
      |   ^~~~~~~~~~~
D:/l4t/DKC3Recomp/generated/snesrecomp/bankbe_part4de_v2.c: In function 'CODE_BECDEA_M0X0':
D:/l4t/DKC3Recomp/generated/snesrecomp/bankbe_part4de_v2.c:52:3: warning: label 'L_CDEA_M0X0' defined but not used [-Wunused-label]
   52 |   L_CDEA_M0X0:
      |   ^~~~~~~~~~~
D:/l4t/DKC3Recomp/generated/snesrecomp/bankbe_part4e8_v2.c: In function 'CODE_BECE8D_M0X0':
D:/l4t/DKC3Recomp/generated/snesrecomp/bankbe_part4e8_v2.c:51:3: warning: label 'L_CE8D_M0X0' defined but not used [-Wunused-label]
   51 |   L_CE8D_M0X0:
      |   ^~~~~~~~~~~
D:/l4t/DKC3Recomp/generated/snesrecomp/bankbe_part4ed_v2.c: In function 'CODE_BECEDA_M0X0':
D:/l4t/DKC3Recomp/generated/snesrecomp/bankbe_part4ed_v2.c:49:3: warning: label 'L_CEDA_M0X0' defined but not used [-Wunused-label]
   49 |   L_CEDA_M0X0:
      |   ^~~~~~~~~~~
D:/l4t/DKC3Recomp/generated/snesrecomp/bankbe_part4ef_v2.c: In function 'CODE_BECEF0_M0X0':
D:/l4t/DKC3Recomp/generated/snesrecomp/bankbe_part4ef_v2.c:49:3: warning: label 'L_CEF0_M0X0' defined but not used [-Wunused-label]
   49 |   L_CEF0_M0X0:
      |   ^~~~~~~~~~~
D:/l4t/DKC3Recomp/generated/snesrecomp/bankbe_part4f0_v2.c: In function 'CODE_BECF00_M0X0':
D:/l4t/DKC3Recomp/generated/snesrecomp/bankbe_part4f0_v2.c:49:3: warning: label 'L_CF00_M0X0' defined but not used [-Wunused-label]
   49 |   L_CF00_M0X0:
      |   ^~~~~~~~~~~
D:/l4t/DKC3Recomp/generated/snesrecomp/bankbe_part4f1_v2.c: In function 'CODE_BECF10_M0X0':
D:/l4t/DKC3Recomp/generated/snesrecomp/bankbe_part4f1_v2.c:51:3: warning: label 'L_CF10_M0X0' defined but not used [-Wunused-label]
   51 |   L_CF10_M0X0:
      |   ^~~~~~~~~~~
D:/l4t/DKC3Recomp/generated/snesrecomp/bankbe_part4f1_v2.c: In function 'CODE_BECF1F_M0X0':
D:/l4t/DKC3Recomp/generated/snesrecomp/bankbe_part4f1_v2.c:308:3: warning: label 'L_CF1F_M0X0' defined but not used [-Wunused-label]
  308 |   L_CF1F_M0X0:
      |   ^~~~~~~~~~~
D:/l4t/DKC3Recomp/generated/snesrecomp/bankbe_part4f4_v2.c: In function 'CODE_BECF4A_M0X0':
D:/l4t/DKC3Recomp/generated/snesrecomp/bankbe_part4f4_v2.c:51:3: warning: label 'L_CF4A_M0X0' defined but not used [-Wunused-label]
   51 |   L_CF4A_M0X0:
      |   ^~~~~~~~~~~
D:/l4t/DKC3Recomp/generated/snesrecomp/bankbe_part4f8_v2.c: In function 'CODE_BECF85_M0X0':
D:/l4t/DKC3Recomp/generated/snesrecomp/bankbe_part4f8_v2.c:50:3: warning: label 'L_CF85_M0X0' defined but not used [-Wunused-label]
   50 |   L_CF85_M0X0:
      |   ^~~~~~~~~~~
D:/l4t/DKC3Recomp/generated/snesrecomp/bankbe_part4f8_v2.c: In function 'CODE_BECF8F_M0X0':
D:/l4t/DKC3Recomp/generated/snesrecomp/bankbe_part4f8_v2.c:162:3: warning: label 'L_CF8F_M0X0' defined but not used [-Wunused-label]
  162 |   L_CF8F_M0X0:
      |   ^~~~~~~~~~~
D:/l4t/DKC3Recomp/generated/snesrecomp/bankbe_part501_v2.c: In function 'CODE_BED010_M0X0':
D:/l4t/DKC3Recomp/generated/snesrecomp/bankbe_part501_v2.c:51:3: warning: label 'L_D010_M0X0' defined but not used [-Wunused-label]
   51 |   L_D010_M0X0:
      |   ^~~~~~~~~~~
D:/l4t/DKC3Recomp/generated/snesrecomp/bankbe_part509_v2.c: In function 'CODE_BED09F_M0X0':
D:/l4t/DKC3Recomp/generated/snesrecomp/bankbe_part509_v2.c:51:3: warning: label 'L_D09F_M0X0' defined but not used [-Wunused-label]
   51 |   L_D09F_M0X0:
      |   ^~~~~~~~~~~
D:/l4t/DKC3Recomp/generated/snesrecomp/bankbe_part50e_v2.c: In function 'unknown_sprite_0280_main_M0X0':
D:/l4t/DKC3Recomp/generated/snesrecomp/bankbe_part50e_v2.c:54:3: warning: label 'L_D0ED_M0X0' defined but not used [-Wunused-label]
   54 |   L_D0ED_M0X0:
      |   ^~~~~~~~~~~
D:/l4t/DKC3Recomp/generated/snesrecomp/bankbe_part50f_v2.c: In function 'CODE_BED0FA_M0X0':
D:/l4t/DKC3Recomp/generated/snesrecomp/bankbe_part50f_v2.c:50:3: warning: label 'L_D0FA_M0X0' defined but not used [-Wunused-label]
   50 |   L_D0FA_M0X0:
      |   ^~~~~~~~~~~
D:/l4t/DKC3Recomp/generated/snesrecomp/bankbe_part510_v2.c: In function 'CODE_BED10C_M0X0':
D:/l4t/DKC3Recomp/generated/snesrecomp/bankbe_part510_v2.c:52:3: warning: label 'L_D10C_M0X0' defined but not used [-Wunused-label]
   52 |   L_D10C_M0X0:
      |   ^~~~~~~~~~~
D:/l4t/DKC3Recomp/generated/snesrecomp/bankbe_part512_v2.c: In function 'CODE_BED127_M0X0':
D:/l4t/DKC3Recomp/generated/snesrecomp/bankbe_part512_v2.c:51:3: warning: label 'L_D127_M0X0' defined but not used [-Wunused-label]
   51 |   L_D127_M0X0:
      |   ^~~~~~~~~~~
D:/l4t/DKC3Recomp/generated/snesrecomp/bankbe_part514_v2.c: In function 'CODE_BED149_M0X0':
D:/l4t/DKC3Recomp/generated/snesrecomp/bankbe_part514_v2.c:50:3: warning: label 'L_D149_M0X0' defined but not used [-Wunused-label]
   50 |   L_D149_M0X0:
      |   ^~~~~~~~~~~
D:/l4t/DKC3Recomp/generated/snesrecomp/bankbe_part515_v2.c: In function 'CODE_BED151_M0X0':
D:/l4t/DKC3Recomp/generated/snesrecomp/bankbe_part515_v2.c:52:3: warning: label 'L_D151_M0X0' defined but not used [-Wunused-label]
   52 |   L_D151_M0X0:
      |   ^~~~~~~~~~~
D:/l4t/DKC3Recomp/generated/snesrecomp/bankbe_part517_v2.c: In function 'CODE_BED17F_M0X0':
D:/l4t/DKC3Recomp/generated/snesrecomp/bankbe_part517_v2.c:49:3: warning: label 'L_D17F_M0X0' defined but not used [-Wunused-label]
   49 |   L_D17F_M0X0:
      |   ^~~~~~~~~~~
D:/l4t/DKC3Recomp/generated/snesrecomp/bankbe_part518_v2.c: In function 'CODE_BED189_M0X0':
D:/l4t/DKC3Recomp/generated/snesrecomp/bankbe_part518_v2.c:49:3: warning: label 'L_D189_M0X0' defined but not used [-Wunused-label]
   49 |   L_D189_M0X0:
      |   ^~~~~~~~~~~
D:/l4t/DKC3Recomp/generated/snesrecomp/bankbe_part525_v2.c: In function 'CODE_BED25E_M0X0':
D:/l4t/DKC3Recomp/generated/snesrecomp/bankbe_part525_v2.c:49:3: warning: label 'L_D25E_M0X0' defined but not used [-Wunused-label]
   49 |   L_D25E_M0X0:
      |   ^~~~~~~~~~~
D:/l4t/DKC3Recomp/generated/snesrecomp/bankbe_part527_v2.c: In function 'CODE_BED279_M0X0':
D:/l4t/DKC3Recomp/generated/snesrecomp/bankbe_part527_v2.c:49:3: warning: label 'L_D279_M0X0' defined but not used [-Wunused-label]
   49 |   L_D279_M0X0:
      |   ^~~~~~~~~~~
D:/l4t/DKC3Recomp/generated/snesrecomp/bankbe_part52b_v2.c: In function 'boss_dk_barrel_main_M0X0':
D:/l4t/DKC3Recomp/generated/snesrecomp/bankbe_part52b_v2.c:52:3: warning: label 'L_D2B3_M0X0' defined but not used [-Wunused-label]
   52 |   L_D2B3_M0X0:
      |   ^~~~~~~~~~~
D:/l4t/DKC3Recomp/generated/snesrecomp/bankbe_part52b_v2.c: In function 'boss_dk_barrel_main_init_M0X0':
D:/l4t/DKC3Recomp/generated/snesrecomp/bankbe_part52b_v2.c:130:3: warning: label 'L_D2BA_M0X0' defined but not used [-Wunused-label]
  130 |   L_D2BA_M0X0:
      |   ^~~~~~~~~~~
D:/l4t/DKC3Recomp/generated/snesrecomp/bankbe_part52f_v2.c: In function 'floating_dk_barrel_main_M0X0':
D:/l4t/DKC3Recomp/generated/snesrecomp/bankbe_part52f_v2.c:49:3: warning: label 'L_D2FE_M0X0' defined but not used [-Wunused-label]
   49 |   L_D2FE_M0X0:
      |   ^~~~~~~~~~~
D:/l4t/DKC3Recomp/generated/snesrecomp/bankbe_part546_v2.c: In function 'CODE_BED46A_M0X0':
D:/l4t/DKC3Recomp/generated/snesrecomp/bankbe_part546_v2.c:52:3: warning: label 'L_D46A_M0X0' defined but not used [-Wunused-label]
   52 |   L_D46A_M0X0:
      |   ^~~~~~~~~~~
D:/l4t/DKC3Recomp/generated/snesrecomp/bankbe_part557_v2.c: In function 'CODE_BED573_M0X0':
D:/l4t/DKC3Recomp/generated/snesrecomp/bankbe_part557_v2.c:51:3: warning: label 'L_D573_M0X0' defined but not used [-Wunused-label]
   51 |   L_D573_M0X0:
      |   ^~~~~~~~~~~
D:/l4t/DKC3Recomp/generated/snesrecomp/bankbe_part564_v2.c: In function 'CODE_BED642_M0X0':
D:/l4t/DKC3Recomp/generated/snesrecomp/bankbe_part564_v2.c:50:3: warning: label 'L_D642_M0X0' defined but not used [-Wunused-label]
   50 |   L_D642_M0X0:
      |   ^~~~~~~~~~~
D:/l4t/DKC3Recomp/generated/snesrecomp/bankbe_part564_v2.c: In function 'CODE_BED64E_M0X0':
D:/l4t/DKC3Recomp/generated/snesrecomp/bankbe_part564_v2.c:169:3: warning: label 'L_D64E_M0X0' defined but not used [-Wunused-label]
  169 |   L_D64E_M0X0:
      |   ^~~~~~~~~~~
D:/l4t/DKC3Recomp/generated/snesrecomp/bankbe_part570_v2.c: In function 'CODE_BED70E_M0X0':
D:/l4t/DKC3Recomp/generated/snesrecomp/bankbe_part570_v2.c:51:3: warning: label 'L_D70E_M0X0' defined but not used [-Wunused-label]
   51 |   L_D70E_M0X0:
      |   ^~~~~~~~~~~
D:/l4t/DKC3Recomp/generated/snesrecomp/bankbe_part57d_v2.c: In function 'CODE_BED7D0_M0X0':
D:/l4t/DKC3Recomp/generated/snesrecomp/bankbe_part57d_v2.c:49:3: warning: label 'L_D7D0_M0X0' defined but not used [-Wunused-label]
   49 |   L_D7D0_M0X0:
      |   ^~~~~~~~~~~
D:/l4t/DKC3Recomp/generated/snesrecomp/bankbe_part57f_v2.c: In function 'CODE_BED7F7_M0X0':
D:/l4t/DKC3Recomp/generated/snesrecomp/bankbe_part57f_v2.c:52:3: warning: label 'L_D7F7_M0X0' defined but not used [-Wunused-label]
   52 |   L_D7F7_M0X0:
      |   ^~~~~~~~~~~
D:/l4t/DKC3Recomp/generated/snesrecomp/bankbe_part58e_v2.c: In function 'CODE_BED8E7_M0X0':
D:/l4t/DKC3Recomp/generated/snesrecomp/bankbe_part58e_v2.c:49:3: warning: label 'L_D8E7_M0X0' defined but not used [-Wunused-label]
   49 |   L_D8E7_M0X0:
      |   ^~~~~~~~~~~
D:/l4t/DKC3Recomp/generated/snesrecomp/bankbe_part590_v2.c: In function 'CODE_BED907_M0X0':
D:/l4t/DKC3Recomp/generated/snesrecomp/bankbe_part590_v2.c:49:3: warning: label 'L_D907_M0X0' defined but not used [-Wunused-label]
   49 |   L_D907_M0X0:
      |   ^~~~~~~~~~~
D:/l4t/DKC3Recomp/generated/snesrecomp/bankbe_part599_v2.c: In function 'CODE_BED993_M0X0':
D:/l4t/DKC3Recomp/generated/snesrecomp/bankbe_part599_v2.c:50:3: warning: label 'L_D993_M0X0' defined but not used [-Wunused-label]
   50 |   L_D993_M0X0:
      |   ^~~~~~~~~~~
D:/l4t/DKC3Recomp/generated/snesrecomp/bankbe_part599_v2.c: In function 'CODE_BED99E_M0X0':
D:/l4t/DKC3Recomp/generated/snesrecomp/bankbe_part599_v2.c:173:3: warning: label 'L_D99E_M0X0' defined but not used [-Wunused-label]
  173 |   L_D99E_M0X0:
      |   ^~~~~~~~~~~
D:/l4t/DKC3Recomp/generated/snesrecomp/bankbe_part5a2_v2.c: In function 'CODE_BEDA25_M0X0':
D:/l4t/DKC3Recomp/generated/snesrecomp/bankbe_part5a2_v2.c:49:3: warning: label 'L_DA25_M0X0' defined but not used [-Wunused-label]
   49 |   L_DA25_M0X0:
      |   ^~~~~~~~~~~
D:/l4t/DKC3Recomp/generated/snesrecomp/bankbe_part5bb_v2.c: In function 'CODE_BEDBBC_M0X0':
D:/l4t/DKC3Recomp/generated/snesrecomp/bankbe_part5bb_v2.c:49:3: warning: label 'L_DBBC_M0X0' defined but not used [-Wunused-label]
   49 |   L_DBBC_M0X0:
      |   ^~~~~~~~~~~
D:/l4t/DKC3Recomp/generated/snesrecomp/bankbe_part5c0_v2.c: In function 'checkpoint_barrel_main_M0X0':
D:/l4t/DKC3Recomp/generated/snesrecomp/bankbe_part5c0_v2.c:51:3: warning: label 'L_DC07_M0X0' defined but not used [-Wunused-label]
   51 |   L_DC07_M0X0:
      |   ^~~~~~~~~~~
D:/l4t/DKC3Recomp/generated/snesrecomp/bankbe_part5c1_v2.c: In function 'CODE_BEDC12_M0X0':
D:/l4t/DKC3Recomp/generated/snesrecomp/bankbe_part5c1_v2.c:51:3: warning: label 'L_DC12_M0X0' defined but not used [-Wunused-label]
   51 |   L_DC12_M0X0:
      |   ^~~~~~~~~~~
D:/l4t/DKC3Recomp/generated/snesrecomp/bankbe_part5c2_v2.c: In function 'CODE_BEDC22_M0X0':
D:/l4t/DKC3Recomp/generated/snesrecomp/bankbe_part5c2_v2.c:50:3: warning: label 'L_DC22_M0X0' defined but not used [-Wunused-label]
   50 |   L_DC22_M0X0:
      |   ^~~~~~~~~~~
D:/l4t/DKC3Recomp/generated/snesrecomp/bankbe_part5cb_v2.c: In function 'CODE_BEDCBF_M0X0':
D:/l4t/DKC3Recomp/generated/snesrecomp/bankbe_part5cb_v2.c:50:3: warning: label 'L_DCBF_M0X0' defined but not used [-Wunused-label]
   50 |   L_DCBF_M0X0:
      |   ^~~~~~~~~~~
D:/l4t/DKC3Recomp/generated/snesrecomp/bankbe_part5cd_v2.c: In function 'CODE_BEDCDA_M0X0':
D:/l4t/DKC3Recomp/generated/snesrecomp/bankbe_part5cd_v2.c:49:3: warning: label 'L_DCDA_M0X0' defined but not used [-Wunused-label]
   49 |   L_DCDA_M0X0:
      |   ^~~~~~~~~~~
D:/l4t/DKC3Recomp/generated/snesrecomp/bankbe_part5d3_v2.c: In function 'CODE_BEDD39_M0X0':
D:/l4t/DKC3Recomp/generated/snesrecomp/bankbe_part5d3_v2.c:49:3: warning: label 'L_DD39_M0X0' defined but not used [-Wunused-label]
   49 |   L_DD39_M0X0:
      |   ^~~~~~~~~~~
D:/l4t/DKC3Recomp/generated/snesrecomp/bankbe_part5d6_v2.c: In function 'rocket_main_M0X0':
D:/l4t/DKC3Recomp/generated/snesrecomp/bankbe_part5d6_v2.c:53:3: warning: label 'L_DD61_M0X0' defined but not used [-Wunused-label]
   53 |   L_DD61_M0X0:
      |   ^~~~~~~~~~~
D:/l4t/DKC3Recomp/generated/snesrecomp/bankbe_part5d9_v2.c: In function 'CODE_BEDD9B_M0X0':
D:/l4t/DKC3Recomp/generated/snesrecomp/bankbe_part5d9_v2.c:50:3: warning: label 'L_DD9B_M0X0' defined but not used [-Wunused-label]
   50 |   L_DD9B_M0X0:
      |   ^~~~~~~~~~~
D:/l4t/DKC3Recomp/generated/snesrecomp/bankbe_part5e4_v2.c: In function 'CODE_BEDE40_M0X0':
D:/l4t/DKC3Recomp/generated/snesrecomp/bankbe_part5e4_v2.c:50:3: warning: label 'L_DE40_M0X0' defined but not used [-Wunused-label]
   50 |   L_DE40_M0X0:
      |   ^~~~~~~~~~~
D:/l4t/DKC3Recomp/generated/snesrecomp/bankbe_part5e6_v2.c: In function 'CODE_BEDE6C_M0X0':
D:/l4t/DKC3Recomp/generated/snesrecomp/bankbe_part5e6_v2.c:50:3: warning: label 'L_DE6C_M0X0' defined but not used [-Wunused-label]
   50 |   L_DE6C_M0X0:
      |   ^~~~~~~~~~~
D:/l4t/DKC3Recomp/generated/snesrecomp/bankbe_part5ec_v2.c: In function 'CODE_BEDEC0_M0X0':
D:/l4t/DKC3Recomp/generated/snesrecomp/bankbe_part5ec_v2.c:49:3: warning: label 'L_DEC0_M0X0' defined but not used [-Wunused-label]
   49 |   L_DEC0_M0X0:
      |   ^~~~~~~~~~~
D:/l4t/DKC3Recomp/generated/snesrecomp/bankbe_part5f7_v2.c: In function 'rocket_flame_main_M0X0':
D:/l4t/DKC3Recomp/generated/snesrecomp/bankbe_part5f7_v2.c:49:3: warning: label 'L_DF72_M0X0' defined but not used [-Wunused-label]
   49 |   L_DF72_M0X0:
      |   ^~~~~~~~~~~
D:/l4t/DKC3Recomp/generated/snesrecomp/bankbe_part5fc_v2.c: In function 'CODE_BEDFC2_M0X0':
D:/l4t/DKC3Recomp/generated/snesrecomp/bankbe_part5fc_v2.c:50:3: warning: label 'L_DFC2_M0X0' defined but not used [-Wunused-label]
   50 |   L_DFC2_M0X0:
      |   ^~~~~~~~~~~
D:/l4t/DKC3Recomp/generated/snesrecomp/bankbe_part602_v2.c: In function 'CODE_BEE02B_M0X0':
D:/l4t/DKC3Recomp/generated/snesrecomp/bankbe_part602_v2.c:49:3: warning: label 'L_E02B_M0X0' defined but not used [-Wunused-label]
   49 |   L_E02B_M0X0:
      |   ^~~~~~~~~~~
D:/l4t/DKC3Recomp/generated/snesrecomp/bankbe_part605_v2.c: In function 'CODE_BEE05D_M0X0':
D:/l4t/DKC3Recomp/generated/snesrecomp/bankbe_part605_v2.c:49:3: warning: label 'L_E05D_M0X0' defined but not used [-Wunused-label]
   49 |   L_E05D_M0X0:
      |   ^~~~~~~~~~~
D:/l4t/DKC3Recomp/generated/snesrecomp/bankbe_part608_v2.c: In function 'rocket_eyes_main_M0X0':
D:/l4t/DKC3Recomp/generated/snesrecomp/bankbe_part608_v2.c:51:3: warning: label 'L_E086_M0X0' defined but not used [-Wunused-label]
   51 |   L_E086_M0X0:
      |   ^~~~~~~~~~~
D:/l4t/DKC3Recomp/generated/snesrecomp/bankbe_part609_v2.c: In function 'CODE_BEE093_M0X0':
D:/l4t/DKC3Recomp/generated/snesrecomp/bankbe_part609_v2.c:50:3: warning: label 'L_E093_M0X0' defined but not used [-Wunused-label]
   50 |   L_E093_M0X0:
      |   ^~~~~~~~~~~
D:/l4t/DKC3Recomp/generated/snesrecomp/bankbe_part60b_v2.c: In function 'CODE_BEE0B6_M0X0':
D:/l4t/DKC3Recomp/generated/snesrecomp/bankbe_part60b_v2.c:49:3: warning: label 'L_E0B6_M0X0' defined but not used [-Wunused-label]
   49 |   L_E0B6_M0X0:
      |   ^~~~~~~~~~~
D:/l4t/DKC3Recomp/generated/snesrecomp/bankbe_part60e_v2.c: In function 'fuel_can_main_M0X0':
D:/l4t/DKC3Recomp/generated/snesrecomp/bankbe_part60e_v2.c:51:3: warning: label 'L_E0E3_M0X0' defined but not used [-Wunused-label]
   51 |   L_E0E3_M0X0:
      |   ^~~~~~~~~~~
D:/l4t/DKC3Recomp/generated/snesrecomp/bankbe_part60f_v2.c: In function 'CODE_BEE0F1_M0X0':
D:/l4t/DKC3Recomp/generated/snesrecomp/bankbe_part60f_v2.c:50:3: warning: label 'L_E0F1_M0X0' defined but not used [-Wunused-label]
   50 |   L_E0F1_M0X0:
      |   ^~~~~~~~~~~
D:/l4t/DKC3Recomp/generated/snesrecomp/bankbe_part610_v2.c: In function 'CODE_BEE10F_M0X0':
D:/l4t/DKC3Recomp/generated/snesrecomp/bankbe_part610_v2.c:50:3: warning: label 'L_E10F_M0X0' defined but not used [-Wunused-label]
   50 |   L_E10F_M0X0:
      |   ^~~~~~~~~~~
D:/l4t/DKC3Recomp/generated/snesrecomp/bankbe_part614_v2.c: In function 'CODE_BEE14A_M0X0':
D:/l4t/DKC3Recomp/generated/snesrecomp/bankbe_part614_v2.c:50:3: warning: label 'L_E14A_M0X0' defined but not used [-Wunused-label]
   50 |   L_E14A_M0X0:
      |   ^~~~~~~~~~~
D:/l4t/DKC3Recomp/generated/snesrecomp/bankbe_part618_v2.c: In function 'vertical_autoscroll_main_M0X0':
D:/l4t/DKC3Recomp/generated/snesrecomp/bankbe_part618_v2.c:49:3: warning: label 'L_E189_M0X0' defined but not used [-Wunused-label]
   49 |   L_E189_M0X0:
      |   ^~~~~~~~~~~
D:/l4t/DKC3Recomp/generated/snesrecomp/bankbe_part62c_v2.c: In function 'waterfall_barrel_spawner_main_M0X0':
D:/l4t/DKC3Recomp/generated/snesrecomp/bankbe_part62c_v2.c:51:3: warning: label 'L_E2C7_M0X0' defined but not used [-Wunused-label]
   51 |   L_E2C7_M0X0:
      |   ^~~~~~~~~~~
D:/l4t/DKC3Recomp/generated/snesrecomp/bankbe_part62c_v2.c: In function 'CODE_BEE2CE_M0X0':
D:/l4t/DKC3Recomp/generated/snesrecomp/bankbe_part62c_v2.c:129:3: warning: label 'L_E2CE_M0X0' defined but not used [-Wunused-label]
  129 |   L_E2CE_M0X0:
      |   ^~~~~~~~~~~
D:/l4t/DKC3Recomp/generated/snesrecomp/bankbe_part631_v2.c: In function 'CODE_BEE31C_M0X0':
D:/l4t/DKC3Recomp/generated/snesrecomp/bankbe_part631_v2.c:49:3: warning: label 'L_E31C_M0X0' defined but not used [-Wunused-label]
   49 |   L_E31C_M0X0:
      |   ^~~~~~~~~~~
D:/l4t/DKC3Recomp/generated/snesrecomp/bankbe_part63c_v2.c: In function 'CODE_BEE3C9_M0X0':
D:/l4t/DKC3Recomp/generated/snesrecomp/bankbe_part63c_v2.c:49:3: warning: label 'L_E3C9_M0X0' defined but not used [-Wunused-label]
   49 |   L_E3C9_M0X0:
      |   ^~~~~~~~~~~
D:/l4t/DKC3Recomp/generated/snesrecomp/bankbe_part64a_v2.c: In function 'CODE_BEE4A5_M0X0':
D:/l4t/DKC3Recomp/generated/snesrecomp/bankbe_part64a_v2.c:49:3: warning: label 'L_E4A5_M0X0' defined but not used [-Wunused-label]
   49 |   L_E4A5_M0X0:
      |   ^~~~~~~~~~~
D:/l4t/DKC3Recomp/generated/snesrecomp/bankbe_part658_v2.c: In function 'waterfall_barrel_main_M0X0':
D:/l4t/DKC3Recomp/generated/snesrecomp/bankbe_part658_v2.c:50:3: warning: label 'L_E58C_M0X0' defined but not used [-Wunused-label]
   50 |   L_E58C_M0X0:
      |   ^~~~~~~~~~~
D:/l4t/DKC3Recomp/generated/snesrecomp/bankbe_part659_v2.c: In function 'CODE_BEE593_M0X0':
D:/l4t/DKC3Recomp/generated/snesrecomp/bankbe_part659_v2.c:49:3: warning: label 'L_E593_M0X0' defined but not used [-Wunused-label]
   49 |   L_E593_M0X0:
      |   ^~~~~~~~~~~
D:/l4t/DKC3Recomp/generated/snesrecomp/bankbe_part660_v2.c: In function 'CODE_BEE60E_M0X0':
D:/l4t/DKC3Recomp/generated/snesrecomp/bankbe_part660_v2.c:50:3: warning: label 'L_E60E_M0X0' defined but not used [-Wunused-label]
   50 |   L_E60E_M0X0:
      |   ^~~~~~~~~~~
D:/l4t/DKC3Recomp/generated/snesrecomp/bankbe_part664_v2.c: In function 'barrel_respawner_main_M0X0':
D:/l4t/DKC3Recomp/generated/snesrecomp/bankbe_part664_v2.c:50:3: warning: label 'L_E64F_M0X0' defined but not used [-Wunused-label]
   50 |   L_E64F_M0X0:
      |   ^~~~~~~~~~~
D:/l4t/DKC3Recomp/generated/snesrecomp/bankbe_part665_v2.c: In function 'barrel_respawner_main_init_M0X0':
D:/l4t/DKC3Recomp/generated/snesrecomp/bankbe_part665_v2.c:49:3: warning: label 'L_E656_M0X0' defined but not used [-Wunused-label]
   49 |   L_E656_M0X0:
      |   ^~~~~~~~~~~
D:/l4t/DKC3Recomp/generated/snesrecomp/bankbe_part668_v2.c: In function 'CODE_BEE682_M0X0':
D:/l4t/DKC3Recomp/generated/snesrecomp/bankbe_part668_v2.c:49:3: warning: label 'L_E682_M0X0' defined but not used [-Wunused-label]
   49 |   L_E682_M0X0:
      |   ^~~~~~~~~~~
D:/l4t/DKC3Recomp/generated/snesrecomp/bankbe_part67a_v2.c: In function 'CODE_BEE7A1_M0X0':
D:/l4t/DKC3Recomp/generated/snesrecomp/bankbe_part67a_v2.c:49:3: warning: label 'L_E7A1_M0X0' defined but not used [-Wunused-label]
   49 |   L_E7A1_M0X0:
      |   ^~~~~~~~~~~
D:/l4t/DKC3Recomp/generated/snesrecomp/bankbe_part683_v2.c: In function 'CODE_BEE83D_M0X0':
D:/l4t/DKC3Recomp/generated/snesrecomp/bankbe_part683_v2.c:50:3: warning: label 'L_E83D_M0X0' defined but not used [-Wunused-label]
   50 |   L_E83D_M0X0:
      |   ^~~~~~~~~~~
D:/l4t/DKC3Recomp/generated/snesrecomp/bankbe_part684_v2.c: In function 'unknown_sprite_0174_main_M0X0':
D:/l4t/DKC3Recomp/generated/snesrecomp/bankbe_part684_v2.c:53:3: warning: label 'L_E844_M0X0' defined but not used [-Wunused-label]
   53 |   L_E844_M0X0:
      |   ^~~~~~~~~~~
D:/l4t/DKC3Recomp/generated/snesrecomp/bankbe_part685_v2.c: In function 'unknown_sprite_0174_main_state_0_M0X0':
D:/l4t/DKC3Recomp/generated/snesrecomp/bankbe_part685_v2.c:50:3: warning: label 'L_E85E_M0X0' defined but not used [-Wunused-label]
   50 |   L_E85E_M0X0:
      |   ^~~~~~~~~~~
D:/l4t/DKC3Recomp/generated/snesrecomp/bankbe_part687_v2.c: In function 'unknown_sprite_0174_main_state_1_M0X0':
D:/l4t/DKC3Recomp/generated/snesrecomp/bankbe_part687_v2.c:50:3: warning: label 'L_E879_M0X0' defined but not used [-Wunused-label]
   50 |   L_E879_M0X0:
      |   ^~~~~~~~~~~
D:/l4t/DKC3Recomp/generated/snesrecomp/bankbe_part689_v2.c: In function 'unknown_sprite_0174_main_state_2_M0X0':
D:/l4t/DKC3Recomp/generated/snesrecomp/bankbe_part689_v2.c:51:3: warning: label 'L_E894_M0X0' defined but not used [-Wunused-label]
   51 |   L_E894_M0X0:
      |   ^~~~~~~~~~~
D:/l4t/DKC3Recomp/generated/snesrecomp/bankbe_part68f_v2.c: In function 'CODE_BEE8FA_M0X0':
D:/l4t/DKC3Recomp/generated/snesrecomp/bankbe_part68f_v2.c:49:3: warning: label 'L_E8FA_M0X0' defined but not used [-Wunused-label]
   49 |   L_E8FA_M0X0:
      |   ^~~~~~~~~~~
D:/l4t/DKC3Recomp/generated/snesrecomp/bankbf_v2.c: In function 'CODE_BFF000_M0X0':
D:/l4t/DKC3Recomp/generated/snesrecomp/bankbf_v2.c:56:3: warning: label 'L_F000_M0X0' defined but not used [-Wunused-label]
   56 |   L_F000_M0X0:
      |   ^~~~~~~~~~~
D:/l4t/DKC3Recomp/generated/snesrecomp/bankbf_v2.c: In function 'CODE_BFF006_M0X0':
D:/l4t/DKC3Recomp/generated/snesrecomp/bankbf_v2.c:354:3: warning: label 'L_F006_M0X0' defined but not used [-Wunused-label]
  354 |   L_F006_M0X0:
      |   ^~~~~~~~~~~
D:/l4t/DKC3Recomp/generated/snesrecomp/bankbf_v2.c: In function 'CODE_BFF009_M0X0':
D:/l4t/DKC3Recomp/generated/snesrecomp/bankbf_v2.c:597:3: warning: label 'L_F009_M0X0' defined but not used [-Wunused-label]
  597 |   L_F009_M0X0:
      |   ^~~~~~~~~~~
D:/l4t/DKC3Recomp/runner/sdl_main.c:93:21: warning: 'kDisplayTickTimeoutSeconds' defined but not used [-Wunused-const-variable=]
   93 | static const double kDisplayTickTimeoutSeconds = 0.05;
      |                     ^~~~~~~~~~~~~~~~~~~~~~~~~~
D:/l4t/DKC3Recomp/runner/sdl_main.c:92:21: warning: 'kDisplayLockTolerance' defined but not used [-Wunused-const-variable=]
   92 | static const double kDisplayLockTolerance = 0.02;
      |                     ^~~~~~~~~~~~~~~~~~~~~
D:/l4t/DKC3Recomp/snesrecomp/runner/src/common_rtl.c:742:12: warning: '_writereg_dma_count' defined but not used [-Wunused-variable]
  742 | static int _writereg_dma_count = 0;
      |            ^~~~~~~~~~~~~~~~~~~
D:/l4t/DKC3Recomp/snesrecomp/runner/src/common_rtl.c:741:12: warning: '_writereg_ppu_count' defined but not used [-Wunused-variable]
  741 | static int _writereg_ppu_count = 0;
      |            ^~~~~~~~~~~~~~~~~~~
In file included from D:/l4t/DKC3Recomp/snesrecomp/runner/src/common_rtl.c:1:
In function 'IndirPtr',
    inlined from 'IndirPtr_Slow' at D:/l4t/DKC3Recomp/snesrecomp/runner/src/common_rtl.c:896:10:
D:/l4t/DKC3Recomp/snesrecomp/runner/src/common_rtl.h:182:15: warning: array subscript 'uint32 {aka unsigned int}[0]' is partly outside array bounds of 'LongPtr[1]' [-Warray-bounds=]
  182 |   uint32 a = (*(uint32 *)&ptr & 0xffffff) + offs;
      |               ^~~~~~~~~~~~~~~
D:/l4t/DKC3Recomp/snesrecomp/runner/src/common_rtl.c: In function 'IndirPtr_Slow':
D:/l4t/DKC3Recomp/snesrecomp/runner/src/common_rtl.c:895:8: note: object 'ptr' of size 3
  895 | uint8 *IndirPtr_Slow(LongPtr ptr, uint16 offs) {
      |        ^~~~~~~~~~~~~
D:/l4t/DKC3Recomp/snesrecomp/runner/src/util.c: In function 'ApplyBps':
D:/l4t/DKC3Recomp/snesrecomp/runner/src/util.c:288:10: warning: unused variable 'meta_size' [-Wunused-variable]
  288 |   uint32 meta_size = BpsDecodeInt(&bps);
      |          ^~~~~~~~~
D:/l4t/DKC3Recomp/snesrecomp/runner/src/snes/dma.c:33:18: warning: 'transferLength' defined but not used [-Wunused-const-variable=]
   33 | static const int transferLength[8] = {
      |                  ^~~~~~~~~~~~~~
D:/l4t/DKC3Recomp/snesrecomp/runner/src/snes/snes.c: In function 'snes_writeBBus':
D:/l4t/DKC3Recomp/snesrecomp/runner/src/snes/snes.c:229:15: warning: unused variable 'old' [-Wunused-variable]
  229 |       uint8_t old = snes->ram[wa];
      |               ^~~
D:/l4t/DKC3Recomp/snesrecomp/runner/src/snes/snes.c: In function 'snes_read':
D:/l4t/DKC3Recomp/snesrecomp/runner/src/snes/snes.c:514:22: warning: suggest parentheses around '&&' within '||' [-Wparentheses]
  514 |     if(adr >= 0x4200 && adr < 0x4220 || adr >= 0x4218 && adr < 0x4220) {
      |        ~~~~~~~~~~~~~~^~~~~~~~~~~~~~~
D:/l4t/DKC3Recomp/snesrecomp/runner/src/snes/snes.c: In function 'snes_write':
D:/l4t/DKC3Recomp/snesrecomp/runner/src/snes/snes.c:530:13: warning: unused variable 'old' [-Wunused-variable]
  530 |     uint8_t old = snes->ram[addr];
      |             ^~~
D:/l4t/DKC3Recomp/snesrecomp/runner/src/snes/snes.c:542:15: warning: unused variable 'old' [-Wunused-variable]
  542 |       uint8_t old = snes->ram[adr];
      |               ^~~
D:/l4t/DKC3Recomp/snesrecomp/runner/src/snes/snes.c: At top level:
D:/l4t/DKC3Recomp/snesrecomp/runner/src/snes/snes.c:24:21: warning: 'apuCyclesPerMaster' defined but not used [-Wunused-const-variable=]
   24 | static const double apuCyclesPerMaster = (32040 * 32) / (1364 * 262 * 60.0);
      |                     ^~~~~~~~~~~~~~~~~~
In file included from D:/l4t/DKC3Recomp/patched-runtime/common_cpu_infra.c:4:
In function 'IndirPtr',
    inlined from 'IndirPtrDB' at D:/l4t/DKC3Recomp/patched-runtime/common_cpu_infra.c:89:10:
D:/l4t/DKC3Recomp/snesrecomp/runner/src/common_rtl.h:182:15: warning: array subscript 'uint32 {aka unsigned int}[0]' is partly outside array bounds of 'LongPtr[1]' [-Warray-bounds=]
  182 |   uint32 a = (*(uint32 *)&ptr & 0xffffff) + offs;
      |               ^~~~~~~~~~~~~~~
D:/l4t/DKC3Recomp/patched-runtime/common_cpu_infra.c: In function 'IndirPtrDB':
D:/l4t/DKC3Recomp/patched-runtime/common_cpu_infra.c:86:10: note: object 'ptr' of size 3
   86 | uint8_t *IndirPtrDB(uint8 dp_addr, uint16 offs) {
      |          ^~~~~~~~~~
D:/l4t/DKC3Recomp/patched-runtime/ppu.c: In function 'ClearBackdrop':
D:/l4t/DKC3Recomp/patched-runtime/ppu.c:477:6: warning: dereferencing type-punned pointer will break strict-aliasing rules [-Wstrict-aliasing]
  477 |     *(uint64*)&buf->data[i] = 0x0500050005000500;
      |      ^~~~~~~~~~~~~~~~~~~~~~
D:/l4t/DKC3Recomp/patched-runtime/ppu.c: In function 'PpuDrawBackground_4bpp':
D:/l4t/DKC3Recomp/patched-runtime/ppu.c:911:24: warning: suggest parentheses around '+' in operand of '&' [-Wparentheses]
  911 |     &ppu->vram[sc_offs + (PPU_bgTilemapWider(ppu, layer) ? 0x400 : 0) & 0x7fff]
      |                ~~~~~~~~^~~~~~~~~~~~~~~~~~~~~~~~~~~~~~~~~~~~~~~~~~~~~~
D:/l4t/DKC3Recomp/patched-runtime/ppu.c: In function 'PpuDrawBackground_2bpp':
D:/l4t/DKC3Recomp/patched-runtime/ppu.c:1491:24: warning: suggest parentheses around '+' in operand of '&' [-Wparentheses]
 1491 |     &ppu->vram[sc_offs + (PPU_bgTilemapWider(ppu, layer) ? 0x400 : 0) & 0x7fff]
      |                ~~~~~~~~^~~~~~~~~~~~~~~~~~~~~~~~~~~~~~~~~~~~~~~~~~~~~~
D:/l4t/DKC3Recomp/patched-runtime/ppu.c:1449:53: warning: suggest parentheses around '+' in operand of '&' [-Wparentheses]
 1449 | #define READ_BITS(ta, tile) (addr = &ppu->vram[(ta) + (tile) * 8 & 0x7fff], addr[0])
      |                                                ~~~~~^~~~~~~~~~~~
D:/l4t/DKC3Recomp/patched-runtime/ppu.c:1542:23: note: in expansion of macro 'READ_BITS'
 1542 |         uint32 bits = READ_BITS(ta, tile & 0x3ff);
      |                       ^~~~~~~~~
D:/l4t/DKC3Recomp/patched-runtime/ppu.c:1444:23: warning: suggest parentheses around arithmetic in operand of '|' [-Wparentheses]
 1444 |   pixel = (bits >> i) & 1 | (bits >> (7 + i)) & 2; \
      |           ~~~~~~~~~~~~^~~
D:/l4t/DKC3Recomp/patched-runtime/ppu.c:1547:16: note: in expansion of macro 'DO_PIXEL'
 1547 |             do DO_PIXEL(0); while (bits >>= 1, dstz++, --curw);
      |                ^~~~~~~~
D:/l4t/DKC3Recomp/patched-runtime/ppu.c:1447:29: warning: suggest parentheses around arithmetic in operand of '|' [-Wparentheses]
 1447 |   pixel = (bits >> (7 - i)) & 1 | (bits >> (14 - i)) & 2; \
      |           ~~~~~~~~~~~~~~~~~~^~~
D:/l4t/DKC3Recomp/patched-runtime/ppu.c:1550:16: note: in expansion of macro 'DO_PIXEL_HFLIP'
 1550 |             do DO_PIXEL_HFLIP(0); while (bits <<= 1, dstz++, --curw);
      |                ^~~~~~~~~~~~~~
D:/l4t/DKC3Recomp/patched-runtime/ppu.c:1449:53: warning: suggest parentheses around '+' in operand of '&' [-Wparentheses]
 1449 | #define READ_BITS(ta, tile) (addr = &ppu->vram[(ta) + (tile) * 8 & 0x7fff], addr[0])
      |                                                ~~~~~^~~~~~~~~~~~
D:/l4t/DKC3Recomp/patched-runtime/ppu.c:1576:21: note: in expansion of macro 'READ_BITS'
 1576 |       uint32 bits = READ_BITS(ta, tile & 0x3ff);
      |                     ^~~~~~~~~
D:/l4t/DKC3Recomp/patched-runtime/ppu.c:1444:23: warning: suggest parentheses around arithmetic in operand of '|' [-Wparentheses]
 1444 |   pixel = (bits >> i) & 1 | (bits >> (7 + i)) & 2; \
      |           ~~~~~~~~~~~~^~~
D:/l4t/DKC3Recomp/patched-runtime/ppu.c:1580:11: note: in expansion of macro 'DO_PIXEL'
 1580 |           DO_PIXEL(0); DO_PIXEL(1); DO_PIXEL(2); DO_PIXEL(3);
      |           ^~~~~~~~
D:/l4t/DKC3Recomp/patched-runtime/ppu.c:1444:23: warning: suggest parentheses around arithmetic in operand of '|' [-Wparentheses]
 1444 |   pixel = (bits >> i) & 1 | (bits >> (7 + i)) & 2; \
      |           ~~~~~~~~~~~~^~~
D:/l4t/DKC3Recomp/patched-runtime/ppu.c:1580:24: note: in expansion of macro 'DO_PIXEL'
 1580 |           DO_PIXEL(0); DO_PIXEL(1); DO_PIXEL(2); DO_PIXEL(3);
      |                        ^~~~~~~~
D:/l4t/DKC3Recomp/patched-runtime/ppu.c:1444:23: warning: suggest parentheses around arithmetic in operand of '|' [-Wparentheses]
 1444 |   pixel = (bits >> i) & 1 | (bits >> (7 + i)) & 2; \
      |           ~~~~~~~~~~~~^~~
D:/l4t/DKC3Recomp/patched-runtime/ppu.c:1580:37: note: in expansion of macro 'DO_PIXEL'
 1580 |           DO_PIXEL(0); DO_PIXEL(1); DO_PIXEL(2); DO_PIXEL(3);
      |                                     ^~~~~~~~
D:/l4t/DKC3Recomp/patched-runtime/ppu.c:1444:23: warning: suggest parentheses around arithmetic in operand of '|' [-Wparentheses]
 1444 |   pixel = (bits >> i) & 1 | (bits >> (7 + i)) & 2; \
      |           ~~~~~~~~~~~~^~~
D:/l4t/DKC3Recomp/patched-runtime/ppu.c:1580:50: note: in expansion of macro 'DO_PIXEL'
 1580 |           DO_PIXEL(0); DO_PIXEL(1); DO_PIXEL(2); DO_PIXEL(3);
      |                                                  ^~~~~~~~
D:/l4t/DKC3Recomp/patched-runtime/ppu.c:1444:23: warning: suggest parentheses around arithmetic in operand of '|' [-Wparentheses]
 1444 |   pixel = (bits >> i) & 1 | (bits >> (7 + i)) & 2; \
      |           ~~~~~~~~~~~~^~~
D:/l4t/DKC3Recomp/patched-runtime/ppu.c:1581:11: note: in expansion of macro 'DO_PIXEL'
 1581 |           DO_PIXEL(4); DO_PIXEL(5); DO_PIXEL(6); DO_PIXEL(7);
      |           ^~~~~~~~
D:/l4t/DKC3Recomp/patched-runtime/ppu.c:1444:23: warning: suggest parentheses around arithmetic in operand of '|' [-Wparentheses]
 1444 |   pixel = (bits >> i) & 1 | (bits >> (7 + i)) & 2; \
      |           ~~~~~~~~~~~~^~~
D:/l4t/DKC3Recomp/patched-runtime/ppu.c:1581:24: note: in expansion of macro 'DO_PIXEL'
 1581 |           DO_PIXEL(4); DO_PIXEL(5); DO_PIXEL(6); DO_PIXEL(7);
      |                        ^~~~~~~~
D:/l4t/DKC3Recomp/patched-runtime/ppu.c:1444:23: warning: suggest parentheses around arithmetic in operand of '|' [-Wparentheses]
 1444 |   pixel = (bits >> i) & 1 | (bits >> (7 + i)) & 2; \
      |           ~~~~~~~~~~~~^~~
D:/l4t/DKC3Recomp/patched-runtime/ppu.c:1581:37: note: in expansion of macro 'DO_PIXEL'
 1581 |           DO_PIXEL(4); DO_PIXEL(5); DO_PIXEL(6); DO_PIXEL(7);
      |                                     ^~~~~~~~
D:/l4t/DKC3Recomp/patched-runtime/ppu.c:1444:23: warning: suggest parentheses around arithmetic in operand of '|' [-Wparentheses]
 1444 |   pixel = (bits >> i) & 1 | (bits >> (7 + i)) & 2; \
      |           ~~~~~~~~~~~~^~~
D:/l4t/DKC3Recomp/patched-runtime/ppu.c:1581:50: note: in expansion of macro 'DO_PIXEL'
 1581 |           DO_PIXEL(4); DO_PIXEL(5); DO_PIXEL(6); DO_PIXEL(7);
      |                                                  ^~~~~~~~
D:/l4t/DKC3Recomp/patched-runtime/ppu.c:1447:29: warning: suggest parentheses around arithmetic in operand of '|' [-Wparentheses]
 1447 |   pixel = (bits >> (7 - i)) & 1 | (bits >> (14 - i)) & 2; \
      |           ~~~~~~~~~~~~~~~~~~^~~
D:/l4t/DKC3Recomp/patched-runtime/ppu.c:1583:11: note: in expansion of macro 'DO_PIXEL_HFLIP'
 1583 |           DO_PIXEL_HFLIP(0); DO_PIXEL_HFLIP(1); DO_PIXEL_HFLIP(2); DO_PIXEL_HFLIP(3);
      |           ^~~~~~~~~~~~~~
D:/l4t/DKC3Recomp/patched-runtime/ppu.c:1447:29: warning: suggest parentheses around arithmetic in operand of '|' [-Wparentheses]
 1447 |   pixel = (bits >> (7 - i)) & 1 | (bits >> (14 - i)) & 2; \
      |           ~~~~~~~~~~~~~~~~~~^~~
D:/l4t/DKC3Recomp/patched-runtime/ppu.c:1583:30: note: in expansion of macro 'DO_PIXEL_HFLIP'
 1583 |           DO_PIXEL_HFLIP(0); DO_PIXEL_HFLIP(1); DO_PIXEL_HFLIP(2); DO_PIXEL_HFLIP(3);
      |                              ^~~~~~~~~~~~~~
D:/l4t/DKC3Recomp/patched-runtime/ppu.c:1447:29: warning: suggest parentheses around arithmetic in operand of '|' [-Wparentheses]
 1447 |   pixel = (bits >> (7 - i)) & 1 | (bits >> (14 - i)) & 2; \
      |           ~~~~~~~~~~~~~~~~~~^~~
D:/l4t/DKC3Recomp/patched-runtime/ppu.c:1583:49: note: in expansion of macro 'DO_PIXEL_HFLIP'
 1583 |           DO_PIXEL_HFLIP(0); DO_PIXEL_HFLIP(1); DO_PIXEL_HFLIP(2); DO_PIXEL_HFLIP(3);
      |                                                 ^~~~~~~~~~~~~~
D:/l4t/DKC3Recomp/patched-runtime/ppu.c:1447:29: warning: suggest parentheses around arithmetic in operand of '|' [-Wparentheses]
 1447 |   pixel = (bits >> (7 - i)) & 1 | (bits >> (14 - i)) & 2; \
      |           ~~~~~~~~~~~~~~~~~~^~~
D:/l4t/DKC3Recomp/patched-runtime/ppu.c:1583:68: note: in expansion of macro 'DO_PIXEL_HFLIP'
 1583 |           DO_PIXEL_HFLIP(0); DO_PIXEL_HFLIP(1); DO_PIXEL_HFLIP(2); DO_PIXEL_HFLIP(3);
      |                                                                    ^~~~~~~~~~~~~~
D:/l4t/DKC3Recomp/patched-runtime/ppu.c:1447:29: warning: suggest parentheses around arithmetic in operand of '|' [-Wparentheses]
 1447 |   pixel = (bits >> (7 - i)) & 1 | (bits >> (14 - i)) & 2; \
      |           ~~~~~~~~~~~~~~~~~~^~~
D:/l4t/DKC3Recomp/patched-runtime/ppu.c:1584:11: note: in expansion of macro 'DO_PIXEL_HFLIP'
 1584 |           DO_PIXEL_HFLIP(4); DO_PIXEL_HFLIP(5); DO_PIXEL_HFLIP(6); DO_PIXEL_HFLIP(7);
      |           ^~~~~~~~~~~~~~
D:/l4t/DKC3Recomp/patched-runtime/ppu.c:1447:29: warning: suggest parentheses around arithmetic in operand of '|' [-Wparentheses]
 1447 |   pixel = (bits >> (7 - i)) & 1 | (bits >> (14 - i)) & 2; \
      |           ~~~~~~~~~~~~~~~~~~^~~
D:/l4t/DKC3Recomp/patched-runtime/ppu.c:1584:30: note: in expansion of macro 'DO_PIXEL_HFLIP'
 1584 |           DO_PIXEL_HFLIP(4); DO_PIXEL_HFLIP(5); DO_PIXEL_HFLIP(6); DO_PIXEL_HFLIP(7);
      |                              ^~~~~~~~~~~~~~
D:/l4t/DKC3Recomp/patched-runtime/ppu.c:1447:29: warning: suggest parentheses around arithmetic in operand of '|' [-Wparentheses]
 1447 |   pixel = (bits >> (7 - i)) & 1 | (bits >> (14 - i)) & 2; \
      |           ~~~~~~~~~~~~~~~~~~^~~
D:/l4t/DKC3Recomp/patched-runtime/ppu.c:1584:49: note: in expansion of macro 'DO_PIXEL_HFLIP'
 1584 |           DO_PIXEL_HFLIP(4); DO_PIXEL_HFLIP(5); DO_PIXEL_HFLIP(6); DO_PIXEL_HFLIP(7);
      |                                                 ^~~~~~~~~~~~~~
D:/l4t/DKC3Recomp/patched-runtime/ppu.c:1447:29: warning: suggest parentheses around arithmetic in operand of '|' [-Wparentheses]
 1447 |   pixel = (bits >> (7 - i)) & 1 | (bits >> (14 - i)) & 2; \
      |           ~~~~~~~~~~~~~~~~~~^~~
D:/l4t/DKC3Recomp/patched-runtime/ppu.c:1584:68: note: in expansion of macro 'DO_PIXEL_HFLIP'
 1584 |           DO_PIXEL_HFLIP(4); DO_PIXEL_HFLIP(5); DO_PIXEL_HFLIP(6); DO_PIXEL_HFLIP(7);
      |                                                                    ^~~~~~~~~~~~~~
D:/l4t/DKC3Recomp/patched-runtime/ppu.c:1449:53: warning: suggest parentheses around '+' in operand of '&' [-Wparentheses]
 1449 | #define READ_BITS(ta, tile) (addr = &ppu->vram[(ta) + (tile) * 8 & 0x7fff], addr[0])
      |                                                ~~~~~^~~~~~~~~~~~
D:/l4t/DKC3Recomp/patched-runtime/ppu.c:1605:21: note: in expansion of macro 'READ_BITS'
 1605 |       uint32 bits = READ_BITS(ta, tile & 0x3ff);
      |                     ^~~~~~~~~
D:/l4t/DKC3Recomp/patched-runtime/ppu.c:1444:23: warning: suggest parentheses around arithmetic in operand of '|' [-Wparentheses]
 1444 |   pixel = (bits >> i) & 1 | (bits >> (7 + i)) & 2; \
      |           ~~~~~~~~~~~~^~~
D:/l4t/DKC3Recomp/patched-runtime/ppu.c:1609:14: note: in expansion of macro 'DO_PIXEL'
 1609 |           do DO_PIXEL(0); while (bits >>= 1, dstz++, --w);
      |              ^~~~~~~~
D:/l4t/DKC3Recomp/patched-runtime/ppu.c:1447:29: warning: suggest parentheses around arithmetic in operand of '|' [-Wparentheses]
 1447 |   pixel = (bits >> (7 - i)) & 1 | (bits >> (14 - i)) & 2; \
      |           ~~~~~~~~~~~~~~~~~~^~~
D:/l4t/DKC3Recomp/patched-runtime/ppu.c:1611:14: note: in expansion of macro 'DO_PIXEL_HFLIP'
 1611 |           do DO_PIXEL_HFLIP(0); while (bits <<= 1, dstz++, --w);
      |              ^~~~~~~~~~~~~~
D:/l4t/DKC3Recomp/patched-runtime/ppu.c: In function 'PpuDrawBackground_4bpp_mosaic':
D:/l4t/DKC3Recomp/patched-runtime/ppu.c:1648:24: warning: suggest parentheses around '+' in operand of '&' [-Wparentheses]
 1648 |     &ppu->vram[sc_offs + (PPU_bgTilemapWider(ppu, layer) ? 0x400 : 0) & 0x7fff]
      |                ~~~~~~~~^~~~~~~~~~~~~~~~~~~~~~~~~~~~~~~~~~~~~~~~~~~~~~
D:/l4t/DKC3Recomp/patched-runtime/ppu.c:1634:36: warning: suggest parentheses around arithmetic in operand of '|' [-Wparentheses]
 1634 | #define GET_PIXEL() pixel = (bits) & 1 | (bits >> 7) & 2 | (bits >> 14) & 4 | (bits >> 21) & 8
      |                             ~~~~~~~^~~
D:/l4t/DKC3Recomp/patched-runtime/ppu.c:1676:38: note: in expansion of macro 'GET_PIXEL'
 1676 |       if (tile & 0x4000) bits >>= x, GET_PIXEL(); else bits <<= x, GET_PIXEL_HFLIP();
      |                                      ^~~~~~~~~
D:/l4t/DKC3Recomp/patched-runtime/ppu.c:1634:73: warning: suggest parentheses around arithmetic in operand of '|' [-Wparentheses]
 1634 | #define GET_PIXEL() pixel = (bits) & 1 | (bits >> 7) & 2 | (bits >> 14) & 4 | (bits >> 21) & 8
      |                                                            ~~~~~~~~~~~~~^~~
D:/l4t/DKC3Recomp/patched-runtime/ppu.c:1676:38: note: in expansion of macro 'GET_PIXEL'
 1676 |       if (tile & 0x4000) bits >>= x, GET_PIXEL(); else bits <<= x, GET_PIXEL_HFLIP();
      |                                      ^~~~~~~~~
D:/l4t/DKC3Recomp/patched-runtime/ppu.c:1634:92: warning: suggest parentheses around arithmetic in operand of '|' [-Wparentheses]
 1634 | #define GET_PIXEL() pixel = (bits) & 1 | (bits >> 7) & 2 | (bits >> 14) & 4 | (bits >> 21) & 8
      |                                                                               ~~~~~~~~~~~~~^~~
D:/l4t/DKC3Recomp/patched-runtime/ppu.c:1676:38: note: in expansion of macro 'GET_PIXEL'
 1676 |       if (tile & 0x4000) bits >>= x, GET_PIXEL(); else bits <<= x, GET_PIXEL_HFLIP();
      |                                      ^~~~~~~~~
D:/l4t/DKC3Recomp/patched-runtime/ppu.c:1635:47: warning: suggest parentheses around arithmetic in operand of '|' [-Wparentheses]
 1635 | #define GET_PIXEL_HFLIP() pixel = (bits >> 7) & 1 | (bits >> 14) & 2 | (bits >> 21) & 4 | (bits >> 28) & 8
      |                                   ~~~~~~~~~~~~^~~
D:/l4t/DKC3Recomp/patched-runtime/ppu.c:1676:68: note: in expansion of macro 'GET_PIXEL_HFLIP'
 1676 |       if (tile & 0x4000) bits >>= x, GET_PIXEL(); else bits <<= x, GET_PIXEL_HFLIP();
      |                                                                    ^~~~~~~~~~~~~~~
D:/l4t/DKC3Recomp/patched-runtime/ppu.c:1635:85: warning: suggest parentheses around arithmetic in operand of '|' [-Wparentheses]
 1635 | #define GET_PIXEL_HFLIP() pixel = (bits >> 7) & 1 | (bits >> 14) & 2 | (bits >> 21) & 4 | (bits >> 28) & 8
      |                                                                        ~~~~~~~~~~~~~^~~
D:/l4t/DKC3Recomp/patched-runtime/ppu.c:1676:68: note: in expansion of macro 'GET_PIXEL_HFLIP'
 1676 |       if (tile & 0x4000) bits >>= x, GET_PIXEL(); else bits <<= x, GET_PIXEL_HFLIP();
      |                                                                    ^~~~~~~~~~~~~~~
D:/l4t/DKC3Recomp/patched-runtime/ppu.c:1635:104: warning: suggest parentheses around arithmetic in operand of '|' [-Wparentheses]
 1635 | #define GET_PIXEL_HFLIP() pixel = (bits >> 7) & 1 | (bits >> 14) & 2 | (bits >> 21) & 4 | (bits >> 28) & 8
      |                                                                                           ~~~~~~~~~~~~~^~~
D:/l4t/DKC3Recomp/patched-runtime/ppu.c:1676:68: note: in expansion of macro 'GET_PIXEL_HFLIP'
 1676 |       if (tile & 0x4000) bits >>= x, GET_PIXEL(); else bits <<= x, GET_PIXEL_HFLIP();
      |                                                                    ^~~~~~~~~~~~~~~
D:/l4t/DKC3Recomp/patched-runtime/ppu.c: In function 'PpuDrawBackground_2bpp_mosaic':
D:/l4t/DKC3Recomp/patched-runtime/ppu.c:2069:24: warning: suggest parentheses around '+' in operand of '&' [-Wparentheses]
 2069 |     &ppu->vram[sc_offs + (PPU_bgTilemapWider(ppu, layer) ? 0x400 : 0) & 0x7fff]
      |                ~~~~~~~~^~~~~~~~~~~~~~~~~~~~~~~~~~~~~~~~~~~~~~~~~~~~~~
D:/l4t/DKC3Recomp/patched-runtime/ppu.c:2055:36: warning: suggest parentheses around arithmetic in operand of '|' [-Wparentheses]
 2055 | #define GET_PIXEL() pixel = (bits) & 1 | (bits >> 7) & 2
      |                             ~~~~~~~^~~
D:/l4t/DKC3Recomp/patched-runtime/ppu.c:2092:38: note: in expansion of macro 'GET_PIXEL'
 2092 |       if (tile & 0x4000) bits >>= x, GET_PIXEL(); else bits <<= x, GET_PIXEL_HFLIP();
      |                                      ^~~~~~~~~
D:/l4t/DKC3Recomp/patched-runtime/ppu.c:2056:47: warning: suggest parentheses around arithmetic in operand of '|' [-Wparentheses]
 2056 | #define GET_PIXEL_HFLIP() pixel = (bits >> 7) & 1 | (bits >> 14) & 2
      |                                   ~~~~~~~~~~~~^~~
D:/l4t/DKC3Recomp/patched-runtime/ppu.c:2092:68: note: in expansion of macro 'GET_PIXEL_HFLIP'
 2092 |       if (tile & 0x4000) bits >>= x, GET_PIXEL(); else bits <<= x, GET_PIXEL_HFLIP();
      |                                                                    ^~~~~~~~~~~~~~~
D:/l4t/DKC3Recomp/patched-runtime/ppu.c: In function 'PpuDrawWholeLine':
D:/l4t/DKC3Recomp/patched-runtime/ppu.c:2496:76: warning: suggest parentheses around '&&' within '||' [-Wparentheses]
 2496 |       if (math_enabled_cur == 0 || fixed_color == 0 && !PPU_halfColor(ppu) && !rendered_subscreen) {
      |                                    ~~~~~~~~~~~~~~~~~~~~~~~~~~~~~~~~~~~~~~~~^~~~~~~~~~~~~~~~~~~~~~
D:/l4t/DKC3Recomp/patched-runtime/ppu.c:2540:81: warning: suggest parentheses around '&&' within '||' [-Wparentheses]
 2540 |     } else if (math_enabled_cur == 0 || fixed_color == 0 && !PPU_halfColor(ppu) && !rendered_subscreen) {
      |                                         ~~~~~~~~~~~~~~~~~~~~~~~~~~~~~~~~~~~~~~~~^~~~~~~~~~~~~~~~~~~~~~
D:/l4t/DKC3Recomp/patched-runtime/ppu.c:2472:75: warning: unused variable 'dst_org' [-Wunused-variable]
 2472 |   uint32 *dst = (uint32*)&ppu->renderBuffer[(y - 1) * ppu->renderPitch], *dst_org = dst;
      |                                                                           ^~~~~~~
D:/l4t/DKC3Recomp/patched-runtime/ppu.c: In function 'ppu_evaluateSprites':
D:/l4t/DKC3Recomp/patched-runtime/ppu.c:2785:33: warning: suggest parentheses around arithmetic in operand of '|' [-Wparentheses]
 2785 |         int pixel = (bits >> 0) & 1 | (bits >> 7) & 2 |
      |                     ~~~~~~~~~~~~^~~
D:/l4t/DKC3Recomp/patched-runtime/ppu.c:2786:34: warning: suggest parentheses around arithmetic in operand of '|' [-Wparentheses]
 2786 |                     (bits >> 14) & 4 | (bits >> 21) & 8;
      |                     ~~~~~~~~~~~~~^~~
D:/l4t/DKC3Recomp/patched-runtime/ppu.c:2786:53: warning: suggest parentheses around arithmetic in operand of '|' [-Wparentheses]
 2786 |                     (bits >> 14) & 4 | (bits >> 21) & 8;
      |                                        ~~~~~~~~~~~~~^~~
D:/l4t/DKC3Recomp/patched-runtime/ppu.c: In function 'ppu_write':
D:/l4t/DKC3Recomp/patched-runtime/ppu.c:2986:39: warning: suggest parentheses around arithmetic in operand of '|' [-Wparentheses]
 2986 |       ppu->bgTileAdr = ppu->bgTileAdr & 0xff00 | val;
      |                        ~~~~~~~~~~~~~~~^~~~~~~~
D:/l4t/DKC3Recomp/patched-runtime/ppu.c:2989:39: warning: suggest parentheses around arithmetic in operand of '|' [-Wparentheses]
 2989 |       ppu->bgTileAdr = ppu->bgTileAdr & 0xff | val << 8;
      |                        ~~~~~~~~~~~~~~~^~~~~~
D:/l4t/DKC3Recomp/patched-runtime/ppu.c:3108:39: warning: suggest parentheses around arithmetic in operand of '|' [-Wparentheses]
 3108 |       ppu->wbgobjlog = ppu->wbgobjlog & 0xff00 | val;
      |                        ~~~~~~~~~~~~~~~^~~~~~~~
D:/l4t/DKC3Recomp/patched-runtime/ppu.c:3111:39: warning: suggest parentheses around arithmetic in operand of '|' [-Wparentheses]
 3111 |       ppu->wbgobjlog = ppu->wbgobjlog & 0xff | val << 8;
      |                        ~~~~~~~~~~~~~~~^~~~~~
